-- MySQL dump 10.13  Distrib 5.7.22, for Linux (x86_64)
--
-- Host: localhost    Database: GitSpace
-- ------------------------------------------------------
-- Server version	5.7.22-0ubuntu0.16.04.1

/*!40101 SET @OLD_CHARACTER_SET_CLIENT=@@CHARACTER_SET_CLIENT */;
/*!40101 SET @OLD_CHARACTER_SET_RESULTS=@@CHARACTER_SET_RESULTS */;
/*!40101 SET @OLD_COLLATION_CONNECTION=@@COLLATION_CONNECTION */;
/*!40101 SET NAMES utf8 */;
/*!40103 SET @OLD_TIME_ZONE=@@TIME_ZONE */;
/*!40103 SET TIME_ZONE='+00:00' */;
/*!40014 SET @OLD_UNIQUE_CHECKS=@@UNIQUE_CHECKS, UNIQUE_CHECKS=0 */;
/*!40014 SET @OLD_FOREIGN_KEY_CHECKS=@@FOREIGN_KEY_CHECKS, FOREIGN_KEY_CHECKS=0 */;
/*!40101 SET @OLD_SQL_MODE=@@SQL_MODE, SQL_MODE='NO_AUTO_VALUE_ON_ZERO' */;
/*!40111 SET @OLD_SQL_NOTES=@@SQL_NOTES, SQL_NOTES=0 */;

--
-- Table structure for table `auth_group`
--

DROP TABLE IF EXISTS `auth_group`;
/*!40101 SET @saved_cs_client     = @@character_set_client */;
/*!40101 SET character_set_client = utf8 */;
CREATE TABLE `auth_group` (
  `id` int(11) NOT NULL AUTO_INCREMENT,
  `name` varchar(80) NOT NULL,
  PRIMARY KEY (`id`),
  UNIQUE KEY `name` (`name`)
) ENGINE=InnoDB DEFAULT CHARSET=utf8;
/*!40101 SET character_set_client = @saved_cs_client */;

--
-- Dumping data for table `auth_group`
--

LOCK TABLES `auth_group` WRITE;
/*!40000 ALTER TABLE `auth_group` DISABLE KEYS */;
/*!40000 ALTER TABLE `auth_group` ENABLE KEYS */;
UNLOCK TABLES;

--
-- Table structure for table `auth_group_permissions`
--

DROP TABLE IF EXISTS `auth_group_permissions`;
/*!40101 SET @saved_cs_client     = @@character_set_client */;
/*!40101 SET character_set_client = utf8 */;
CREATE TABLE `auth_group_permissions` (
  `id` int(11) NOT NULL AUTO_INCREMENT,
  `group_id` int(11) NOT NULL,
  `permission_id` int(11) NOT NULL,
  PRIMARY KEY (`id`),
  UNIQUE KEY `group_id` (`group_id`,`permission_id`),
  KEY `auth_group__permission_id_17eab8bcd0765a4e_fk_auth_permission_id` (`permission_id`),
  CONSTRAINT `auth_group__permission_id_17eab8bcd0765a4e_fk_auth_permission_id` FOREIGN KEY (`permission_id`) REFERENCES `auth_permission` (`id`),
  CONSTRAINT `auth_group_permissions_group_id_3c2ee974c76a0df_fk_auth_group_id` FOREIGN KEY (`group_id`) REFERENCES `auth_group` (`id`)
) ENGINE=InnoDB DEFAULT CHARSET=utf8;
/*!40101 SET character_set_client = @saved_cs_client */;

--
-- Dumping data for table `auth_group_permissions`
--

LOCK TABLES `auth_group_permissions` WRITE;
/*!40000 ALTER TABLE `auth_group_permissions` DISABLE KEYS */;
/*!40000 ALTER TABLE `auth_group_permissions` ENABLE KEYS */;
UNLOCK TABLES;

--
-- Table structure for table `auth_permission`
--

DROP TABLE IF EXISTS `auth_permission`;
/*!40101 SET @saved_cs_client     = @@character_set_client */;
/*!40101 SET character_set_client = utf8 */;
CREATE TABLE `auth_permission` (
  `id` int(11) NOT NULL AUTO_INCREMENT,
  `name` varchar(255) NOT NULL,
  `content_type_id` int(11) NOT NULL,
  `codename` varchar(100) NOT NULL,
  PRIMARY KEY (`id`),
  UNIQUE KEY `content_type_id` (`content_type_id`,`codename`),
  CONSTRAINT `auth__content_type_id_685848b6a29c0aff_fk_django_content_type_id` FOREIGN KEY (`content_type_id`) REFERENCES `django_content_type` (`id`)
) ENGINE=InnoDB AUTO_INCREMENT=67 DEFAULT CHARSET=utf8;
/*!40101 SET character_set_client = @saved_cs_client */;

--
-- Dumping data for table `auth_permission`
--

LOCK TABLES `auth_permission` WRITE;
/*!40000 ALTER TABLE `auth_permission` DISABLE KEYS */;
INSERT INTO `auth_permission` VALUES (1,'Can add log entry',1,'add_logentry'),(2,'Can change log entry',1,'change_logentry'),(3,'Can delete log entry',1,'delete_logentry'),(4,'Can add permission',2,'add_permission'),(5,'Can change permission',2,'change_permission'),(6,'Can delete permission',2,'delete_permission'),(7,'Can add group',3,'add_group'),(8,'Can change group',3,'change_group'),(9,'Can delete group',3,'delete_group'),(10,'Can add user',4,'add_user'),(11,'Can change user',4,'change_user'),(12,'Can delete user',4,'delete_user'),(13,'Can add content type',5,'add_contenttype'),(14,'Can change content type',5,'change_contenttype'),(15,'Can delete content type',5,'delete_contenttype'),(16,'Can add session',6,'add_session'),(17,'Can change session',6,'change_session'),(18,'Can delete session',6,'delete_session'),(19,'Can add person',7,'add_person'),(20,'Can change person',7,'change_person'),(21,'Can delete person',7,'delete_person'),(22,'Can add person follow',8,'add_personfollow'),(23,'Can change person follow',8,'change_personfollow'),(24,'Can delete person follow',8,'delete_personfollow'),(25,'Can add dynamic',9,'add_dynamic'),(26,'Can change dynamic',9,'change_dynamic'),(27,'Can delete dynamic',9,'delete_dynamic'),(28,'Can add article',10,'add_article'),(29,'Can change article',10,'change_article'),(30,'Can delete article',10,'delete_article'),(31,'Can add idea',11,'add_idea'),(32,'Can change idea',11,'change_idea'),(33,'Can delete idea',11,'delete_idea'),(34,'Can add article comment',12,'add_articlecomment'),(35,'Can change article comment',12,'change_articlecomment'),(36,'Can delete article comment',12,'delete_articlecomment'),(37,'Can add dynamic comment',13,'add_dynamiccomment'),(38,'Can change dynamic comment',13,'change_dynamiccomment'),(39,'Can delete dynamic comment',13,'delete_dynamiccomment'),(40,'Can add article thumb up',14,'add_articlethumbup'),(41,'Can change article thumb up',14,'change_articlethumbup'),(42,'Can delete article thumb up',14,'delete_articlethumbup'),(43,'Can add dynamic thumb up',15,'add_dynamicthumbup'),(44,'Can change dynamic thumb up',15,'change_dynamicthumbup'),(45,'Can delete dynamic thumb up',15,'delete_dynamicthumbup'),(46,'Can add idea thumb up',16,'add_ideathumbup'),(47,'Can change idea thumb up',16,'change_ideathumbup'),(48,'Can delete idea thumb up',16,'delete_ideathumbup'),(49,'Can add article recommend',17,'add_articlerecommend'),(50,'Can change article recommend',17,'change_articlerecommend'),(51,'Can delete article recommend',17,'delete_articlerecommend'),(52,'Can add idea recommend',18,'add_idearecommend'),(53,'Can change idea recommend',18,'change_idearecommend'),(54,'Can delete idea recommend',18,'delete_idearecommend'),(55,'Can add idea collection',19,'add_ideacollection'),(56,'Can change idea collection',19,'change_ideacollection'),(57,'Can delete idea collection',19,'delete_ideacollection'),(58,'Can add article collection',20,'add_articlecollection'),(59,'Can change article collection',20,'change_articlecollection'),(60,'Can delete article collection',20,'delete_articlecollection'),(61,'Can add idea message',21,'add_ideamessage'),(62,'Can change idea message',21,'change_ideamessage'),(63,'Can delete idea message',21,'delete_ideamessage'),(64,'Can add idea member',22,'add_ideamember'),(65,'Can change idea member',22,'change_ideamember'),(66,'Can delete idea member',22,'delete_ideamember');
/*!40000 ALTER TABLE `auth_permission` ENABLE KEYS */;
UNLOCK TABLES;

--
-- Table structure for table `auth_user`
--

DROP TABLE IF EXISTS `auth_user`;
/*!40101 SET @saved_cs_client     = @@character_set_client */;
/*!40101 SET character_set_client = utf8 */;
CREATE TABLE `auth_user` (
  `id` int(11) NOT NULL AUTO_INCREMENT,
  `password` varchar(128) NOT NULL,
  `last_login` datetime(6) DEFAULT NULL,
  `is_superuser` tinyint(1) NOT NULL,
  `username` varchar(30) NOT NULL,
  `first_name` varchar(30) NOT NULL,
  `last_name` varchar(30) NOT NULL,
  `email` varchar(254) NOT NULL,
  `is_staff` tinyint(1) NOT NULL,
  `is_active` tinyint(1) NOT NULL,
  `date_joined` datetime(6) NOT NULL,
  PRIMARY KEY (`id`),
  UNIQUE KEY `username` (`username`)
) ENGINE=InnoDB AUTO_INCREMENT=3 DEFAULT CHARSET=utf8;
/*!40101 SET character_set_client = @saved_cs_client */;

--
-- Dumping data for table `auth_user`
--

LOCK TABLES `auth_user` WRITE;
/*!40000 ALTER TABLE `auth_user` DISABLE KEYS */;
INSERT INTO `auth_user` VALUES (1,'pbkdf2_sha256$20000$ohL5bTiUnOGe$QOmLP8Nh+ctLo78A8dVSnzLK+lBew+C7UsydJjnzlXA=','2018-07-06 17:39:24.701024',1,'tarena','','','',1,1,'2018-07-06 17:38:27.367940'),(2,'pbkdf2_sha256$20000$zo1n6RjVmlnL$QscnftflKZsLhdynwpvg2+N559fdT302EBftDsqO6cQ=','2018-07-12 10:47:15.530772',1,'group8','','','',1,1,'2018-07-11 15:32:14.948264');
/*!40000 ALTER TABLE `auth_user` ENABLE KEYS */;
UNLOCK TABLES;

--
-- Table structure for table `auth_user_groups`
--

DROP TABLE IF EXISTS `auth_user_groups`;
/*!40101 SET @saved_cs_client     = @@character_set_client */;
/*!40101 SET character_set_client = utf8 */;
CREATE TABLE `auth_user_groups` (
  `id` int(11) NOT NULL AUTO_INCREMENT,
  `user_id` int(11) NOT NULL,
  `group_id` int(11) NOT NULL,
  PRIMARY KEY (`id`),
  UNIQUE KEY `user_id` (`user_id`,`group_id`),
  KEY `auth_user_groups_group_id_230bc9c1474723e2_fk_auth_group_id` (`group_id`),
  CONSTRAINT `auth_user_groups_group_id_230bc9c1474723e2_fk_auth_group_id` FOREIGN KEY (`group_id`) REFERENCES `auth_group` (`id`),
  CONSTRAINT `auth_user_groups_user_id_4542e19060bc1b64_fk_auth_user_id` FOREIGN KEY (`user_id`) REFERENCES `auth_user` (`id`)
) ENGINE=InnoDB DEFAULT CHARSET=utf8;
/*!40101 SET character_set_client = @saved_cs_client */;

--
-- Dumping data for table `auth_user_groups`
--

LOCK TABLES `auth_user_groups` WRITE;
/*!40000 ALTER TABLE `auth_user_groups` DISABLE KEYS */;
/*!40000 ALTER TABLE `auth_user_groups` ENABLE KEYS */;
UNLOCK TABLES;

--
-- Table structure for table `auth_user_user_permissions`
--

DROP TABLE IF EXISTS `auth_user_user_permissions`;
/*!40101 SET @saved_cs_client     = @@character_set_client */;
/*!40101 SET character_set_client = utf8 */;
CREATE TABLE `auth_user_user_permissions` (
  `id` int(11) NOT NULL AUTO_INCREMENT,
  `user_id` int(11) NOT NULL,
  `permission_id` int(11) NOT NULL,
  PRIMARY KEY (`id`),
  UNIQUE KEY `user_id` (`user_id`,`permission_id`),
  KEY `auth_user_u_permission_id_4cbc4bef8a42d964_fk_auth_permission_id` (`permission_id`),
  CONSTRAINT `auth_user_u_permission_id_4cbc4bef8a42d964_fk_auth_permission_id` FOREIGN KEY (`permission_id`) REFERENCES `auth_permission` (`id`),
  CONSTRAINT `auth_user_user_permissi_user_id_36e74aae918aa8af_fk_auth_user_id` FOREIGN KEY (`user_id`) REFERENCES `auth_user` (`id`)
) ENGINE=InnoDB DEFAULT CHARSET=utf8;
/*!40101 SET character_set_client = @saved_cs_client */;

--
-- Dumping data for table `auth_user_user_permissions`
--

LOCK TABLES `auth_user_user_permissions` WRITE;
/*!40000 ALTER TABLE `auth_user_user_permissions` DISABLE KEYS */;
/*!40000 ALTER TABLE `auth_user_user_permissions` ENABLE KEYS */;
UNLOCK TABLES;

--
-- Table structure for table `django_admin_log`
--

DROP TABLE IF EXISTS `django_admin_log`;
/*!40101 SET @saved_cs_client     = @@character_set_client */;
/*!40101 SET character_set_client = utf8 */;
CREATE TABLE `django_admin_log` (
  `id` int(11) NOT NULL AUTO_INCREMENT,
  `action_time` datetime(6) NOT NULL,
  `object_id` longtext,
  `object_repr` varchar(200) NOT NULL,
  `action_flag` smallint(5) unsigned NOT NULL,
  `change_message` longtext NOT NULL,
  `content_type_id` int(11) DEFAULT NULL,
  `user_id` int(11) NOT NULL,
  PRIMARY KEY (`id`),
  KEY `djang_content_type_id_263b3ff4bb9a30bc_fk_django_content_type_id` (`content_type_id`),
  KEY `django_admin_log_user_id_46e5adbd36bfec12_fk_auth_user_id` (`user_id`),
  CONSTRAINT `djang_content_type_id_263b3ff4bb9a30bc_fk_django_content_type_id` FOREIGN KEY (`content_type_id`) REFERENCES `django_content_type` (`id`),
  CONSTRAINT `django_admin_log_user_id_46e5adbd36bfec12_fk_auth_user_id` FOREIGN KEY (`user_id`) REFERENCES `auth_user` (`id`)
) ENGINE=InnoDB AUTO_INCREMENT=89 DEFAULT CHARSET=utf8;
/*!40101 SET character_set_client = @saved_cs_client */;

--
-- Dumping data for table `django_admin_log`
--

LOCK TABLES `django_admin_log` WRITE;
/*!40000 ALTER TABLE `django_admin_log` DISABLE KEYS */;
INSERT INTO `django_admin_log` VALUES (1,'2018-07-06 17:41:27.418504','5','听雪',1,'',11,1),(2,'2018-07-06 20:06:02.258202','6','PersonFollow object',3,'',8,1),(3,'2018-07-06 20:06:13.958368','4','PersonFollow object',3,'',8,1),(4,'2018-07-06 20:06:17.879633','3','PersonFollow object',3,'',8,1),(5,'2018-07-09 15:07:49.734911','7','宝宝',2,'Changed personSex.',7,1),(6,'2018-07-09 16:29:30.749485','1','IdeaCollection object',1,'',19,1),(7,'2018-07-10 10:32:23.590386','21','21',1,'',9,1),(8,'2018-07-10 10:42:17.300993','22','22',1,'',9,1),(9,'2018-07-10 10:55:37.926743','1','1',1,'',13,1),(10,'2018-07-10 11:27:22.922981','2','pip',1,'',19,1),(11,'2018-07-10 11:28:11.766369','3','pip',1,'',19,1),(12,'2018-07-10 11:36:03.681569','3','pip',3,'',19,1),(13,'2018-07-10 11:36:03.684891','2','pip',3,'',19,1),(14,'2018-07-10 11:36:03.689822','1','果果',3,'',19,1),(15,'2018-07-11 08:51:46.439753','1','1',1,'',12,1),(16,'2018-07-11 08:51:51.247033','1','1',3,'',12,1),(17,'2018-07-11 09:27:57.563679','1','1',2,'Changed title, content and description.',10,1),(18,'2018-07-11 09:29:53.522893','2','认知升级是比其他一切技能都更为重要的思维模式转变',2,'Changed title, content and description.',10,1),(19,'2018-07-11 09:30:08.154453','7','11111111111111111',3,'',10,1),(20,'2018-07-11 09:30:11.476450','6','11111111111111111',3,'',10,1),(21,'2018-07-11 09:30:52.256570','3','十行Python代码搞定图片中的物体检测',2,'Changed title, content and description.',10,1),(22,'2018-07-11 09:31:31.895464','4','概述知识图谱在人工智能中的应用',2,'Changed title, content and description.',10,1),(23,'2018-07-11 09:31:42.190836','1','这些年，系统架构都经历了怎样的演变？',2,'Changed content.',10,1),(24,'2018-07-11 09:32:01.883145','5',' Youtube视频传输规律',2,'Changed title, content and description.',10,1),(25,'2018-07-11 10:09:43.140122','1','这些年，系统架构都经历了怎样的演变？',2,'Changed content.',10,1),(26,'2018-07-11 10:10:34.387665','1','这些年，系统架构都经历了怎样的演变？',2,'Changed content.',10,1),(27,'2018-07-11 15:46:42.613953','1','1',3,'',9,2),(28,'2018-07-11 15:46:45.637369','2','2',3,'',9,2),(29,'2018-07-11 15:46:58.926912','24','24',3,'',9,2),(30,'2018-07-11 15:46:58.930921','21','21',3,'',9,2),(31,'2018-07-11 15:46:58.933101','20','20',3,'',9,2),(32,'2018-07-11 15:46:58.935289','19','19',3,'',9,2),(33,'2018-07-11 15:46:58.938615','17','17',3,'',9,2),(34,'2018-07-11 15:46:58.941241','16','16',3,'',9,2),(35,'2018-07-11 15:46:58.943246','15','15',3,'',9,2),(36,'2018-07-11 15:46:58.945423','14','14',3,'',9,2),(37,'2018-07-11 15:46:58.947468','13','13',3,'',9,2),(38,'2018-07-11 15:46:58.950880','10','10',3,'',9,2),(39,'2018-07-11 15:46:58.954087','9','9',3,'',9,2),(40,'2018-07-11 15:46:58.956793','8','8',3,'',9,2),(41,'2018-07-11 15:46:58.958344','7','7',3,'',9,2),(42,'2018-07-11 15:46:58.960909','6','6',3,'',9,2),(43,'2018-07-11 15:46:58.962598','5','5',3,'',9,2),(44,'2018-07-11 15:46:58.964900','4','4',3,'',9,2),(45,'2018-07-11 15:46:58.966723','3','3',3,'',9,2),(46,'2018-07-11 15:47:24.249299','25','25',1,'',9,2),(47,'2018-07-11 15:47:37.025767','26','26',1,'',9,2),(48,'2018-07-11 15:47:50.994497','27','27',1,'',9,2),(49,'2018-07-11 15:48:00.737545','28','28',1,'',9,2),(50,'2018-07-11 15:48:11.231262','29','29',1,'',9,2),(51,'2018-07-11 15:49:00.096727','11','11',1,'',13,2),(52,'2018-07-11 15:49:23.107458','12','12',1,'',13,2),(53,'2018-07-11 15:49:37.415332','13','13',1,'',13,2),(54,'2018-07-11 15:49:49.833251','14','14',1,'',13,2),(55,'2018-07-11 15:50:02.258356','15','15',1,'',13,2),(56,'2018-07-11 15:50:17.293857','1','Trainable Greedy Decoding for',3,'',10,2),(57,'2018-07-11 15:52:46.986009','5','十分钟从 PyTorch 转 MXNet',1,'',10,2),(58,'2018-07-11 15:53:24.497743','6','如何用Python入门CV',1,'',10,2),(59,'2018-07-11 15:53:58.079759','7','如何做好计算机视觉的研究',1,'',10,2),(60,'2018-07-11 15:54:22.377210','6','这是一个想法',3,'',11,2),(61,'2018-07-11 15:54:22.380720','5','shabishabi',3,'',11,2),(62,'2018-07-11 15:55:19.015441','9','独立开发者怎样开发一个app？请介绍一下具体的开发流程，请详细描述一下设计和编码阶段。',1,'',11,2),(63,'2018-07-11 17:20:49.665482','25',' 林达华',2,'Changed personName.',7,2),(64,'2018-07-11 17:21:00.052895','24','gnaW nesuhS',2,'Changed personName.',7,2),(65,'2018-07-11 17:21:09.457239','22',' 罗浩.ZJU',2,'Changed personName.',7,2),(66,'2018-07-11 17:21:23.823519','23',' 林天威',2,'Changed personName.',7,2),(67,'2018-07-11 17:22:18.549837','24','Shusen Wang',2,'Changed personName.',7,2),(68,'2018-07-11 17:22:39.379938','23',' 王晋东不在家',2,'Changed personName.',7,2),(69,'2018-07-11 17:23:36.449293','17','IdeaMessage object',3,'',21,2),(70,'2018-07-11 17:24:52.685214','24','IdeaMessage object',3,'',21,2),(71,'2018-07-11 17:37:05.125306','15','233333',3,'',11,2),(72,'2018-07-11 19:11:17.120090','8','解释深度学习的新角度，来自光学的启发',1,'',10,2),(73,'2018-07-11 19:13:12.970859','9','坏了，人脸识别能检测出同性恋？',1,'',10,2),(74,'2018-07-11 20:45:56.262926','36','IdeaMessage object',3,'',21,1),(75,'2018-07-11 20:46:19.104999','20','IdeaMessage object',3,'',21,1),(76,'2018-07-12 07:00:00.322816','12','我是第一篇文章的标题',3,'',10,2),(77,'2018-07-12 08:30:20.758584','28','group8',3,'',7,2),(78,'2018-07-12 08:31:20.193284','29','group8',2,'Changed personImage and personSex.',7,2),(79,'2018-07-12 08:32:24.824131','29','group8',3,'',7,2),(80,'2018-07-12 08:34:06.756230','30','group8',3,'',7,2),(81,'2018-07-12 08:35:53.938316','31','group8',3,'',7,2),(82,'2018-07-12 08:38:39.285506','17','我想做一个',3,'',11,2),(83,'2018-07-12 08:38:39.316395','16','发嘎嘎',3,'',11,2),(84,'2018-07-12 08:39:00.864388','13','123456',3,'',10,2),(85,'2018-07-12 08:39:32.638883','32','group8',3,'',7,2),(86,'2018-07-12 08:40:39.862939','39','IdeaMessage object',3,'',21,2),(87,'2018-07-12 09:01:23.757614','18','在学习了有关深度学习的理论课程之后，很多人都会有兴趣尝试构建一个属于自己的项目，如何启动一个深度学习项目？',3,'',11,2),(88,'2018-07-13 10:54:53.516814','22','ddd',2,'Changed description and sender.',10,2);
/*!40000 ALTER TABLE `django_admin_log` ENABLE KEYS */;
UNLOCK TABLES;

--
-- Table structure for table `django_content_type`
--

DROP TABLE IF EXISTS `django_content_type`;
/*!40101 SET @saved_cs_client     = @@character_set_client */;
/*!40101 SET character_set_client = utf8 */;
CREATE TABLE `django_content_type` (
  `id` int(11) NOT NULL AUTO_INCREMENT,
  `app_label` varchar(100) NOT NULL,
  `model` varchar(100) NOT NULL,
  PRIMARY KEY (`id`),
  UNIQUE KEY `django_content_type_app_label_abd6f6e2c9c5381_uniq` (`app_label`,`model`)
) ENGINE=InnoDB AUTO_INCREMENT=23 DEFAULT CHARSET=utf8;
/*!40101 SET character_set_client = @saved_cs_client */;

--
-- Dumping data for table `django_content_type`
--

LOCK TABLES `django_content_type` WRITE;
/*!40000 ALTER TABLE `django_content_type` DISABLE KEYS */;
INSERT INTO `django_content_type` VALUES (1,'admin','logentry'),(3,'auth','group'),(2,'auth','permission'),(4,'auth','user'),(5,'contenttypes','contenttype'),(10,'index','article'),(20,'index','articlecollection'),(12,'index','articlecomment'),(17,'index','articlerecommend'),(14,'index','articlethumbup'),(9,'index','dynamic'),(13,'index','dynamiccomment'),(15,'index','dynamicthumbup'),(11,'index','idea'),(19,'index','ideacollection'),(22,'index','ideamember'),(21,'index','ideamessage'),(18,'index','idearecommend'),(16,'index','ideathumbup'),(7,'index','person'),(8,'index','personfollow'),(6,'sessions','session');
/*!40000 ALTER TABLE `django_content_type` ENABLE KEYS */;
UNLOCK TABLES;

--
-- Table structure for table `django_migrations`
--

DROP TABLE IF EXISTS `django_migrations`;
/*!40101 SET @saved_cs_client     = @@character_set_client */;
/*!40101 SET character_set_client = utf8 */;
CREATE TABLE `django_migrations` (
  `id` int(11) NOT NULL AUTO_INCREMENT,
  `app` varchar(255) NOT NULL,
  `name` varchar(255) NOT NULL,
  `applied` datetime(6) NOT NULL,
  PRIMARY KEY (`id`)
) ENGINE=InnoDB AUTO_INCREMENT=11 DEFAULT CHARSET=utf8;
/*!40101 SET character_set_client = @saved_cs_client */;

--
-- Dumping data for table `django_migrations`
--

LOCK TABLES `django_migrations` WRITE;
/*!40000 ALTER TABLE `django_migrations` DISABLE KEYS */;
INSERT INTO `django_migrations` VALUES (1,'contenttypes','0001_initial','2018-07-05 00:29:37.894784'),(2,'auth','0001_initial','2018-07-05 00:29:41.514607'),(3,'admin','0001_initial','2018-07-05 00:29:42.033113'),(4,'contenttypes','0002_remove_content_type_name','2018-07-05 00:29:42.406157'),(5,'auth','0002_alter_permission_name_max_length','2018-07-05 00:29:42.559231'),(6,'auth','0003_alter_user_email_max_length','2018-07-05 00:29:42.687727'),(7,'auth','0004_alter_user_username_opts','2018-07-05 00:29:42.714559'),(8,'auth','0005_alter_user_last_login_null','2018-07-05 00:29:42.873600'),(9,'auth','0006_require_contenttypes_0002','2018-07-05 00:29:42.877188'),(10,'sessions','0001_initial','2018-07-05 00:29:43.115884');
/*!40000 ALTER TABLE `django_migrations` ENABLE KEYS */;
UNLOCK TABLES;

--
-- Table structure for table `django_session`
--

DROP TABLE IF EXISTS `django_session`;
/*!40101 SET @saved_cs_client     = @@character_set_client */;
/*!40101 SET character_set_client = utf8 */;
CREATE TABLE `django_session` (
  `session_key` varchar(40) NOT NULL,
  `session_data` longtext NOT NULL,
  `expire_date` datetime(6) NOT NULL,
  PRIMARY KEY (`session_key`),
  KEY `django_session_de54fa62` (`expire_date`)
) ENGINE=InnoDB DEFAULT CHARSET=utf8;
/*!40101 SET character_set_client = @saved_cs_client */;

--
-- Dumping data for table `django_session`
--

LOCK TABLES `django_session` WRITE;
/*!40000 ALTER TABLE `django_session` DISABLE KEYS */;
INSERT INTO `django_session` VALUES ('08azi93nygfkhrsrtl4h2awqybfom3ky','MDI4ZmEwOTI4ZWY1NGYwMTRmOGVmYTlmNThiYjkwNzdhODdhN2ZhODp7InBlcnNvbklEIjoxfQ==','2018-07-23 20:53:16.883382'),('0a7b55udcepg15bbfibmv0xk0l4bx71l','MDI4ZmEwOTI4ZWY1NGYwMTRmOGVmYTlmNThiYjkwNzdhODdhN2ZhODp7InBlcnNvbklEIjoxfQ==','2018-07-20 16:12:00.723605'),('0lznkc0c946sajofmkp74l8qh4p3qo56','ZjBhNDk0MWVkZjkwMDYzY2MzODUwOTE4ZTcwYjU4YjJjYTdmNDIwODp7InBlcnNvbklEIjo3fQ==','2018-07-26 10:43:41.908575'),('0xoqx1fg8jcaxz3ndnjpmjo13mth4t1p','MDI4ZmEwOTI4ZWY1NGYwMTRmOGVmYTlmNThiYjkwNzdhODdhN2ZhODp7InBlcnNvbklEIjoxfQ==','2018-07-20 10:59:09.975426'),('2k9xaebaoeqc4hkxbevfjv5hhwctwgwj','MTM1NjU3NzgzMmFlMTQyZWZkNWQwNGM5MjI2ZDE1ZWRjMzMzN2EzMDp7Il9hdXRoX3VzZXJfaWQiOiIxIiwiX2F1dGhfdXNlcl9oYXNoIjoiZmJkN2U5ZDY0N2ExYTEzYWU2MTQzZmU4ZWMzNWU4YzUyZjM5ZTg5MiIsInBlcnNvbklEIjoyLCJfYXV0aF91c2VyX2JhY2tlbmQiOiJkamFuZ28uY29udHJpYi5hdXRoLmJhY2tlbmRzLk1vZGVsQmFja2VuZCJ9','2018-07-25 21:19:03.963842'),('5qsty7cnpv6mcrwv85s7inark2s728zq','YzkyY2VlMmRkODNmZDVhNzU1MTIyMzU2ZTc1OWUyNDExYTc0NGY5YTp7Il9hdXRoX3VzZXJfaWQiOiIyIiwiX2F1dGhfdXNlcl9iYWNrZW5kIjoiZGphbmdvLmNvbnRyaWIuYXV0aC5iYWNrZW5kcy5Nb2RlbEJhY2tlbmQiLCJwZXJzb25JRCI6MjYsIl9hdXRoX3VzZXJfaGFzaCI6ImYzZjc5MTAzNzFkZjUwZGFhZDZjNDIyYzczMzViYjVhNWVlNjViZDcifQ==','2018-07-25 17:20:20.954825'),('7rx7p6ezh5g94fhz1zi4s0hi1bw80flv','MzJkODlkYjQ5ZmVkOTA5YTZjNTk3MGFjZWI0Y2RiMjE1YzZlZGY4MDp7InBlcnNvbklEIjoyN30=','2018-07-26 14:59:58.113992'),('80h9oss22opoh4zjoybcj8f0fy8ug1yd','YWFjZDQyYTU5ZjRiODU2Njg3MWY5YjdjMzRmOTNmNTNmMDkyOGRkZDp7InBlcnNvbklEIjoyfQ==','2018-07-25 22:16:35.406670'),('860onsxcb8ww14ykevp629x825n2y4vh','MDI4ZmEwOTI4ZWY1NGYwMTRmOGVmYTlmNThiYjkwNzdhODdhN2ZhODp7InBlcnNvbklEIjoxfQ==','2018-07-20 15:31:46.835755'),('89r41fcvnbtmb54qkoy4eokd6v7nh2we','YzkwMjNkMGI3NTgzYzI4YmNmMTRlODQ4MzU5YjViZGVhYzdjZmQzZDp7InBlcnNvbklEIjo5fQ==','2018-07-26 10:16:15.239092'),('8z0ss105nya8q8375klpoud1wkoalhvs','MmUzMGU2OTEyNTNiMDZlMzAwMzc0ZmQ4YzUzMzc1ODM5YmQ0NGRjMTp7Il9hdXRoX3VzZXJfaGFzaCI6ImYzZjc5MTAzNzFkZjUwZGFhZDZjNDIyYzczMzViYjVhNWVlNjViZDciLCJwZXJzb25JRCI6MSwiX2F1dGhfdXNlcl9pZCI6IjIiLCJfYXV0aF91c2VyX2JhY2tlbmQiOiJkamFuZ28uY29udHJpYi5hdXRoLmJhY2tlbmRzLk1vZGVsQmFja2VuZCJ9','2018-07-26 06:59:52.869402'),('9sz579050yjxglxpb4hxxr29t16159pq','YWFjZDQyYTU5ZjRiODU2Njg3MWY5YjdjMzRmOTNmNTNmMDkyOGRkZDp7InBlcnNvbklEIjoyfQ==','2018-07-23 15:09:46.498683'),('dadadafvjdcgxdfxrb377o4b4ului735','ZjBhNDk0MWVkZjkwMDYzY2MzODUwOTE4ZTcwYjU4YjJjYTdmNDIwODp7InBlcnNvbklEIjo3fQ==','2018-07-26 10:32:02.989822'),('eezo1jdbsh7ogzzj8wflramqr1yxxidf','MDI4ZmEwOTI4ZWY1NGYwMTRmOGVmYTlmNThiYjkwNzdhODdhN2ZhODp7InBlcnNvbklEIjoxfQ==','2018-07-24 16:19:09.181614'),('ey9xmkteljm9ap85x5asiusfs6kjlibz','YzkwMjNkMGI3NTgzYzI4YmNmMTRlODQ4MzU5YjViZGVhYzdjZmQzZDp7InBlcnNvbklEIjo5fQ==','2018-07-25 19:22:59.003378'),('giv8bqkw98r8nvph4tr4pb2w5zw1lirq','NzhjNzAxMWYwYmM4YzAzODU2OTUzMDA5ZTc2MjQ5N2ZlZWRiMDg1MDp7InBlcnNvbklEIjoxMSwiX2F1dGhfdXNlcl9pZCI6IjIiLCJfYXV0aF91c2VyX2hhc2giOiJmM2Y3OTEwMzcxZGY1MGRhYWQ2YzQyMmM3MzM1YmI1YTVlZTY1YmQ3IiwiX2F1dGhfdXNlcl9iYWNrZW5kIjoiZGphbmdvLmNvbnRyaWIuYXV0aC5iYWNrZW5kcy5Nb2RlbEJhY2tlbmQifQ==','2018-07-26 08:37:55.699710'),('gsejxlocx269j0p9gaessxmkioqc59m9','ZjBhNDk0MWVkZjkwMDYzY2MzODUwOTE4ZTcwYjU4YjJjYTdmNDIwODp7InBlcnNvbklEIjo3fQ==','2018-07-24 15:19:57.619233'),('hell405bb5cah7xcn4zvusk5qwnrd55k','MzJkODlkYjQ5ZmVkOTA5YTZjNTk3MGFjZWI0Y2RiMjE1YzZlZGY4MDp7InBlcnNvbklEIjoyN30=','2018-07-26 09:17:19.710210'),('hnzku21llthki3vzmmpb5m3nbaxx0h3d','ZjBhNDk0MWVkZjkwMDYzY2MzODUwOTE4ZTcwYjU4YjJjYTdmNDIwODp7InBlcnNvbklEIjo3fQ==','2018-07-23 14:55:09.888715'),('hpjqdfonb5aj63p5ken192a4rhncmzb5','MDI4ZmEwOTI4ZWY1NGYwMTRmOGVmYTlmNThiYjkwNzdhODdhN2ZhODp7InBlcnNvbklEIjoxfQ==','2018-07-20 10:59:40.499828'),('ifies2t4971xofai6687durh1670364p','YjhmYjk5YjA1MDc4ZTJkZjBjNTY1NDU5Nzc5OGY4ZTNhZjNjMjVlODp7InBlcnNvbklEIjo4fQ==','2018-07-23 15:07:12.560380'),('jb6k5zz8ivkf9w2k9v078n68aygkzzmt','YzkwMjNkMGI3NTgzYzI4YmNmMTRlODQ4MzU5YjViZGVhYzdjZmQzZDp7InBlcnNvbklEIjo5fQ==','2018-07-25 17:52:28.447780'),('jwkfex49ryh6q7zcmsgurklnschlainw','MjJhNDE0MzE1NDliYTZlNDQ1YzI2NTU4NWQyZjE3ZjUwYTYwZmI1ODp7fQ==','2018-07-23 15:21:07.661975'),('k2u2ejkdf708wjytoalowmpv6pz7mv2x','ZTc0OGMxZTdmMWM0NzQ4ODQyMDYxZjQzNjI2MWJjNWQwOWRjZGQ4Mzp7Il9hdXRoX3VzZXJfYmFja2VuZCI6ImRqYW5nby5jb250cmliLmF1dGguYmFja2VuZHMuTW9kZWxCYWNrZW5kIiwiX2F1dGhfdXNlcl9oYXNoIjoiZjNmNzkxMDM3MWRmNTBkYWFkNmM0MjJjNzMzNWJiNWE1ZWU2NWJkNyIsIl9hdXRoX3VzZXJfaWQiOiIyIiwicGVyc29uSUQiOjI2fQ==','2018-07-26 10:47:15.538966'),('kxl36fuqfcxg5n39x2e1xes8pq9xn5jz','YzkwMjNkMGI3NTgzYzI4YmNmMTRlODQ4MzU5YjViZGVhYzdjZmQzZDp7InBlcnNvbklEIjo5fQ==','2018-07-25 20:30:12.588478'),('li15gztiojwlb0g6j484kdrmlg7x7kpo','YzkwMjNkMGI3NTgzYzI4YmNmMTRlODQ4MzU5YjViZGVhYzdjZmQzZDp7InBlcnNvbklEIjo5fQ==','2018-07-26 23:00:40.997827'),('mpu667rzwa2s4imcdulwn4ha82rzqfve','YWFjZDQyYTU5ZjRiODU2Njg3MWY5YjdjMzRmOTNmNTNmMDkyOGRkZDp7InBlcnNvbklEIjoyfQ==','2018-07-23 11:53:10.839510'),('mrli5sw5l9rciqe6f1yg6fmn0el3nswk','NzhkMWQyY2I4ZGJkZTlmYzgwNDU2YWRlZjg4ZGNkNDcyMjk2NDQyOTp7Il9hdXRoX3VzZXJfYmFja2VuZCI6ImRqYW5nby5jb250cmliLmF1dGguYmFja2VuZHMuTW9kZWxCYWNrZW5kIiwiX2F1dGhfdXNlcl9oYXNoIjoiZjNmNzkxMDM3MWRmNTBkYWFkNmM0MjJjNzMzNWJiNWE1ZWU2NWJkNyIsIl9hdXRoX3VzZXJfaWQiOiIyIiwicGVyc29uSUQiOjF9','2018-07-27 10:25:18.162162'),('o3gmp8ruolggm6t0m7ljuqkeqezud3uy','NmY3YWM2MmJkY2YyNTI5MTc1YmE1YWI2OTlhMTA2YjJkNjdhNWQzMTp7InBlcnNvbklEIjozNX0=','2018-07-26 10:30:00.797849'),('o3ti8jgyvyk7l8k5ben6b5nm7txnog81','MDI4ZmEwOTI4ZWY1NGYwMTRmOGVmYTlmNThiYjkwNzdhODdhN2ZhODp7InBlcnNvbklEIjoxfQ==','2018-07-19 09:25:02.086788'),('pg1ydpk8yfsbz8e03g3bdctslw8pp4yo','MDI4ZmEwOTI4ZWY1NGYwMTRmOGVmYTlmNThiYjkwNzdhODdhN2ZhODp7InBlcnNvbklEIjoxfQ==','2018-07-20 00:11:54.781789'),('q9g00lvbtis8zm6j5yanurkxqo40xhek','MDI4ZmEwOTI4ZWY1NGYwMTRmOGVmYTlmNThiYjkwNzdhODdhN2ZhODp7InBlcnNvbklEIjoxfQ==','2018-07-20 16:04:07.056618'),('r3l6i33wg60hjvaf5698huwkat4f20iq','MjJhNDE0MzE1NDliYTZlNDQ1YzI2NTU4NWQyZjE3ZjUwYTYwZmI1ODp7fQ==','2018-07-23 14:39:28.487384'),('rqcirqoj9zzlc0zhalvxmjp1fv0k5nwd','N2U0MzBiZmM0MWY2OWJmZDg2OTAwZWVlODFkZTNmNDg3ZTFhMzA3Yzp7InBlcnNvbklEIjozOX0=','2018-07-27 10:45:12.897291'),('t37ckhbwlg41jbsw90imaq0ssle39pt7','MzRiMmY2ZTUyOTA0YmFjZDJlN2NlMzM2YzMzZjNmZTkyZTdjYzZmNjp7InBlcnNvbklEIjo0MH0=','2018-07-27 11:11:14.205983'),('wcqvolok2qr7rxb53sy8l0vm9n76c8nu','MDI4ZmEwOTI4ZWY1NGYwMTRmOGVmYTlmNThiYjkwNzdhODdhN2ZhODp7InBlcnNvbklEIjoxfQ==','2018-07-25 11:04:13.649783'),('wdfhym9tbri2lec0znmd11m8u1l0fsa0','MDI4ZmEwOTI4ZWY1NGYwMTRmOGVmYTlmNThiYjkwNzdhODdhN2ZhODp7InBlcnNvbklEIjoxfQ==','2018-07-19 00:47:06.691169'),('y1h4dnaewo7tcpqtubewt0q0t9kmwb6a','MmFlYWQ2NzA3YzdkNjNkZTcyMzI2MGI5YTJmYmUxMWJkNTAxNWFjMDp7InBlcnNvbklEIjo0fQ==','2018-07-23 14:32:57.035089'),('ycg2dx4m4pn0ig9zsbl7ox39oc3qpqe7','ZTQ4YmJkZGYxOWM1YTBhN2M4Y2ZiZTRkNmJiNjRhMzhlN2ZkNDM5NTp7Il9hdXRoX3VzZXJfYmFja2VuZCI6ImRqYW5nby5jb250cmliLmF1dGguYmFja2VuZHMuTW9kZWxCYWNrZW5kIiwiX2F1dGhfdXNlcl9oYXNoIjoiZjNmNzkxMDM3MWRmNTBkYWFkNmM0MjJjNzMzNWJiNWE1ZWU2NWJkNyIsIl9hdXRoX3VzZXJfaWQiOiIyIiwicGVyc29uSUQiOjJ9','2018-07-26 16:56:14.442361'),('zo0u88yrxo0n1iebyvd6t52g8737vnu9','YWZlM2NmOGVkOTQ2MzJkMWQxMjVjNGRiYWNmZGMzNjczNzM1MGQ1NDp7InBlcnNvbklEIjo2fQ==','2018-07-25 11:19:02.791772');
/*!40000 ALTER TABLE `django_session` ENABLE KEYS */;
UNLOCK TABLES;

--
-- Table structure for table `index_article`
--

DROP TABLE IF EXISTS `index_article`;
/*!40101 SET @saved_cs_client     = @@character_set_client */;
/*!40101 SET character_set_client = utf8 */;
CREATE TABLE `index_article` (
  `articleID` int(11) NOT NULL AUTO_INCREMENT,
  `title` varchar(100) NOT NULL,
  `content` longtext,
  `description` longtext,
  `label` bigint(20) NOT NULL,
  `sender_id` int(11) NOT NULL,
  `createDate` datetime(6) NOT NULL,
  `isPub` tinyint(1) NOT NULL,
  PRIMARY KEY (`articleID`),
  KEY `index_article_sender_id_88dc9ae72823ff4_fk_index_person_personID` (`sender_id`),
  CONSTRAINT `index_article_sender_id_88dc9ae72823ff4_fk_index_person_personID` FOREIGN KEY (`sender_id`) REFERENCES `index_person` (`personID`)
) ENGINE=InnoDB AUTO_INCREMENT=25 DEFAULT CHARSET=utf8;
/*!40101 SET character_set_client = @saved_cs_client */;

--
-- Dumping data for table `index_article`
--

LOCK TABLES `index_article` WRITE;
/*!40000 ALTER TABLE `index_article` DISABLE KEYS */;
INSERT INTO `index_article` VALUES (2,'Trainable Greedy Decoding for Neural Machine Translation','<p class=\"MsoNormal\"><span style=\"font-family:宋体;\nmso-ascii-font-family:Calibri;mso-ascii-theme-font:minor-latin;mso-fareast-font-family:\n宋体;mso-fareast-theme-font:minor-fareast;mso-hansi-font-family:Calibri;\nmso-hansi-theme-font:minor-latin\">如果看过我的这篇</span><span lang=\"EN-US\">post</span><span style=\"font-family:宋体;mso-ascii-font-family:Calibri;mso-ascii-theme-font:minor-latin;\nmso-fareast-font-family:宋体;mso-fareast-theme-font:minor-fareast;mso-hansi-font-family:\nCalibri;mso-hansi-theme-font:minor-latin\">（</span><span lang=\"EN-US\"><a href=\"https://zhuanlan.zhihu.com/p/24879932\"><span lang=\"EN-US\" style=\"font-family:\n宋体;mso-ascii-font-family:Calibri;mso-ascii-theme-font:minor-latin;mso-fareast-font-family:\n宋体;mso-fareast-theme-font:minor-fareast;mso-hansi-font-family:Calibri;\nmso-hansi-theme-font:minor-latin\"><span lang=\"EN-US\">用</span></span>Reinforcement\nLearning<span lang=\"EN-US\" style=\"font-family:宋体;mso-ascii-font-family:Calibri;\nmso-ascii-theme-font:minor-latin;mso-fareast-font-family:宋体;mso-fareast-theme-font:\nminor-fareast;mso-hansi-font-family:Calibri;mso-hansi-theme-font:minor-latin\"><span lang=\"EN-US\">来做</span></span>image captioning - <span lang=\"EN-US\" style=\"font-family:宋体;mso-ascii-font-family:Calibri;mso-ascii-theme-font:minor-latin;\nmso-fareast-font-family:宋体;mso-fareast-theme-font:minor-fareast;mso-hansi-font-family:\nCalibri;mso-hansi-theme-font:minor-latin\"><span lang=\"EN-US\">知乎专栏</span></span></a></span><span style=\"font-family:宋体;mso-ascii-font-family:Calibri;mso-ascii-theme-font:minor-latin;\nmso-fareast-font-family:宋体;mso-fareast-theme-font:minor-fareast;mso-hansi-font-family:\nCalibri;mso-hansi-theme-font:minor-latin\">）的话，应该知道用</span><span lang=\"EN-US\">rl</span><span style=\"font-family:宋体;mso-ascii-font-family:Calibri;mso-ascii-theme-font:minor-latin;\nmso-fareast-font-family:宋体;mso-fareast-theme-font:minor-fareast;mso-hansi-font-family:\nCalibri;mso-hansi-theme-font:minor-latin\">做</span><span lang=\"EN-US\">seq\npredcition</span><span style=\"font-family:宋体;mso-ascii-font-family:Calibri;\nmso-ascii-theme-font:minor-latin;mso-fareast-font-family:宋体;mso-fareast-theme-font:\nminor-fareast;mso-hansi-font-family:Calibri;mso-hansi-theme-font:minor-latin\">，是假设模型根据每个时刻</span><span lang=\"EN-US\">softmax</span><span style=\"font-family:宋体;mso-ascii-font-family:\nCalibri;mso-ascii-theme-font:minor-latin;mso-fareast-font-family:宋体;mso-fareast-theme-font:\nminor-fareast;mso-hansi-font-family:Calibri;mso-hansi-theme-font:minor-latin\">的输出概率来</span><span lang=\"EN-US\">sample</span><span style=\"font-family:宋体;mso-ascii-font-family:Calibri;\nmso-ascii-theme-font:minor-latin;mso-fareast-font-family:宋体;mso-fareast-theme-font:\nminor-fareast;mso-hansi-font-family:Calibri;mso-hansi-theme-font:minor-latin\">单词的，只有满足这个假设，才能使用</span><span lang=\"EN-US\">reinforce</span><span style=\"font-family:宋体;mso-ascii-font-family:\nCalibri;mso-ascii-theme-font:minor-latin;mso-fareast-font-family:宋体;mso-fareast-theme-font:\nminor-fareast;mso-hansi-font-family:Calibri;mso-hansi-theme-font:minor-latin\">算法。而实际上在生成过程中，大家是从来不用</span><span lang=\"EN-US\">sample</span><span style=\"font-family:宋体;mso-ascii-font-family:Calibri;\nmso-ascii-theme-font:minor-latin;mso-fareast-font-family:宋体;mso-fareast-theme-font:\nminor-fareast;mso-hansi-font-family:Calibri;mso-hansi-theme-font:minor-latin\">的，而是用</span><span lang=\"EN-US\">greedy decoding</span><span style=\"font-family:宋体;mso-ascii-font-family:\nCalibri;mso-ascii-theme-font:minor-latin;mso-fareast-font-family:宋体;mso-fareast-theme-font:\nminor-fareast;mso-hansi-font-family:Calibri;mso-hansi-theme-font:minor-latin\">，或者</span><span lang=\"EN-US\">beam search</span><span style=\"font-family:宋体;mso-ascii-font-family:\nCalibri;mso-ascii-theme-font:minor-latin;mso-fareast-font-family:宋体;mso-fareast-theme-font:\nminor-fareast;mso-hansi-font-family:Calibri;mso-hansi-theme-font:minor-latin\">（至少在</span><span lang=\"EN-US\">nmt</span><span style=\"font-family:宋体;mso-ascii-font-family:Calibri;\nmso-ascii-theme-font:minor-latin;mso-fareast-font-family:宋体;mso-fareast-theme-font:\nminor-fareast;mso-hansi-font-family:Calibri;mso-hansi-theme-font:minor-latin\">和</span><span lang=\"EN-US\">image captioning</span><span style=\"font-family:宋体;mso-ascii-font-family:\nCalibri;mso-ascii-theme-font:minor-latin;mso-fareast-font-family:宋体;mso-fareast-theme-font:\nminor-fareast;mso-hansi-font-family:Calibri;mso-hansi-theme-font:minor-latin\">中是这样的）。根据我自己的实验的话，你用</span><span lang=\"EN-US\">cross entropy</span><span style=\"font-family:宋体;mso-ascii-font-family:\nCalibri;mso-ascii-theme-font:minor-latin;mso-fareast-font-family:宋体;mso-fareast-theme-font:\nminor-fareast;mso-hansi-font-family:Calibri;mso-hansi-theme-font:minor-latin\">训练一个模型，如果你</span><span lang=\"EN-US\">sample</span><span style=\"font-family:宋体;mso-ascii-font-family:Calibri;\nmso-ascii-theme-font:minor-latin;mso-fareast-font-family:宋体;mso-fareast-theme-font:\nminor-fareast;mso-hansi-font-family:Calibri;mso-hansi-theme-font:minor-latin\">，结果一般很差很差，如果用</span><span lang=\"EN-US\">greedy decoding </span><span style=\"font-family:宋体;mso-ascii-font-family:\nCalibri;mso-ascii-theme-font:minor-latin;mso-fareast-font-family:宋体;mso-fareast-theme-font:\nminor-fareast;mso-hansi-font-family:Calibri;mso-hansi-theme-font:minor-latin\">是</span><span lang=\"EN-US\">0.8</span><span style=\"font-family:宋体;mso-ascii-font-family:Calibri;\nmso-ascii-theme-font:minor-latin;mso-fareast-font-family:宋体;mso-fareast-theme-font:\nminor-fareast;mso-hansi-font-family:Calibri;mso-hansi-theme-font:minor-latin\">的</span><span lang=\"EN-US\">CIDER</span><span style=\"font-family:宋体;mso-ascii-font-family:Calibri;\nmso-ascii-theme-font:minor-latin;mso-fareast-font-family:宋体;mso-fareast-theme-font:\nminor-fareast;mso-hansi-font-family:Calibri;mso-hansi-theme-font:minor-latin\">的话，</span><span lang=\"EN-US\">sample</span><span style=\"font-family:宋体;mso-ascii-font-family:Calibri;\nmso-ascii-theme-font:minor-latin;mso-fareast-font-family:宋体;mso-fareast-theme-font:\nminor-fareast;mso-hansi-font-family:Calibri;mso-hansi-theme-font:minor-latin\">的结果大概只有</span><span lang=\"EN-US\">0.4</span><span style=\"font-family:宋体;mso-ascii-font-family:Calibri;\nmso-ascii-theme-font:minor-latin;mso-fareast-font-family:宋体;mso-fareast-theme-font:\nminor-fareast;mso-hansi-font-family:Calibri;mso-hansi-theme-font:minor-latin\">这样。</span><span lang=\"EN-US\">qualitatively</span><span style=\"font-family:宋体;mso-ascii-font-family:\nCalibri;mso-ascii-theme-font:minor-latin;mso-fareast-font-family:宋体;mso-fareast-theme-font:\nminor-fareast;mso-hansi-font-family:Calibri;mso-hansi-theme-font:minor-latin\">的话，也可以发现</span><span lang=\"EN-US\">sample</span><span style=\"font-family:宋体;mso-ascii-font-family:Calibri;\nmso-ascii-theme-font:minor-latin;mso-fareast-font-family:宋体;mso-fareast-theme-font:\nminor-fareast;mso-hansi-font-family:Calibri;mso-hansi-theme-font:minor-latin\">的结果是会有错误的。</span><span lang=\"EN-US\"><o:p></o:p></span></p><p><span lang=\"EN-US\"><o:p>&nbsp;</o:p></span></p><p>而如果你用<span lang=\"EN-US\">reinforce</span>来进行训练，你实际的训练目标不是使得你<span lang=\"EN-US\">greedy\ndecoding</span>结果更好，而是使得你<span lang=\"EN-US\">sample</span>出来的结果更好。如果你跑我写的<span lang=\"EN-US\">self-critical</span>（<span lang=\"EN-US\">reinforce</span>的一种变体）的代码，就会发现，用<span lang=\"EN-US\">sample</span>，<span lang=\"EN-US\">greedy decoding</span>或者<span lang=\"EN-US\">beam search</span>几乎没有区别。我的理解是<span lang=\"EN-US\">reinforce</span>完全不<span lang=\"EN-US\">care diversity</span>，非常<span lang=\"EN-US\">mode seeking</span>，目的只是想得到一个能得高<span lang=\"EN-US\">CIDER</span>分数的<span lang=\"EN-US\">mode</span>（你会发现<span lang=\"EN-US\">reinforce</span>是会毁掉<span lang=\"EN-US\">perplexity</span>的）。（实际上我没有实际证据说最后得到的<span lang=\"EN-US\">distribution</span>是<span lang=\"EN-US\">mode seeking</span>的，因为我只看到了一个<span lang=\"EN-US\">mode</span>，可能可以用<span lang=\"EN-US\">diverse beam search</span>的算法，来看是否存在其他<span lang=\"EN-US\">mode</span>）<span lang=\"EN-US\"><o:p></o:p></span></p><p><span lang=\"EN-US\"><o:p>&nbsp;</o:p></span></p><p>所以为了<span lang=\"EN-US\">sample</span>好，模型牺牲了<span lang=\"EN-US\">diversity</span>，成就了高<span lang=\"EN-US\">cider</span>。<span lang=\"EN-US\"><o:p></o:p></span></p><p><span lang=\"EN-US\"><o:p>&nbsp;</o:p></span></p><p>其次另外一点其实就是<span lang=\"EN-US\">training test discrepency</span>，因为<span lang=\"EN-US\">train</span>的时候是用<span lang=\"EN-US\">sample</span>，<span lang=\"EN-US\">test</span>的时候还是<span lang=\"EN-US\">greedy decoding</span>（或者<span lang=\"EN-US\">beam search</span>）。虽然最后<span lang=\"EN-US\">test</span>的时候也能获得高分，但实际上只能说是顺便。所以最好的就是能不能直接优化<span lang=\"EN-US\">greedy\ndecoding</span>？<span lang=\"EN-US\"><o:p></o:p></span></p><p>\n<!--[if gte mso 9]><xml>\n <o:OfficeDocumentSettings>\n  <o:AllowPNG/>\n </o:OfficeDocumentSettings>\n</xml><![endif]-->\n\n\n<!--[if gte mso 9]><xml>\n <w:WordDocument>\n  <w:View>Normal</w:View>\n  <w:Zoom>0</w:Zoom>\n  <w:TrackMoves/>\n  <w:TrackFormatting/>\n  <w:PunctuationKerning/>\n  <w:DrawingGridVerticalSpacing>7.8 磅</w:DrawingGridVerticalSpacing>\n  <w:DisplayHorizontalDrawingGridEvery>0</w:DisplayHorizontalDrawingGridEvery>\n  <w:DisplayVerticalDrawingGridEvery>2</w:DisplayVerticalDrawingGridEvery>\n  <w:ValidateAgainstSchemas/>\n  <w:SaveIfXMLInvalid>false</w:SaveIfXMLInvalid>\n  <w:IgnoreMixedContent>false</w:IgnoreMixedContent>\n  <w:AlwaysShowPlaceholderText>false</w:AlwaysShowPlaceholderText>\n  <w:DoNotPromoteQF/>\n  <w:LidThemeOther>EN-US</w:LidThemeOther>\n  <w:LidThemeAsian>ZH-CN</w:LidThemeAsian>\n  <w:LidThemeComplexScript>X-NONE</w:LidThemeComplexScript>\n  <w:Compatibility>\n   <w:SpaceForUL/>\n   <w:BalanceSingleByteDoubleByteWidth/>\n   <w:DoNotLeaveBackslashAlone/>\n   <w:ULTrailSpace/>\n   <w:DoNotExpandShiftReturn/>\n   <w:AdjustLineHeightInTable/>\n   <w:BreakWrappedTables/>\n   <w:SnapToGridInCell/>\n   <w:WrapTextWithPunct/>\n   <w:UseAsianBreakRules/>\n   <w:DontGrowAutofit/>\n   <w:SplitPgBreakAndParaMark/>\n   <w:EnableOpenTypeKerning/>\n   <w:DontFlipMirrorIndents/>\n   <w:OverrideTableStyleHps/>\n   <w:UseFELayout/>\n  </w:Compatibility>\n  <m:mathPr>\n   <m:mathFont m:val=\"Cambria Math\"/>\n   <m:brkBin m:val=\"before\"/>\n   <m:brkBinSub m:val=\"&#45;-\"/>\n   <m:smallFrac m:val=\"off\"/>\n   <m:dispDef/>\n   <m:lMargin m:val=\"0\"/>\n   <m:rMargin m:val=\"0\"/>\n   <m:defJc m:val=\"centerGroup\"/>\n   <m:wrapIndent m:val=\"1440\"/>\n   <m:intLim m:val=\"subSup\"/>\n   <m:naryLim m:val=\"undOvr\"/>\n  </m:mathPr></w:WordDocument>\n</xml><![endif]--><!--[if gte mso 9]><xml>\n <w:LatentStyles DefLockedState=\"false\" DefUnhideWhenUsed=\"true\"\n  DefSemiHidden=\"true\" DefQFormat=\"false\" DefPriority=\"99\"\n  LatentStyleCount=\"267\">\n  <w:LsdException Locked=\"false\" Priority=\"0\" SemiHidden=\"false\"\n   UnhideWhenUsed=\"false\" QFormat=\"true\" Name=\"Normal\"/>\n  <w:LsdException Locked=\"false\" Priority=\"9\" SemiHidden=\"false\"\n   UnhideWhenUsed=\"false\" QFormat=\"true\" Name=\"heading 1\"/>\n  <w:LsdException Locked=\"false\" Priority=\"9\" QFormat=\"true\" Name=\"heading 2\"/>\n  <w:LsdException Locked=\"false\" Priority=\"9\" QFormat=\"true\" Name=\"heading 3\"/>\n  <w:LsdException Locked=\"false\" Priority=\"9\" QFormat=\"true\" Name=\"heading 4\"/>\n  <w:LsdException Locked=\"false\" Priority=\"9\" QFormat=\"true\" Name=\"heading 5\"/>\n  <w:LsdException Locked=\"false\" Priority=\"9\" QFormat=\"true\" Name=\"heading 6\"/>\n  <w:LsdException Locked=\"false\" Priority=\"9\" QFormat=\"true\" Name=\"heading 7\"/>\n  <w:LsdException Locked=\"false\" Priority=\"9\" QFormat=\"true\" Name=\"heading 8\"/>\n  <w:LsdException Locked=\"false\" Priority=\"9\" QFormat=\"true\" Name=\"heading 9\"/>\n  <w:LsdException Locked=\"false\" Priority=\"39\" Name=\"toc 1\"/>\n  <w:LsdException Locked=\"false\" Priority=\"39\" Name=\"toc 2\"/>\n  <w:LsdException Locked=\"false\" Priority=\"39\" Name=\"toc 3\"/>\n  <w:LsdException Locked=\"false\" Priority=\"39\" Name=\"toc 4\"/>\n  <w:LsdException Locked=\"false\" Priority=\"39\" Name=\"toc 5\"/>\n  <w:LsdException Locked=\"false\" Priority=\"39\" Name=\"toc 6\"/>\n  <w:LsdException Locked=\"false\" Priority=\"39\" Name=\"toc 7\"/>\n  <w:LsdException Locked=\"false\" Priority=\"39\" Name=\"toc 8\"/>\n  <w:LsdException Locked=\"false\" Priority=\"39\" Name=\"toc 9\"/>\n  <w:LsdException Locked=\"false\" Priority=\"35\" QFormat=\"true\" Name=\"caption\"/>\n  <w:LsdException Locked=\"false\" Priority=\"10\" SemiHidden=\"false\"\n   UnhideWhenUsed=\"false\" QFormat=\"true\" Name=\"Title\"/>\n  <w:LsdException Locked=\"false\" Priority=\"1\" Name=\"Default Paragraph Font\"/>\n  <w:LsdException Locked=\"false\" Priority=\"11\" SemiHidden=\"false\"\n   UnhideWhenUsed=\"false\" QFormat=\"true\" Name=\"Subtitle\"/>\n  <w:LsdException Locked=\"false\" Priority=\"22\" SemiHidden=\"false\"\n   UnhideWhenUsed=\"false\" QFormat=\"true\" Name=\"Strong\"/>\n  <w:LsdException Locked=\"false\" Priority=\"20\" SemiHidden=\"false\"\n   UnhideWhenUsed=\"false\" QFormat=\"true\" Name=\"Emphasis\"/>\n  <w:LsdException Locked=\"false\" Priority=\"59\" SemiHidden=\"false\"\n   UnhideWhenUsed=\"false\" Name=\"Table Grid\"/>\n  <w:LsdException Locked=\"false\" UnhideWhenUsed=\"false\" Name=\"Placeholder Text\"/>\n  <w:LsdException Locked=\"false\" Priority=\"1\" SemiHidden=\"false\"\n   UnhideWhenUsed=\"false\" QFormat=\"true\" Name=\"No Spacing\"/>\n  <w:LsdException Locked=\"false\" Priority=\"60\" SemiHidden=\"false\"\n   UnhideWhenUsed=\"false\" Name=\"Light Shading\"/>\n  <w:LsdException Locked=\"false\" Priority=\"61\" SemiHidden=\"false\"\n   UnhideWhenUsed=\"false\" Name=\"Light List\"/>\n  <w:LsdException Locked=\"false\" Priority=\"62\" SemiHidden=\"false\"\n   UnhideWhenUsed=\"false\" Name=\"Light Grid\"/>\n  <w:LsdException Locked=\"false\" Priority=\"63\" SemiHidden=\"false\"\n   UnhideWhenUsed=\"false\" Name=\"Medium Shading 1\"/>\n  <w:LsdException Locked=\"false\" Priority=\"64\" SemiHidden=\"false\"\n   UnhideWhenUsed=\"false\" Name=\"Medium Shading 2\"/>\n  <w:LsdException Locked=\"false\" Priority=\"65\" SemiHidden=\"false\"\n   UnhideWhenUsed=\"false\" Name=\"Medium List 1\"/>\n  <w:LsdException Locked=\"false\" Priority=\"66\" SemiHidden=\"false\"\n   UnhideWhenUsed=\"false\" Name=\"Medium List 2\"/>\n  <w:LsdException Locked=\"false\" Priority=\"67\" SemiHidden=\"false\"\n   UnhideWhenUsed=\"false\" Name=\"Medium Grid 1\"/>\n  <w:LsdException Locked=\"false\" Priority=\"68\" SemiHidden=\"false\"\n   UnhideWhenUsed=\"false\" Name=\"Medium Grid 2\"/>\n  <w:LsdException Locked=\"false\" Priority=\"69\" SemiHidden=\"false\"\n   UnhideWhenUsed=\"false\" Name=\"Medium Grid 3\"/>\n  <w:LsdException Locked=\"false\" Priority=\"70\" SemiHidden=\"false\"\n   UnhideWhenUsed=\"false\" Name=\"Dark List\"/>\n  <w:LsdException Locked=\"false\" Priority=\"71\" SemiHidden=\"false\"\n   UnhideWhenUsed=\"false\" Name=\"Colorful Shading\"/>\n  <w:LsdException Locked=\"false\" Priority=\"72\" SemiHidden=\"false\"\n   UnhideWhenUsed=\"false\" Name=\"Colorful List\"/>\n  <w:LsdException Locked=\"false\" Priority=\"73\" SemiHidden=\"false\"\n   UnhideWhenUsed=\"false\" Name=\"Colorful Grid\"/>\n  <w:LsdException Locked=\"false\" Priority=\"60\" SemiHidden=\"false\"\n   UnhideWhenUsed=\"false\" Name=\"Light Shading Accent 1\"/>\n  <w:LsdException Locked=\"false\" Priority=\"61\" SemiHidden=\"false\"\n   UnhideWhenUsed=\"false\" Name=\"Light List Accent 1\"/>\n  <w:LsdException Locked=\"false\" Priority=\"62\" SemiHidden=\"false\"\n   UnhideWhenUsed=\"false\" Name=\"Light Grid Accent 1\"/>\n  <w:LsdException Locked=\"false\" Priority=\"63\" SemiHidden=\"false\"\n   UnhideWhenUsed=\"false\" Name=\"Medium Shading 1 Accent 1\"/>\n  <w:LsdException Locked=\"false\" Priority=\"64\" SemiHidden=\"false\"\n   UnhideWhenUsed=\"false\" Name=\"Medium Shading 2 Accent 1\"/>\n  <w:LsdException Locked=\"false\" Priority=\"65\" SemiHidden=\"false\"\n   UnhideWhenUsed=\"false\" Name=\"Medium List 1 Accent 1\"/>\n  <w:LsdException Locked=\"false\" UnhideWhenUsed=\"false\" Name=\"Revision\"/>\n  <w:LsdException Locked=\"false\" Priority=\"34\" SemiHidden=\"false\"\n   UnhideWhenUsed=\"false\" QFormat=\"true\" Name=\"List Paragraph\"/>\n  <w:LsdException Locked=\"false\" Priority=\"29\" SemiHidden=\"false\"\n   UnhideWhenUsed=\"false\" QFormat=\"true\" Name=\"Quote\"/>\n  <w:LsdException Locked=\"false\" Priority=\"30\" SemiHidden=\"false\"\n   UnhideWhenUsed=\"false\" QFormat=\"true\" Name=\"Intense Quote\"/>\n  <w:LsdException Locked=\"false\" Priority=\"66\" SemiHidden=\"false\"\n   UnhideWhenUsed=\"false\" Name=\"Medium List 2 Accent 1\"/>\n  <w:LsdException Locked=\"false\" Priority=\"67\" SemiHidden=\"false\"\n   UnhideWhenUsed=\"false\" Name=\"Medium Grid 1 Accent 1\"/>\n  <w:LsdException Locked=\"false\" Priority=\"68\" SemiHidden=\"false\"\n   UnhideWhenUsed=\"false\" Name=\"Medium Grid 2 Accent 1\"/>\n  <w:LsdException Locked=\"false\" Priority=\"69\" SemiHidden=\"false\"\n   UnhideWhenUsed=\"false\" Name=\"Medium Grid 3 Accent 1\"/>\n  <w:LsdException Locked=\"false\" Priority=\"70\" SemiHidden=\"false\"\n   UnhideWhenUsed=\"false\" Name=\"Dark List Accent 1\"/>\n  <w:LsdException Locked=\"false\" Priority=\"71\" SemiHidden=\"false\"\n   UnhideWhenUsed=\"false\" Name=\"Colorful Shading Accent 1\"/>\n  <w:LsdException Locked=\"false\" Priority=\"72\" SemiHidden=\"false\"\n   UnhideWhenUsed=\"false\" Name=\"Colorful List Accent 1\"/>\n  <w:LsdException Locked=\"false\" Priority=\"73\" SemiHidden=\"false\"\n   UnhideWhenUsed=\"false\" Name=\"Colorful Grid Accent 1\"/>\n  <w:LsdException Locked=\"false\" Priority=\"60\" SemiHidden=\"false\"\n   UnhideWhenUsed=\"false\" Name=\"Light Shading Accent 2\"/>\n  <w:LsdException Locked=\"false\" Priority=\"61\" SemiHidden=\"false\"\n   UnhideWhenUsed=\"false\" Name=\"Light List Accent 2\"/>\n  <w:LsdException Locked=\"false\" Priority=\"62\" SemiHidden=\"false\"\n   UnhideWhenUsed=\"false\" Name=\"Light Grid Accent 2\"/>\n  <w:LsdException Locked=\"false\" Priority=\"63\" SemiHidden=\"false\"\n   UnhideWhenUsed=\"false\" Name=\"Medium Shading 1 Accent 2\"/>\n  <w:LsdException Locked=\"false\" Priority=\"64\" SemiHidden=\"false\"\n   UnhideWhenUsed=\"false\" Name=\"Medium Shading 2 Accent 2\"/>\n  <w:LsdException Locked=\"false\" Priority=\"65\" SemiHidden=\"false\"\n   UnhideWhenUsed=\"false\" Name=\"Medium List 1 Accent 2\"/>\n  <w:LsdException Locked=\"false\" Priority=\"66\" SemiHidden=\"false\"\n   UnhideWhenUsed=\"false\" Name=\"Medium List 2 Accent 2\"/>\n  <w:LsdException Locked=\"false\" Priority=\"67\" SemiHidden=\"false\"\n   UnhideWhenUsed=\"false\" Name=\"Medium Grid 1 Accent 2\"/>\n  <w:LsdException Locked=\"false\" Priority=\"68\" SemiHidden=\"false\"\n   UnhideWhenUsed=\"false\" Name=\"Medium Grid 2 Accent 2\"/>\n  <w:LsdException Locked=\"false\" Priority=\"69\" SemiHidden=\"false\"\n   UnhideWhenUsed=\"false\" Name=\"Medium Grid 3 Accent 2\"/>\n  <w:LsdException Locked=\"false\" Priority=\"70\" SemiHidden=\"false\"\n   UnhideWhenUsed=\"false\" Name=\"Dark List Accent 2\"/>\n  <w:LsdException Locked=\"false\" Priority=\"71\" SemiHidden=\"false\"\n   UnhideWhenUsed=\"false\" Name=\"Colorful Shading Accent 2\"/>\n  <w:LsdException Locked=\"false\" Priority=\"72\" SemiHidden=\"false\"\n   UnhideWhenUsed=\"false\" Name=\"Colorful List Accent 2\"/>\n  <w:LsdException Locked=\"false\" Priority=\"73\" SemiHidden=\"false\"\n   UnhideWhenUsed=\"false\" Name=\"Colorful Grid Accent 2\"/>\n  <w:LsdException Locked=\"false\" Priority=\"60\" SemiHidden=\"false\"\n   UnhideWhenUsed=\"false\" Name=\"Light Shading Accent 3\"/>\n  <w:LsdException Locked=\"false\" Priority=\"61\" SemiHidden=\"false\"\n   UnhideWhenUsed=\"false\" Name=\"Light List Accent 3\"/>\n  <w:LsdException Locked=\"false\" Priority=\"62\" SemiHidden=\"false\"\n   UnhideWhenUsed=\"false\" Name=\"Light Grid Accent 3\"/>\n  <w:LsdException Locked=\"false\" Priority=\"63\" SemiHidden=\"false\"\n   UnhideWhenUsed=\"false\" Name=\"Medium Shading 1 Accent 3\"/>\n  <w:LsdException Locked=\"false\" Priority=\"64\" SemiHidden=\"false\"\n   UnhideWhenUsed=\"false\" Name=\"Medium Shading 2 Accent 3\"/>\n  <w:LsdException Locked=\"false\" Priority=\"65\" SemiHidden=\"false\"\n   UnhideWhenUsed=\"false\" Name=\"Medium List 1 Accent 3\"/>\n  <w:LsdException Locked=\"false\" Priority=\"66\" SemiHidden=\"false\"\n   UnhideWhenUsed=\"false\" Name=\"Medium List 2 Accent 3\"/>\n  <w:LsdException Locked=\"false\" Priority=\"67\" SemiHidden=\"false\"\n   UnhideWhenUsed=\"false\" Name=\"Medium Grid 1 Accent 3\"/>\n  <w:LsdException Locked=\"false\" Priority=\"68\" SemiHidden=\"false\"\n   UnhideWhenUsed=\"false\" Name=\"Medium Grid 2 Accent 3\"/>\n  <w:LsdException Locked=\"false\" Priority=\"69\" SemiHidden=\"false\"\n   UnhideWhenUsed=\"false\" Name=\"Medium Grid 3 Accent 3\"/>\n  <w:LsdException Locked=\"false\" Priority=\"70\" SemiHidden=\"false\"\n   UnhideWhenUsed=\"false\" Name=\"Dark List Accent 3\"/>\n  <w:LsdException Locked=\"false\" Priority=\"71\" SemiHidden=\"false\"\n   UnhideWhenUsed=\"false\" Name=\"Colorful Shading Accent 3\"/>\n  <w:LsdException Locked=\"false\" Priority=\"72\" SemiHidden=\"false\"\n   UnhideWhenUsed=\"false\" Name=\"Colorful List Accent 3\"/>\n  <w:LsdException Locked=\"false\" Priority=\"73\" SemiHidden=\"false\"\n   UnhideWhenUsed=\"false\" Name=\"Colorful Grid Accent 3\"/>\n  <w:LsdException Locked=\"false\" Priority=\"60\" SemiHidden=\"false\"\n   UnhideWhenUsed=\"false\" Name=\"Light Shading Accent 4\"/>\n  <w:LsdException Locked=\"false\" Priority=\"61\" SemiHidden=\"false\"\n   UnhideWhenUsed=\"false\" Name=\"Light List Accent 4\"/>\n  <w:LsdException Locked=\"false\" Priority=\"62\" SemiHidden=\"false\"\n   UnhideWhenUsed=\"false\" Name=\"Light Grid Accent 4\"/>\n  <w:LsdException Locked=\"false\" Priority=\"63\" SemiHidden=\"false\"\n   UnhideWhenUsed=\"false\" Name=\"Medium Shading 1 Accent 4\"/>\n  <w:LsdException Locked=\"false\" Priority=\"64\" SemiHidden=\"false\"\n   UnhideWhenUsed=\"false\" Name=\"Medium Shading 2 Accent 4\"/>\n  <w:LsdException Locked=\"false\" Priority=\"65\" SemiHidden=\"false\"\n   UnhideWhenUsed=\"false\" Name=\"Medium List 1 Accent 4\"/>\n  <w:LsdException Locked=\"false\" Priority=\"66\" SemiHidden=\"false\"\n   UnhideWhenUsed=\"false\" Name=\"Medium List 2 Accent 4\"/>\n  <w:LsdException Locked=\"false\" Priority=\"67\" SemiHidden=\"false\"\n   UnhideWhenUsed=\"false\" Name=\"Medium Grid 1 Accent 4\"/>\n  <w:LsdException Locked=\"false\" Priority=\"68\" SemiHidden=\"false\"\n   UnhideWhenUsed=\"false\" Name=\"Medium Grid 2 Accent 4\"/>\n  <w:LsdException Locked=\"false\" Priority=\"69\" SemiHidden=\"false\"\n   UnhideWhenUsed=\"false\" Name=\"Medium Grid 3 Accent 4\"/>\n  <w:LsdException Locked=\"false\" Priority=\"70\" SemiHidden=\"false\"\n   UnhideWhenUsed=\"false\" Name=\"Dark List Accent 4\"/>\n  <w:LsdException Locked=\"false\" Priority=\"71\" SemiHidden=\"false\"\n   UnhideWhenUsed=\"false\" Name=\"Colorful Shading Accent 4\"/>\n  <w:LsdException Locked=\"false\" Priority=\"72\" SemiHidden=\"false\"\n   UnhideWhenUsed=\"false\" Name=\"Colorful List Accent 4\"/>\n  <w:LsdException Locked=\"false\" Priority=\"73\" SemiHidden=\"false\"\n   UnhideWhenUsed=\"false\" Name=\"Colorful Grid Accent 4\"/>\n  <w:LsdException Locked=\"false\" Priority=\"60\" SemiHidden=\"false\"\n   UnhideWhenUsed=\"false\" Name=\"Light Shading Accent 5\"/>\n  <w:LsdException Locked=\"false\" Priority=\"61\" SemiHidden=\"false\"\n   UnhideWhenUsed=\"false\" Name=\"Light List Accent 5\"/>\n  <w:LsdException Locked=\"false\" Priority=\"62\" SemiHidden=\"false\"\n   UnhideWhenUsed=\"false\" Name=\"Light Grid Accent 5\"/>\n  <w:LsdException Locked=\"false\" Priority=\"63\" SemiHidden=\"false\"\n   UnhideWhenUsed=\"false\" Name=\"Medium Shading 1 Accent 5\"/>\n  <w:LsdException Locked=\"false\" Priority=\"64\" SemiHidden=\"false\"\n   UnhideWhenUsed=\"false\" Name=\"Medium Shading 2 Accent 5\"/>\n  <w:LsdException Locked=\"false\" Priority=\"65\" SemiHidden=\"false\"\n   UnhideWhenUsed=\"false\" Name=\"Medium List 1 Accent 5\"/>\n  <w:LsdException Locked=\"false\" Priority=\"66\" SemiHidden=\"false\"\n   UnhideWhenUsed=\"false\" Name=\"Medium List 2 Accent 5\"/>\n  <w:LsdException Locked=\"false\" Priority=\"67\" SemiHidden=\"false\"\n   UnhideWhenUsed=\"false\" Name=\"Medium Grid 1 Accent 5\"/>\n  <w:LsdException Locked=\"false\" Priority=\"68\" SemiHidden=\"false\"\n   UnhideWhenUsed=\"false\" Name=\"Medium Grid 2 Accent 5\"/>\n  <w:LsdException Locked=\"false\" Priority=\"69\" SemiHidden=\"false\"\n   UnhideWhenUsed=\"false\" Name=\"Medium Grid 3 Accent 5\"/>\n  <w:LsdException Locked=\"false\" Priority=\"70\" SemiHidden=\"false\"\n   UnhideWhenUsed=\"false\" Name=\"Dark List Accent 5\"/>\n  <w:LsdException Locked=\"false\" Priority=\"71\" SemiHidden=\"false\"\n   UnhideWhenUsed=\"false\" Name=\"Colorful Shading Accent 5\"/>\n  <w:LsdException Locked=\"false\" Priority=\"72\" SemiHidden=\"false\"\n   UnhideWhenUsed=\"false\" Name=\"Colorful List Accent 5\"/>\n  <w:LsdException Locked=\"false\" Priority=\"73\" SemiHidden=\"false\"\n   UnhideWhenUsed=\"false\" Name=\"Colorful Grid Accent 5\"/>\n  <w:LsdException Locked=\"false\" Priority=\"60\" SemiHidden=\"false\"\n   UnhideWhenUsed=\"false\" Name=\"Light Shading Accent 6\"/>\n  <w:LsdException Locked=\"false\" Priority=\"61\" SemiHidden=\"false\"\n   UnhideWhenUsed=\"false\" Name=\"Light List Accent 6\"/>\n  <w:LsdException Locked=\"false\" Priority=\"62\" SemiHidden=\"false\"\n   UnhideWhenUsed=\"false\" Name=\"Light Grid Accent 6\"/>\n  <w:LsdException Locked=\"false\" Priority=\"63\" SemiHidden=\"false\"\n   UnhideWhenUsed=\"false\" Name=\"Medium Shading 1 Accent 6\"/>\n  <w:LsdException Locked=\"false\" Priority=\"64\" SemiHidden=\"false\"\n   UnhideWhenUsed=\"false\" Name=\"Medium Shading 2 Accent 6\"/>\n  <w:LsdException Locked=\"false\" Priority=\"65\" SemiHidden=\"false\"\n   UnhideWhenUsed=\"false\" Name=\"Medium List 1 Accent 6\"/>\n  <w:LsdException Locked=\"false\" Priority=\"66\" SemiHidden=\"false\"\n   UnhideWhenUsed=\"false\" Name=\"Medium List 2 Accent 6\"/>\n  <w:LsdException Locked=\"false\" Priority=\"67\" SemiHidden=\"false\"\n   UnhideWhenUsed=\"false\" Name=\"Medium Grid 1 Accent 6\"/>\n  <w:LsdException Locked=\"false\" Priority=\"68\" SemiHidden=\"false\"\n   UnhideWhenUsed=\"false\" Name=\"Medium Grid 2 Accent 6\"/>\n  <w:LsdException Locked=\"false\" Priority=\"69\" SemiHidden=\"false\"\n   UnhideWhenUsed=\"false\" Name=\"Medium Grid 3 Accent 6\"/>\n  <w:LsdException Locked=\"false\" Priority=\"70\" SemiHidden=\"false\"\n   UnhideWhenUsed=\"false\" Name=\"Dark List Accent 6\"/>\n  <w:LsdException Locked=\"false\" Priority=\"71\" SemiHidden=\"false\"\n   UnhideWhenUsed=\"false\" Name=\"Colorful Shading Accent 6\"/>\n  <w:LsdException Locked=\"false\" Priority=\"72\" SemiHidden=\"false\"\n   UnhideWhenUsed=\"false\" Name=\"Colorful List Accent 6\"/>\n  <w:LsdException Locked=\"false\" Priority=\"73\" SemiHidden=\"false\"\n   UnhideWhenUsed=\"false\" Name=\"Colorful Grid Accent 6\"/>\n  <w:LsdException Locked=\"false\" Priority=\"19\" SemiHidden=\"false\"\n   UnhideWhenUsed=\"false\" QFormat=\"true\" Name=\"Subtle Emphasis\"/>\n  <w:LsdException Locked=\"false\" Priority=\"21\" SemiHidden=\"false\"\n   UnhideWhenUsed=\"false\" QFormat=\"true\" Name=\"Intense Emphasis\"/>\n  <w:LsdException Locked=\"false\" Priority=\"31\" SemiHidden=\"false\"\n   UnhideWhenUsed=\"false\" QFormat=\"true\" Name=\"Subtle Reference\"/>\n  <w:LsdException Locked=\"false\" Priority=\"32\" SemiHidden=\"false\"\n   UnhideWhenUsed=\"false\" QFormat=\"true\" Name=\"Intense Reference\"/>\n  <w:LsdException Locked=\"false\" Priority=\"33\" SemiHidden=\"false\"\n   UnhideWhenUsed=\"false\" QFormat=\"true\" Name=\"Book Title\"/>\n  <w:LsdException Locked=\"false\" Priority=\"37\" Name=\"Bibliography\"/>\n  <w:LsdException Locked=\"false\" Priority=\"39\" QFormat=\"true\" Name=\"TOC Heading\"/>\n </w:LatentStyles>\n</xml><![endif]-->\n<style>\n<!--\n /* Font Definitions */\n @font-face\n	{font-family:宋体;\n	panose-1:2 1 6 0 3 1 1 1 1 1;\n	mso-font-alt:SimSun;\n	mso-font-charset:134;\n	mso-generic-font-family:auto;\n	mso-font-pitch:variable;\n	mso-font-signature:3 680460288 22 0 262145 0;}\n@font-face\n	{font-family:宋体;\n	panose-1:2 1 6 0 3 1 1 1 1 1;\n	mso-font-alt:SimSun;\n	mso-font-charset:134;\n	mso-generic-font-family:auto;\n	mso-font-pitch:variable;\n	mso-font-signature:3 680460288 22 0 262145 0;}\n@font-face\n	{font-family:Calibri;\n	panose-1:2 15 5 2 2 2 4 3 2 4;\n	mso-font-charset:0;\n	mso-generic-font-family:swiss;\n	mso-font-pitch:variable;\n	mso-font-signature:-520092929 1073786111 9 0 415 0;}\n@font-face\n	{font-family:\"\\@宋体\";\n	panose-1:2 1 6 0 3 1 1 1 1 1;\n	mso-font-charset:134;\n	mso-generic-font-family:auto;\n	mso-font-pitch:variable;\n	mso-font-signature:3 680460288 22 0 262145 0;}\n /* Style Definitions */\n p.MsoNormal, li.MsoNormal, div.MsoNormal\n	{mso-style-unhide:no;\n	mso-style-qformat:yes;\n	mso-style-parent:\"\";\n	margin:0cm;\n	margin-bottom:.0001pt;\n	text-align:justify;\n	text-justify:inter-ideograph;\n	mso-pagination:none;\n	font-size:10.5pt;\n	mso-bidi-font-size:11.0pt;\n	font-family:\"Calibri\",\"sans-serif\";\n	mso-ascii-font-family:Calibri;\n	mso-ascii-theme-font:minor-latin;\n	mso-fareast-font-family:宋体;\n	mso-fareast-theme-font:minor-fareast;\n	mso-hansi-font-family:Calibri;\n	mso-hansi-theme-font:minor-latin;\n	mso-bidi-font-family:\"Times New Roman\";\n	mso-bidi-theme-font:minor-bidi;\n	mso-font-kerning:1.0pt;}\na:link, span.MsoHyperlink\n	{mso-style-noshow:yes;\n	mso-style-priority:99;\n	color:blue;\n	text-decoration:underline;\n	text-underline:single;}\na:visited, span.MsoHyperlinkFollowed\n	{mso-style-noshow:yes;\n	mso-style-priority:99;\n	color:purple;\n	mso-themecolor:followedhyperlink;\n	text-decoration:underline;\n	text-underline:single;}\np\n	{mso-style-priority:99;\n	mso-margin-top-alt:auto;\n	margin-right:0cm;\n	mso-margin-bottom-alt:auto;\n	margin-left:0cm;\n	mso-pagination:widow-orphan;\n	font-size:12.0pt;\n	font-family:宋体;\n	mso-bidi-font-family:宋体;}\n.MsoChpDefault\n	{mso-style-type:export-only;\n	mso-default-props:yes;\n	font-family:\"Calibri\",\"sans-serif\";\n	mso-bidi-font-family:\"Times New Roman\";\n	mso-bidi-theme-font:minor-bidi;}\n /* Page Definitions */\n @page\n	{mso-page-border-surround-header:no;\n	mso-page-border-surround-footer:no;}\n@page WordSection1\n	{size:612.0pt 792.0pt;\n	margin:72.0pt 90.0pt 72.0pt 90.0pt;\n	mso-header-margin:36.0pt;\n	mso-footer-margin:36.0pt;\n	mso-paper-source:0;}\ndiv.WordSection1\n	{page:WordSection1;}\n-->\n</style>\n<!--[if gte mso 10]>\n<style>\n /* Style Definitions */\n table.MsoNormalTable\n	{mso-style-name:普通表格;\n	mso-tstyle-rowband-size:0;\n	mso-tstyle-colband-size:0;\n	mso-style-noshow:yes;\n	mso-style-priority:99;\n	mso-style-parent:\"\";\n	mso-padding-alt:0cm 5.4pt 0cm 5.4pt;\n	mso-para-margin:0cm;\n	mso-para-margin-bottom:.0001pt;\n	mso-pagination:widow-orphan;\n	font-size:10.5pt;\n	mso-bidi-font-size:11.0pt;\n	font-family:\"Calibri\",\"sans-serif\";\n	mso-ascii-font-family:Calibri;\n	mso-ascii-theme-font:minor-latin;\n	mso-hansi-font-family:Calibri;\n	mso-hansi-theme-font:minor-latin;\n	mso-bidi-font-family:\"Times New Roman\";\n	mso-bidi-theme-font:minor-bidi;\n	mso-font-kerning:1.0pt;}\n</style>\n<![endif]-->\n\n\n\n\n\n\n\n\n\n\n\n\n\n\n\n\n\n\n\n</p><p><span lang=\"EN-US\"><o:p>&nbsp;</o:p></span></p>','',1,6,'2018-07-11 11:49:36.953020',1),(4,'如何做好计算机视觉的研究','<p class=\"MsoNormal\" align=\"left\" style=\"mso-margin-top-alt:auto;mso-margin-bottom-alt:\nauto;text-align:left;mso-pagination:widow-orphan\"><span style=\"font-size:12.0pt;\nfont-family:宋体;mso-bidi-font-family:宋体;mso-font-kerning:0pt\">要回答这个问题，我们先要对这个问题的关键词进行分析：如果去掉<span lang=\"EN-US\">“</span>计算机视觉<span lang=\"EN-US\">”</span>这个限定词，这问题就变成了<b><span lang=\"EN-US\">“</span>如何做好研究？<span lang=\"EN-US\">”</span></b>那么，要回答这个问题，我们就要知道<span lang=\"EN-US\">“</span>什么是好的研究？<span lang=\"EN-US\">”</span>而要定义什么是好的研究，必须回到根本，先要知道<b><span lang=\"EN-US\">“</span>什么是研究？<span lang=\"EN-US\">”</span></b><span lang=\"EN-US\"><o:p></o:p></span></span></p><p class=\"MsoNormal\" align=\"left\" style=\"mso-margin-top-alt:auto;mso-margin-bottom-alt:\nauto;text-align:left;mso-pagination:widow-orphan\"><span style=\"font-size:12.0pt;\nfont-family:宋体;mso-bidi-font-family:宋体;mso-font-kerning:0pt\">我们的讨论就从这个问题开始。<span lang=\"EN-US\"><o:p></o:p></span></span></p><p class=\"MsoNormal\" align=\"left\" style=\"mso-margin-top-alt:auto;mso-margin-bottom-alt:\nauto;text-align:left;mso-pagination:widow-orphan\"><span style=\"font-size:12.0pt;\nfont-family:宋体;mso-bidi-font-family:宋体;mso-font-kerning:0pt\">什么是研究？<span lang=\"EN-US\"><o:p></o:p></span></span></p><p class=\"MsoNormal\" align=\"left\" style=\"mso-margin-top-alt:auto;mso-margin-bottom-alt:\nauto;text-align:left;mso-pagination:widow-orphan\"><span style=\"font-size:12.0pt;\nfont-family:宋体;mso-bidi-font-family:宋体;mso-font-kerning:0pt\">一个被普遍接受的对研究的广义定义为：<b>研究是为了产生新的知识或者是为已有的知识设计新的应用的系统性的工作</b>。因为我们今天的讨论其实更多集中在科学研究上，先确定狭义的研究的定义为：<b>利用科学的方法来调查解释一个现象或者获取新的知识。</b><span lang=\"EN-US\"><o:p></o:p></span></span></p><p class=\"MsoNormal\" align=\"left\" style=\"mso-margin-top-alt:auto;mso-margin-bottom-alt:\nauto;text-align:left;mso-pagination:widow-orphan\"><span style=\"font-size:12.0pt;\nfont-family:宋体;mso-bidi-font-family:宋体;mso-font-kerning:0pt\">综合这两个定义，可以看到科学研究从本质上是由三个基本的要素构成：<span lang=\"EN-US\"><o:p></o:p></span></span></p><p class=\"MsoNormal\" align=\"left\" style=\"mso-margin-top-alt:auto;mso-margin-bottom-alt:\nauto;text-align:left;mso-pagination:widow-orphan\"><span lang=\"EN-US\" style=\"font-size:12.0pt;font-family:宋体;mso-bidi-font-family:宋体;mso-font-kerning:\n0pt\">· </span><b><span style=\"font-size:12.0pt;font-family:宋体;mso-bidi-font-family:\n宋体;mso-font-kerning:0pt\">目的</span></b><span style=\"font-size:12.0pt;font-family:\n宋体;mso-bidi-font-family:宋体;mso-font-kerning:0pt\">：产生新的知识或者是设计出新的应用<span lang=\"EN-US\">; <o:p></o:p></span></span></p><p class=\"MsoNormal\" align=\"left\" style=\"mso-margin-top-alt:auto;mso-margin-bottom-alt:\nauto;text-align:left;mso-pagination:widow-orphan\"><span lang=\"EN-US\" style=\"font-size:12.0pt;font-family:宋体;mso-bidi-font-family:宋体;mso-font-kerning:\n0pt\">· </span><b><span style=\"font-size:12.0pt;font-family:宋体;mso-bidi-font-family:\n宋体;mso-font-kerning:0pt\">手段</span></b><span style=\"font-size:12.0pt;font-family:\n宋体;mso-bidi-font-family:宋体;mso-font-kerning:0pt\">：科学的方法。缺少这两个要素任何之一都不构成科学研究<span lang=\"EN-US\">; <o:p></o:p></span></span></p><p class=\"MsoNormal\" align=\"left\" style=\"mso-margin-top-alt:auto;mso-margin-bottom-alt:\nauto;text-align:left;mso-pagination:widow-orphan\"><span lang=\"EN-US\" style=\"font-size:12.0pt;font-family:宋体;mso-bidi-font-family:宋体;mso-font-kerning:\n0pt\">· </span><b><span style=\"font-size:12.0pt;font-family:宋体;mso-bidi-font-family:\n宋体;mso-font-kerning:0pt\">成果</span></b><span style=\"font-size:12.0pt;font-family:\n宋体;mso-bidi-font-family:宋体;mso-font-kerning:0pt\">：新的知识。所谓新的知识，必须是前人不知道的东西。<span lang=\"EN-US\"><o:p></o:p></span></span></p><p class=\"MsoNormal\" align=\"left\" style=\"mso-margin-top-alt:auto;mso-margin-bottom-alt:\nauto;text-align:left;mso-pagination:widow-orphan\"><span style=\"font-size:12.0pt;\nfont-family:宋体;mso-bidi-font-family:宋体;mso-font-kerning:0pt\">我们很多同学和年轻的研究员认为研究就是写论文、研究成果就是论文，这其实是在观念上走进了一个误区。论文是系统阐述新的知识、新的应用，以及阐述获取这个新知识或者新应用用到了什么样的科学方法的一个载体。<b>论文，作为阐述研究成果的主要手段，必须经过同行的评议通过才能正式发表和被认可。</b><span lang=\"EN-US\"><o:p></o:p></span></span></p><p class=\"MsoNormal\" align=\"left\" style=\"mso-margin-top-alt:auto;mso-margin-bottom-alt:\nauto;text-align:left;mso-pagination:widow-orphan\"><span style=\"font-size:12.0pt;\nfont-family:宋体;mso-bidi-font-family:宋体;mso-font-kerning:0pt\">在人工智能进入第三个热潮之际，我们看到各种各样关于<span lang=\"EN-US\">AI</span>的各种媒体报道层出不穷，一方面，这对大众普及了<span lang=\"EN-US\">AI</span>各方面的知识，是积极的。但从另一个方面讲，很多观点没有经过仔细的推敲，也没有同行的评议，一些谬误或者是夸大的观点可能因为广泛传播而被大众接受，结果产生负面的社会影响。这就提醒我们相关领域的研究人员，在对大众媒体去做一些评论的时候，必须仔细斟酌，尽量不传播没有得到检验的观点。<span lang=\"EN-US\"><o:p></o:p></span></span></p><p class=\"MsoNormal\" align=\"left\" style=\"mso-margin-top-alt:auto;mso-margin-bottom-alt:\nauto;text-align:left;mso-pagination:widow-orphan\"><span style=\"font-size:12.0pt;\nfont-family:宋体;mso-bidi-font-family:宋体;mso-font-kerning:0pt\">这就谈到第二个问题：<span lang=\"EN-US\"><o:p></o:p></span></span></p><p class=\"MsoNormal\" align=\"left\" style=\"mso-margin-top-alt:auto;mso-margin-bottom-alt:\nauto;text-align:left;mso-pagination:widow-orphan\"><b><span style=\"font-size:\n12.0pt;font-family:宋体;mso-bidi-font-family:宋体;mso-font-kerning:0pt\">什么是好的研究？</span></b><span lang=\"EN-US\" style=\"font-size:12.0pt;font-family:宋体;mso-bidi-font-family:宋体;\nmso-font-kerning:0pt\"><o:p></o:p></span></p><p class=\"MsoNormal\" align=\"left\" style=\"mso-margin-top-alt:auto;mso-margin-bottom-alt:\nauto;text-align:left;mso-pagination:widow-orphan\"><span style=\"font-size:12.0pt;\nfont-family:宋体;mso-bidi-font-family:宋体;mso-font-kerning:0pt\">不同领域的研究员对这个问题可能会有不同的看法。<span lang=\"EN-US\"><o:p></o:p></span></span></p><p class=\"MsoNormal\" align=\"left\" style=\"mso-margin-top-alt:auto;mso-margin-bottom-alt:\nauto;text-align:left;mso-pagination:widow-orphan\"><span style=\"font-size:12.0pt;\nfont-family:宋体;mso-bidi-font-family:宋体;mso-font-kerning:0pt\">从计算机科学的角度来讲，尤其是计算机视觉的研究，无论是理论的还是实践的，我们的研究成果最终是要解决现实世界的问题的。在这个方面，我印象比较深刻的还是我在西安交通大学读研究生的时候，沈向洋博士<span lang=\"EN-US\">2001</span>年在西安交大做报告提到的一个观点：<b>最好的研究员发现新问题；好的研究员创造新方法解好问题；一般的研究员跟随别人的方法解问题</b><span lang=\"EN-US\">——</span>大家在多次这里看到<span lang=\"EN-US\">“</span>新<span lang=\"EN-US\">”</span>这个关键词，<b>创新是研究的本质。</b><span lang=\"EN-US\"><o:p></o:p></span></span></p><p class=\"MsoNormal\" align=\"left\" style=\"mso-margin-top-alt:auto;mso-margin-bottom-alt:\nauto;text-align:left;mso-pagination:widow-orphan\"><span style=\"font-size:12.0pt;\nfont-family:宋体;mso-bidi-font-family:宋体;mso-font-kerning:0pt\">有了这些铺垫，我们首先定义什么是最好的研究。通常认为一个领域中对于某一个问题最好的研究工作有三种：<b>第一篇论文<span lang=\"EN-US\"> (The First Paper)</span>，最好的一篇论文<span lang=\"EN-US\"> (The Best Paper)</span>，以及最后一篇论文<span lang=\"EN-US\">(The Last Paper)</span>。</b>这第一篇论文的含义是说这篇论文率先提出了一个好的问题和方向。最好的一篇论文是什么？那一定是开创性地提出了一种解法，启发了最终解决这个问题的途径。至于最后一篇论文，那一定是彻底把这个问题解决了，从此以后这个问题不再需要继续做进一步的研究。<span lang=\"EN-US\"><o:p></o:p></span></span></p><p class=\"MsoNormal\" align=\"left\" style=\"mso-margin-top-alt:auto;mso-margin-bottom-alt:\nauto;text-align:left;mso-pagination:widow-orphan\"><span style=\"font-size:12.0pt;\nfont-family:宋体;mso-bidi-font-family:宋体;mso-font-kerning:0pt\">从计算机视觉领域举一个具体的例子来讲，<span lang=\"EN-US\">Harris Corner Detector</span>属于最早的一批在图像中检测角点的论文，可以归为第一篇之列。<span lang=\"EN-US\">David Lowe</span>博士的<span lang=\"EN-US\">SIFT</span>特征检测和局部描述子，可以归为在这个方向上最好的论文之列。那么这个方向的最后一篇呢？\n我认为可能还没有出现。具体到我自己的研究工作，在局部描述子这个方向上，我跟我的同事<span lang=\"EN-US\">Matthew Brown</span>和<span lang=\"EN-US\">Simon Winder</span>在<span lang=\"EN-US\">2007</span>年到<span lang=\"EN-US\">2009</span>年之间所做的一系列用机器学习的方法来建立描述子的工作，也实际上为提高局部描述子的性能提供了一个新的思路和方法。<span lang=\"EN-US\"><o:p></o:p></span></span></p><p class=\"MsoNormal\" align=\"left\" style=\"mso-margin-top-alt:auto;mso-margin-bottom-alt:\nauto;text-align:left;mso-pagination:widow-orphan\"><span style=\"font-size:12.0pt;\nfont-family:宋体;mso-bidi-font-family:宋体;mso-font-kerning:0pt\">对于我们很多研究员和学生来讲，一辈子可能都做不到这三种最好的研究工作之一。那是不是就等于说你不能做好的研究工作或者根本不用考虑做研究了呢？肯定不是这样。科学研究是一个共同体。这些最好的研究工作也是在前面很多很多非常扎实（<span lang=\"EN-US\">solid</span>）的研究工作的基础上发展出来的。因此，对于年青的研究员和学生而言，应该胸怀大志，去追求做最好的研究工作，但从实际执行上来讲，还是要把一项一项具体的工作先做扎实了。<span lang=\"EN-US\"><o:p></o:p></span></span></p><p class=\"MsoNormal\" align=\"left\" style=\"mso-margin-top-alt:auto;mso-margin-bottom-alt:\nauto;text-align:left;mso-pagination:widow-orphan\"><span style=\"font-size:12.0pt;\nfont-family:宋体;mso-bidi-font-family:宋体;mso-font-kerning:0pt\">怎么做到把研究工作做扎实了？首先，你必须对你要解的问题有一个全面深刻的了解，包括为什么要解这个问题、解这个问题有什么意义呢、以前有没有试图解决同样或者类似问题的先例，如果有，你就要全面了解前人都提出了什么样的解法、他们的解法都有什么样的优势和缺陷<span lang=\"EN-US\">……</span>最后，你的解法解决了前面这些解法不能解决的问题呢，或者是你的解法处理了什么样的他们不能处理的缺陷了？这些问题的答案如果都有了，那么，在写论文的过程中要注意的就是：你的假设是什么？你怎么验证了你的假设？这个验证既可以是理论上的证明，也可以是实验的验证。我们很多学生和年青的研究员，写论文的时候没有找到内在的逻辑关系，很多观点都是似是而非。或者说重一点，在论文撰写方面的训练严重不足。你的研究如果到了写论文的阶段，那就必须要有明确的观点提出来。这个观点必须明确无误，只有这样你才能被称为形成了新的知识。你的每一个观点都必须在理论上或者是实验中得到验证。另外，论文的撰写是为了让人看懂，不是让人看不懂，所以我们在撰写过程中必须尽量保证不去假设读者已经拥有了某些方面的知识。做好了这些，基本上你就有很大的可能性能够做出扎实（<span lang=\"EN-US\">solid)</span>的研究工作。<span lang=\"EN-US\"><o:p></o:p></span></span></p><p class=\"MsoNormal\" align=\"left\"><span lang=\"EN-US\" style=\"font-size:12.0pt;font-family:宋体;mso-bidi-font-family:宋体;\nmso-font-kerning:0pt;mso-no-proof:yes\"><!--[if gte vml 1]><v:shapetype id=\"_x0000_t75\"\n coordsize=\"21600,21600\" o:spt=\"75\" o:preferrelative=\"t\" path=\"m@4@5l@4@11@9@11@9@5xe\"\n filled=\"f\" stroked=\"f\">\n <v:stroke join/>\n <v:formulas>\n  <v:f eqn=\"if lineDrawn pixelLineWidth 0\"/>\n  <v:f eqn=\"sum @0 1 0\"/>\n  <v:f eqn=\"sum 0 0 @1\"/>\n  <v:f eqn=\"prod @2 1 2\"/>\n  <v:f eqn=\"prod @3 21600 pixelWidth\"/>\n  <v:f eqn=\"prod @3 21600 pixelHeight\"/>\n  <v:f eqn=\"sum @0 0 1\"/>\n  <v:f eqn=\"prod @6 1 2\"/>\n  <v:f eqn=\"prod @7 21600 pixelWidth\"/>\n  <v:f eqn=\"sum @8 21600 0\"/>\n  <v:f eqn=\"prod @7 21600 pixelHeight\"/>\n  <v:f eqn=\"sum @10 21600 0\"/>\n </v:formulas>\n <v:path o:extrusionok=\"f\" gradientshapeok=\"t\" o:connecttype=\"rect\"/>\n <o:lock v:ext=\"edit\" aspectratio=\"t\"/>\n</v:shapetype><v:shape id=\"图片_x0020_20\" o:spid=\"_x0000_i1026\" type=\"#_x0000_t75\"\n alt=\"说明: https://pic3.zhimg.com/80/v2-706eb4008de08121cbe2ce4480045066_hd.jpg\"\n>\n <v:imagedata src=\"file:///C:\\Users\\ADMINI~1\\AppData\\Local\\Temp\\msohtmlclip1\\01\\clip_image001.jpg\"\n  o:title=\"v2-706eb4008de08121cbe2ce4480045066_hd\"/>\n</v:shape><![endif]--><!--[if !vml]--><img width=\"641\" height=\"427\" src=\"file:///C:\\Users\\ADMINI~1\\AppData\\Local\\Temp\\msohtmlclip1\\01\\clip_image001.jpg\" alt=\"说明: https://pic3.zhimg.com/80/v2-706eb4008de08121cbe2ce4480045066_hd.jpg\" v:shapes=\"图片_x0020_20\"><!--[endif]--></span><span lang=\"EN-US\" style=\"font-size:12.0pt;\nfont-family:宋体;mso-bidi-font-family:宋体;mso-font-kerning:0pt\"><o:p></o:p></span></p><p class=\"MsoNormal\" align=\"left\" style=\"mso-margin-top-alt:auto;mso-margin-bottom-alt:\nauto;text-align:left;mso-pagination:widow-orphan\"><span style=\"font-size:12.0pt;\nfont-family:宋体;mso-bidi-font-family:宋体;mso-font-kerning:0pt\">然后回到我们讨论的主题：<span lang=\"EN-US\"><o:p></o:p></span></span></p><p class=\"MsoNormal\" align=\"left\" style=\"mso-margin-top-alt:auto;mso-margin-bottom-alt:\nauto;text-align:left;mso-pagination:widow-orphan\"><b><span style=\"font-size:\n12.0pt;font-family:宋体;mso-bidi-font-family:宋体;mso-font-kerning:0pt\">如何做好计算机视觉的研究工作？</span></b><span lang=\"EN-US\" style=\"font-size:12.0pt;font-family:宋体;mso-bidi-font-family:宋体;\nmso-font-kerning:0pt\"><o:p></o:p></span></p><p class=\"MsoNormal\" align=\"left\" style=\"mso-margin-top-alt:auto;mso-margin-bottom-alt:\nauto;text-align:left;mso-pagination:widow-orphan\"><span style=\"font-size:12.0pt;\nfont-family:宋体;mso-bidi-font-family:宋体;mso-font-kerning:0pt\">其实，要回答这个问题，将我上面讲的所有观点加上<span lang=\"EN-US\">“</span>计算机视觉领域<span lang=\"EN-US\">”</span>这个限定词就行了。我这儿结合计算机视觉研究的一些现状及朱松纯老师的一些观点来进一步谈谈我的观点。<span lang=\"EN-US\"><o:p></o:p></span></span></p><p class=\"MsoNormal\" align=\"left\" style=\"mso-margin-top-alt:auto;mso-margin-bottom-alt:\nauto;text-align:left;mso-pagination:widow-orphan\"><span style=\"font-size:12.0pt;\nfont-family:宋体;mso-bidi-font-family:宋体;mso-font-kerning:0pt\">首先谈谈我观察到的一些现象。很多年轻的学生，现在讨论问题的时候都用这样的谈话：我发现用<span lang=\"EN-US\">FC6</span>层的特征，比用<span lang=\"EN-US\">FC7</span>层的特征，在某个图像数据集上比现在最好的算法提高了<span lang=\"EN-US\">1.5%</span>的识别精度，老师我们可以写论文了（如果大家不能理解这句话，<span lang=\"EN-US\">FC6</span>和<span lang=\"EN-US\">FC7</span>是表示<span lang=\"EN-US\">AlexNet</span>的两个中间输出层）。我想请问，你在这个过程中发现了什么样的<b>普适的新的知识</b>吗，又或者，在不是普适的情况下，你在<b>什么限定条件下</b>一定能够看到这样的识别精度提高了？<span lang=\"EN-US\"><o:p></o:p></span></span></p><p class=\"MsoNormal\" align=\"left\" style=\"mso-margin-top-alt:auto;mso-margin-bottom-alt:\nauto;text-align:left;mso-pagination:widow-orphan\"><span style=\"font-size:12.0pt;\nfont-family:宋体;mso-bidi-font-family:宋体;mso-font-kerning:0pt\">不错，提高识别精度是一个很好的目标，但要注意，<b>计算机视觉的研究是要解决识别的问题，不是解某一个图像数据集</b>。这些图像数据集提供了很好的验证你的假设和方法的手段，但如果你没有遵循科学的方法和和手段去设计你的算法和实验，你也不可能得到一个科学的结论，从而也不能产生新的知识，更不用谈对这个领域做出贡献。朱松纯老师在他的评论中提到，很多学生认为，计算机视觉现在就是调深度神经网络的参数，也就是说的这个问题。<span lang=\"EN-US\"><o:p></o:p></span></span></p><p class=\"MsoNormal\" align=\"left\" style=\"mso-margin-top-alt:auto;mso-margin-bottom-alt:\nauto;text-align:left;mso-pagination:widow-orphan\"><span style=\"font-size:12.0pt;\nfont-family:宋体;mso-bidi-font-family:宋体;mso-font-kerning:0pt\">所以，<b>具体到对于刚开始从事计算机视觉研究的学生来讲，要做好这方面的研究，我觉得第一步还是要系统学习一下计算机视觉的课程</b>，全面了解一下计算机视觉这个领域的来龙去脉、这个领域都有哪些基本的问题、哪些问题已经解得比较成熟而哪些问题还在初级阶段<span lang=\"EN-US\">……<o:p></o:p></span></span></p><p class=\"MsoNormal\" align=\"left\" style=\"mso-margin-top-alt:auto;mso-margin-bottom-alt:\nauto;text-align:left;mso-pagination:widow-orphan\"><span style=\"font-size:12.0pt;\nfont-family:宋体;mso-bidi-font-family:宋体;mso-font-kerning:0pt\">这里，<b>推荐所有的学生学习两本经典教材《<span lang=\"EN-US\">Computer Vision: A Modern Approach</span>》和《<span lang=\"EN-US\">Computer\nVision: Algorithms and Applications</span>》</b>，可以先读完第一本再读第二本。<span lang=\"EN-US\"><o:p></o:p></span></span></p><p class=\"MsoNormal\" align=\"left\"><span lang=\"EN-US\" style=\"font-size:12.0pt;font-family:宋体;mso-bidi-font-family:宋体;\nmso-font-kerning:0pt;mso-no-proof:yes\"><!--[if gte vml 1]><v:shape id=\"图片_x0020_19\"\n o:spid=\"_x0000_i1025\" type=\"#_x0000_t75\" alt=\"说明: https://pic3.zhimg.com/80/v2-d39df8f3586180905ff5eab75632aaf6_hd.jpg\"\n>\n <v:imagedata src=\"file:///C:\\Users\\ADMINI~1\\AppData\\Local\\Temp\\msohtmlclip1\\01\\clip_image002.jpg\"\n  o:title=\"v2-d39df8f3586180905ff5eab75632aaf6_hd\"/>\n</v:shape><![endif]--><!--[if !vml]--><img width=\"641\" height=\"384\" src=\"file:///C:\\Users\\ADMINI~1\\AppData\\Local\\Temp\\msohtmlclip1\\01\\clip_image002.jpg\" alt=\"说明: https://pic3.zhimg.com/80/v2-d39df8f3586180905ff5eab75632aaf6_hd.jpg\" v:shapes=\"图片_x0020_19\"><!--[endif]--></span><span lang=\"EN-US\" style=\"font-size:12.0pt;\nfont-family:宋体;mso-bidi-font-family:宋体;mso-font-kerning:0pt\"><o:p></o:p></span></p><p class=\"MsoNormal\" align=\"left\" style=\"mso-margin-top-alt:auto;mso-margin-bottom-alt:\nauto;text-align:left;mso-pagination:widow-orphan\"><span style=\"font-size:12.0pt;\nfont-family:宋体;mso-bidi-font-family:宋体;mso-font-kerning:0pt\">只有对这个领域有了一个<b>初步的全面了解</b>，你才能够<b>找到自己感兴趣的那个问题</b>。在众多的问题当中，你是希望做三维重建，还是做图像识别、物体跟踪，又或是做计算摄影呢？做研究其实不是一个完全享乐的的过程，你必须要有足够的兴趣来保证你能持续地走下去，这在你感觉自己当前研究的思路走不下去的时候尤其具有重要意义。<b>当你确定你感兴趣的问题，你应该首先全面调研一下这个问题的来龙去脉。</b>这就意味着你不能只读过去五年的论文。你可以从过去一年的论文开始，慢慢追溯回到过去很久的相关的论文。有些时候，你会惊讶地发现前人想问题的深度。研究的英文单词是<span lang=\"EN-US\">Research</span>，拆开是<span lang=\"EN-US\">Re-Search</span>，用中文直译就是重新搜索和发现，而不是直接发现，其实就是说你要首先对这个问题做追本溯源。朱松纯老师提到的我们很多学生现在不读五年以前的论文，说的也是这个道理。<span lang=\"EN-US\"><o:p></o:p></span></span></p><p class=\"MsoNormal\" align=\"left\" style=\"mso-margin-top-alt:auto;mso-margin-bottom-alt:\nauto;text-align:left;mso-pagination:widow-orphan\"><b><span style=\"font-size:\n12.0pt;font-family:宋体;mso-bidi-font-family:宋体;mso-font-kerning:0pt\">当你做好了这些，你必须钻进计算视觉的一个小的领域。</span></b><span style=\"font-size:12.0pt;font-family:宋体;mso-bidi-font-family:宋体;mso-font-kerning:\n0pt\">人的精力是有限的，这就意味着你不可能把很多事情同时做好，所以在你选好方向之后，就要把你的精力集中在你感兴趣的一个问题上， 努力成为这个方面的专家。研究是一项长跑，很多时候，你在一个方向上比别人坚持久一点，\n你就有机会超越他而成为某个方面的专家。<span lang=\"EN-US\"><o:p></o:p></span></span></p><p class=\"MsoNormal\" align=\"left\" style=\"mso-margin-top-alt:auto;mso-margin-bottom-alt:\nauto;text-align:left;mso-pagination:widow-orphan\"><span style=\"font-size:12.0pt;\nfont-family:宋体;mso-bidi-font-family:宋体;mso-font-kerning:0pt\">最后，我也来谈谈<b>深度学习对计算机视觉的影响</b>。在这里，我对马里兰大学<span lang=\"EN-US\">Rama Chellapa</span>教授在<span lang=\"EN-US\">Tom Huang</span>教授<span lang=\"EN-US\">80</span>岁生日论坛上表达的观点非常认可，他认为，深度学习网络就像一个<span lang=\"EN-US\">Pasta\nMachine</span>：你把该放的东西放进去，它能给你产生好吃的<span lang=\"EN-US\">Pasta</span>。同时它也是一个<span lang=\"EN-US\">Equalizer</span>：无论你在计算机视觉领域有<span lang=\"EN-US\">40</span>年的经验还是<span lang=\"EN-US\">0</span>年的经验，只要你会用<span lang=\"EN-US\">Caffee</span>，你在一些问题，比方说图像识别上，都能产生差不多的结果。他开玩笑说这有点伤自尊<span lang=\"EN-US\"> (It hurts my ego!)</span>，但我们还是应该把它作为一个好的工具拥抱它。我想，他的言外之意，是我们的研究应该做得更深，要去理解这个工具为什么能够工作得比较好，从而产生新的知识去指导将来的研究和应用。<span lang=\"EN-US\"><o:p></o:p></span></span></p><p class=\"MsoNormal\" align=\"left\" style=\"mso-margin-top-alt:auto;mso-margin-bottom-alt:\nauto;text-align:left;mso-pagination:widow-orphan\"><span style=\"font-size:12.0pt;\nfont-family:宋体;mso-bidi-font-family:宋体;mso-font-kerning:0pt\">我认为，对于年轻的学生来讲，<b>从深度学习的方法开始学习没有什么问题，但必须要进一步去了解一下其他的数学和算法工具</b>，像统计贝叶斯的方法、优化的方法、信号处理的方法等等等的。计算机视觉的问题，其本质是不适定的反问题，解这一类问题需要多种方法的结合。这里面有深度学习解得比较好的问题，像图像识别，也有深度学习解不了的问题，像三维重建和识别。<span lang=\"EN-US\"><o:p></o:p></span></span></p><p class=\"MsoNormal\" align=\"left\" style=\"mso-margin-top-alt:auto;mso-margin-bottom-alt:\nauto;text-align:left;mso-pagination:widow-orphan\"><span style=\"font-size:12.0pt;\nfont-family:宋体;mso-bidi-font-family:宋体;mso-font-kerning:0pt\">任何研究领域包括计算机视觉的研究，对处在<b>研究初期</b>的学生而言，\n更重要的是掌握足够的数学工具，<b>培养一种正式思维（<span lang=\"EN-US\">Formal Thinking</span>）的能力</b>，这样，遇到实际的问题就能以一种理论上正确的思路去解决这个问题。<span lang=\"EN-US\"><o:p></o:p></span></span></p><p>\n\n<!--[if !mso]>\n<style>\nv\\:* {behavior:url(#default#VML);}\no\\:* {behavior:url(#default#VML);}\nw\\:* {behavior:url(#default#VML);}\n.shape {behavior:url(#default#VML);}\n</style>\n<![endif]--><!--[if gte mso 9]><xml>\n <o:OfficeDocumentSettings>\n  <o:AllowPNG/>\n </o:OfficeDocumentSettings>\n</xml><![endif]-->\n\n\n<!--[if gte mso 9]><xml>\n <w:WordDocument>\n  <w:View>Normal</w:View>\n  <w:Zoom>0</w:Zoom>\n  <w:TrackMoves>false</w:TrackMoves>\n  <w:TrackFormatting/>\n  <w:PunctuationKerning/>\n  <w:DrawingGridVerticalSpacing>7.8 磅</w:DrawingGridVerticalSpacing>\n  <w:DisplayHorizontalDrawingGridEvery>0</w:DisplayHorizontalDrawingGridEvery>\n  <w:DisplayVerticalDrawingGridEvery>2</w:DisplayVerticalDrawingGridEvery>\n  <w:ValidateAgainstSchemas/>\n  <w:SaveIfXMLInvalid>false</w:SaveIfXMLInvalid>\n  <w:IgnoreMixedContent>false</w:IgnoreMixedContent>\n  <w:AlwaysShowPlaceholderText>false</w:AlwaysShowPlaceholderText>\n  <w:DoNotPromoteQF/>\n  <w:LidThemeOther>EN-US</w:LidThemeOther>\n  <w:LidThemeAsian>ZH-CN</w:LidThemeAsian>\n  <w:LidThemeComplexScript>X-NONE</w:LidThemeComplexScript>\n  <w:Compatibility>\n   <w:SpaceForUL/>\n   <w:BalanceSingleByteDoubleByteWidth/>\n   <w:DoNotLeaveBackslashAlone/>\n   <w:ULTrailSpace/>\n   <w:DoNotExpandShiftReturn/>\n   <w:AdjustLineHeightInTable/>\n   <w:BreakWrappedTables/>\n   <w:SnapToGridInCell/>\n   <w:WrapTextWithPunct/>\n   <w:UseAsianBreakRules/>\n   <w:DontGrowAutofit/>\n   <w:SplitPgBreakAndParaMark/>\n   <w:EnableOpenTypeKerning/>\n   <w:DontFlipMirrorIndents/>\n   <w:OverrideTableStyleHps/>\n   <w:UseFELayout/>\n  </w:Compatibility>\n  <m:mathPr>\n   <m:mathFont m:val=\"Cambria Math\"/>\n   <m:brkBin m:val=\"before\"/>\n   <m:brkBinSub m:val=\"&#45;-\"/>\n   <m:smallFrac m:val=\"off\"/>\n   <m:dispDef/>\n   <m:lMargin m:val=\"0\"/>\n   <m:rMargin m:val=\"0\"/>\n   <m:defJc m:val=\"centerGroup\"/>\n   <m:wrapIndent m:val=\"1440\"/>\n   <m:intLim m:val=\"subSup\"/>\n   <m:naryLim m:val=\"undOvr\"/>\n  </m:mathPr></w:WordDocument>\n</xml><![endif]--><!--[if gte mso 9]><xml>\n <w:LatentStyles DefLockedState=\"false\" DefUnhideWhenUsed=\"true\"\n  DefSemiHidden=\"true\" DefQFormat=\"false\" DefPriority=\"99\"\n  LatentStyleCount=\"267\">\n  <w:LsdException Locked=\"false\" Priority=\"0\" SemiHidden=\"false\"\n   UnhideWhenUsed=\"false\" QFormat=\"true\" Name=\"Normal\"/>\n  <w:LsdException Locked=\"false\" Priority=\"9\" SemiHidden=\"false\"\n   UnhideWhenUsed=\"false\" QFormat=\"true\" Name=\"heading 1\"/>\n  <w:LsdException Locked=\"false\" Priority=\"9\" QFormat=\"true\" Name=\"heading 2\"/>\n  <w:LsdException Locked=\"false\" Priority=\"9\" QFormat=\"true\" Name=\"heading 3\"/>\n  <w:LsdException Locked=\"false\" Priority=\"9\" QFormat=\"true\" Name=\"heading 4\"/>\n  <w:LsdException Locked=\"false\" Priority=\"9\" QFormat=\"true\" Name=\"heading 5\"/>\n  <w:LsdException Locked=\"false\" Priority=\"9\" QFormat=\"true\" Name=\"heading 6\"/>\n  <w:LsdException Locked=\"false\" Priority=\"9\" QFormat=\"true\" Name=\"heading 7\"/>\n  <w:LsdException Locked=\"false\" Priority=\"9\" QFormat=\"true\" Name=\"heading 8\"/>\n  <w:LsdException Locked=\"false\" Priority=\"9\" QFormat=\"true\" Name=\"heading 9\"/>\n  <w:LsdException Locked=\"false\" Priority=\"39\" Name=\"toc 1\"/>\n  <w:LsdException Locked=\"false\" Priority=\"39\" Name=\"toc 2\"/>\n  <w:LsdException Locked=\"false\" Priority=\"39\" Name=\"toc 3\"/>\n  <w:LsdException Locked=\"false\" Priority=\"39\" Name=\"toc 4\"/>\n  <w:LsdException Locked=\"false\" Priority=\"39\" Name=\"toc 5\"/>\n  <w:LsdException Locked=\"false\" Priority=\"39\" Name=\"toc 6\"/>\n  <w:LsdException Locked=\"false\" Priority=\"39\" Name=\"toc 7\"/>\n  <w:LsdException Locked=\"false\" Priority=\"39\" Name=\"toc 8\"/>\n  <w:LsdException Locked=\"false\" Priority=\"39\" Name=\"toc 9\"/>\n  <w:LsdException Locked=\"false\" Priority=\"35\" QFormat=\"true\" Name=\"caption\"/>\n  <w:LsdException Locked=\"false\" Priority=\"10\" SemiHidden=\"false\"\n   UnhideWhenUsed=\"false\" QFormat=\"true\" Name=\"Title\"/>\n  <w:LsdException Locked=\"false\" Priority=\"1\" Name=\"Default Paragraph Font\"/>\n  <w:LsdException Locked=\"false\" Priority=\"11\" SemiHidden=\"false\"\n   UnhideWhenUsed=\"false\" QFormat=\"true\" Name=\"Subtitle\"/>\n  <w:LsdException Locked=\"false\" Priority=\"22\" SemiHidden=\"false\"\n   UnhideWhenUsed=\"false\" QFormat=\"true\" Name=\"Strong\"/>\n  <w:LsdException Locked=\"false\" Priority=\"20\" SemiHidden=\"false\"\n   UnhideWhenUsed=\"false\" QFormat=\"true\" Name=\"Emphasis\"/>\n  <w:LsdException Locked=\"false\" Priority=\"59\" SemiHidden=\"false\"\n   UnhideWhenUsed=\"false\" Name=\"Table Grid\"/>\n  <w:LsdException Locked=\"false\" UnhideWhenUsed=\"false\" Name=\"Placeholder Text\"/>\n  <w:LsdException Locked=\"false\" Priority=\"1\" SemiHidden=\"false\"\n   UnhideWhenUsed=\"false\" QFormat=\"true\" Name=\"No Spacing\"/>\n  <w:LsdException Locked=\"false\" Priority=\"60\" SemiHidden=\"false\"\n   UnhideWhenUsed=\"false\" Name=\"Light Shading\"/>\n  <w:LsdException Locked=\"false\" Priority=\"61\" SemiHidden=\"false\"\n   UnhideWhenUsed=\"false\" Name=\"Light List\"/>\n  <w:LsdException Locked=\"false\" Priority=\"62\" SemiHidden=\"false\"\n   UnhideWhenUsed=\"false\" Name=\"Light Grid\"/>\n  <w:LsdException Locked=\"false\" Priority=\"63\" SemiHidden=\"false\"\n   UnhideWhenUsed=\"false\" Name=\"Medium Shading 1\"/>\n  <w:LsdException Locked=\"false\" Priority=\"64\" SemiHidden=\"false\"\n   UnhideWhenUsed=\"false\" Name=\"Medium Shading 2\"/>\n  <w:LsdException Locked=\"false\" Priority=\"65\" SemiHidden=\"false\"\n   UnhideWhenUsed=\"false\" Name=\"Medium List 1\"/>\n  <w:LsdException Locked=\"false\" Priority=\"66\" SemiHidden=\"false\"\n   UnhideWhenUsed=\"false\" Name=\"Medium List 2\"/>\n  <w:LsdException Locked=\"false\" Priority=\"67\" SemiHidden=\"false\"\n   UnhideWhenUsed=\"false\" Name=\"Medium Grid 1\"/>\n  <w:LsdException Locked=\"false\" Priority=\"68\" SemiHidden=\"false\"\n   UnhideWhenUsed=\"false\" Name=\"Medium Grid 2\"/>\n  <w:LsdException Locked=\"false\" Priority=\"69\" SemiHidden=\"false\"\n   UnhideWhenUsed=\"false\" Name=\"Medium Grid 3\"/>\n  <w:LsdException Locked=\"false\" Priority=\"70\" SemiHidden=\"false\"\n   UnhideWhenUsed=\"false\" Name=\"Dark List\"/>\n  <w:LsdException Locked=\"false\" Priority=\"71\" SemiHidden=\"false\"\n   UnhideWhenUsed=\"false\" Name=\"Colorful Shading\"/>\n  <w:LsdException Locked=\"false\" Priority=\"72\" SemiHidden=\"false\"\n   UnhideWhenUsed=\"false\" Name=\"Colorful List\"/>\n  <w:LsdException Locked=\"false\" Priority=\"73\" SemiHidden=\"false\"\n   UnhideWhenUsed=\"false\" Name=\"Colorful Grid\"/>\n  <w:LsdException Locked=\"false\" Priority=\"60\" SemiHidden=\"false\"\n   UnhideWhenUsed=\"false\" Name=\"Light Shading Accent 1\"/>\n  <w:LsdException Locked=\"false\" Priority=\"61\" SemiHidden=\"false\"\n   UnhideWhenUsed=\"false\" Name=\"Light List Accent 1\"/>\n  <w:LsdException Locked=\"false\" Priority=\"62\" SemiHidden=\"false\"\n   UnhideWhenUsed=\"false\" Name=\"Light Grid Accent 1\"/>\n  <w:LsdException Locked=\"false\" Priority=\"63\" SemiHidden=\"false\"\n   UnhideWhenUsed=\"false\" Name=\"Medium Shading 1 Accent 1\"/>\n  <w:LsdException Locked=\"false\" Priority=\"64\" SemiHidden=\"false\"\n   UnhideWhenUsed=\"false\" Name=\"Medium Shading 2 Accent 1\"/>\n  <w:LsdException Locked=\"false\" Priority=\"65\" SemiHidden=\"false\"\n   UnhideWhenUsed=\"false\" Name=\"Medium List 1 Accent 1\"/>\n  <w:LsdException Locked=\"false\" UnhideWhenUsed=\"false\" Name=\"Revision\"/>\n  <w:LsdException Locked=\"false\" Priority=\"34\" SemiHidden=\"false\"\n   UnhideWhenUsed=\"false\" QFormat=\"true\" Name=\"List Paragraph\"/>\n  <w:LsdException Locked=\"false\" Priority=\"29\" SemiHidden=\"false\"\n   UnhideWhenUsed=\"false\" QFormat=\"true\" Name=\"Quote\"/>\n  <w:LsdException Locked=\"false\" Priority=\"30\" SemiHidden=\"false\"\n   UnhideWhenUsed=\"false\" QFormat=\"true\" Name=\"Intense Quote\"/>\n  <w:LsdException Locked=\"false\" Priority=\"66\" SemiHidden=\"false\"\n   UnhideWhenUsed=\"false\" Name=\"Medium List 2 Accent 1\"/>\n  <w:LsdException Locked=\"false\" Priority=\"67\" SemiHidden=\"false\"\n   UnhideWhenUsed=\"false\" Name=\"Medium Grid 1 Accent 1\"/>\n  <w:LsdException Locked=\"false\" Priority=\"68\" SemiHidden=\"false\"\n   UnhideWhenUsed=\"false\" Name=\"Medium Grid 2 Accent 1\"/>\n  <w:LsdException Locked=\"false\" Priority=\"69\" SemiHidden=\"false\"\n   UnhideWhenUsed=\"false\" Name=\"Medium Grid 3 Accent 1\"/>\n  <w:LsdException Locked=\"false\" Priority=\"70\" SemiHidden=\"false\"\n   UnhideWhenUsed=\"false\" Name=\"Dark List Accent 1\"/>\n  <w:LsdException Locked=\"false\" Priority=\"71\" SemiHidden=\"false\"\n   UnhideWhenUsed=\"false\" Name=\"Colorful Shading Accent 1\"/>\n  <w:LsdException Locked=\"false\" Priority=\"72\" SemiHidden=\"false\"\n   UnhideWhenUsed=\"false\" Name=\"Colorful List Accent 1\"/>\n  <w:LsdException Locked=\"false\" Priority=\"73\" SemiHidden=\"false\"\n   UnhideWhenUsed=\"false\" Name=\"Colorful Grid Accent 1\"/>\n  <w:LsdException Locked=\"false\" Priority=\"60\" SemiHidden=\"false\"\n   UnhideWhenUsed=\"false\" Name=\"Light Shading Accent 2\"/>\n  <w:LsdException Locked=\"false\" Priority=\"61\" SemiHidden=\"false\"\n   UnhideWhenUsed=\"false\" Name=\"Light List Accent 2\"/>\n  <w:LsdException Locked=\"false\" Priority=\"62\" SemiHidden=\"false\"\n   UnhideWhenUsed=\"false\" Name=\"Light Grid Accent 2\"/>\n  <w:LsdException Locked=\"false\" Priority=\"63\" SemiHidden=\"false\"\n   UnhideWhenUsed=\"false\" Name=\"Medium Shading 1 Accent 2\"/>\n  <w:LsdException Locked=\"false\" Priority=\"64\" SemiHidden=\"false\"\n   UnhideWhenUsed=\"false\" Name=\"Medium Shading 2 Accent 2\"/>\n  <w:LsdException Locked=\"false\" Priority=\"65\" SemiHidden=\"false\"\n   UnhideWhenUsed=\"false\" Name=\"Medium List 1 Accent 2\"/>\n  <w:LsdException Locked=\"false\" Priority=\"66\" SemiHidden=\"false\"\n   UnhideWhenUsed=\"false\" Name=\"Medium List 2 Accent 2\"/>\n  <w:LsdException Locked=\"false\" Priority=\"67\" SemiHidden=\"false\"\n   UnhideWhenUsed=\"false\" Name=\"Medium Grid 1 Accent 2\"/>\n  <w:LsdException Locked=\"false\" Priority=\"68\" SemiHidden=\"false\"\n   UnhideWhenUsed=\"false\" Name=\"Medium Grid 2 Accent 2\"/>\n  <w:LsdException Locked=\"false\" Priority=\"69\" SemiHidden=\"false\"\n   UnhideWhenUsed=\"false\" Name=\"Medium Grid 3 Accent 2\"/>\n  <w:LsdException Locked=\"false\" Priority=\"70\" SemiHidden=\"false\"\n   UnhideWhenUsed=\"false\" Name=\"Dark List Accent 2\"/>\n  <w:LsdException Locked=\"false\" Priority=\"71\" SemiHidden=\"false\"\n   UnhideWhenUsed=\"false\" Name=\"Colorful Shading Accent 2\"/>\n  <w:LsdException Locked=\"false\" Priority=\"72\" SemiHidden=\"false\"\n   UnhideWhenUsed=\"false\" Name=\"Colorful List Accent 2\"/>\n  <w:LsdException Locked=\"false\" Priority=\"73\" SemiHidden=\"false\"\n   UnhideWhenUsed=\"false\" Name=\"Colorful Grid Accent 2\"/>\n  <w:LsdException Locked=\"false\" Priority=\"60\" SemiHidden=\"false\"\n   UnhideWhenUsed=\"false\" Name=\"Light Shading Accent 3\"/>\n  <w:LsdException Locked=\"false\" Priority=\"61\" SemiHidden=\"false\"\n   UnhideWhenUsed=\"false\" Name=\"Light List Accent 3\"/>\n  <w:LsdException Locked=\"false\" Priority=\"62\" SemiHidden=\"false\"\n   UnhideWhenUsed=\"false\" Name=\"Light Grid Accent 3\"/>\n  <w:LsdException Locked=\"false\" Priority=\"63\" SemiHidden=\"false\"\n   UnhideWhenUsed=\"false\" Name=\"Medium Shading 1 Accent 3\"/>\n  <w:LsdException Locked=\"false\" Priority=\"64\" SemiHidden=\"false\"\n   UnhideWhenUsed=\"false\" Name=\"Medium Shading 2 Accent 3\"/>\n  <w:LsdException Locked=\"false\" Priority=\"65\" SemiHidden=\"false\"\n   UnhideWhenUsed=\"false\" Name=\"Medium List 1 Accent 3\"/>\n  <w:LsdException Locked=\"false\" Priority=\"66\" SemiHidden=\"false\"\n   UnhideWhenUsed=\"false\" Name=\"Medium List 2 Accent 3\"/>\n  <w:LsdException Locked=\"false\" Priority=\"67\" SemiHidden=\"false\"\n   UnhideWhenUsed=\"false\" Name=\"Medium Grid 1 Accent 3\"/>\n  <w:LsdException Locked=\"false\" Priority=\"68\" SemiHidden=\"false\"\n   UnhideWhenUsed=\"false\" Name=\"Medium Grid 2 Accent 3\"/>\n  <w:LsdException Locked=\"false\" Priority=\"69\" SemiHidden=\"false\"\n   UnhideWhenUsed=\"false\" Name=\"Medium Grid 3 Accent 3\"/>\n  <w:LsdException Locked=\"false\" Priority=\"70\" SemiHidden=\"false\"\n   UnhideWhenUsed=\"false\" Name=\"Dark List Accent 3\"/>\n  <w:LsdException Locked=\"false\" Priority=\"71\" SemiHidden=\"false\"\n   UnhideWhenUsed=\"false\" Name=\"Colorful Shading Accent 3\"/>\n  <w:LsdException Locked=\"false\" Priority=\"72\" SemiHidden=\"false\"\n   UnhideWhenUsed=\"false\" Name=\"Colorful List Accent 3\"/>\n  <w:LsdException Locked=\"false\" Priority=\"73\" SemiHidden=\"false\"\n   UnhideWhenUsed=\"false\" Name=\"Colorful Grid Accent 3\"/>\n  <w:LsdException Locked=\"false\" Priority=\"60\" SemiHidden=\"false\"\n   UnhideWhenUsed=\"false\" Name=\"Light Shading Accent 4\"/>\n  <w:LsdException Locked=\"false\" Priority=\"61\" SemiHidden=\"false\"\n   UnhideWhenUsed=\"false\" Name=\"Light List Accent 4\"/>\n  <w:LsdException Locked=\"false\" Priority=\"62\" SemiHidden=\"false\"\n   UnhideWhenUsed=\"false\" Name=\"Light Grid Accent 4\"/>\n  <w:LsdException Locked=\"false\" Priority=\"63\" SemiHidden=\"false\"\n   UnhideWhenUsed=\"false\" Name=\"Medium Shading 1 Accent 4\"/>\n  <w:LsdException Locked=\"false\" Priority=\"64\" SemiHidden=\"false\"\n   UnhideWhenUsed=\"false\" Name=\"Medium Shading 2 Accent 4\"/>\n  <w:LsdException Locked=\"false\" Priority=\"65\" SemiHidden=\"false\"\n   UnhideWhenUsed=\"false\" Name=\"Medium List 1 Accent 4\"/>\n  <w:LsdException Locked=\"false\" Priority=\"66\" SemiHidden=\"false\"\n   UnhideWhenUsed=\"false\" Name=\"Medium List 2 Accent 4\"/>\n  <w:LsdException Locked=\"false\" Priority=\"67\" SemiHidden=\"false\"\n   UnhideWhenUsed=\"false\" Name=\"Medium Grid 1 Accent 4\"/>\n  <w:LsdException Locked=\"false\" Priority=\"68\" SemiHidden=\"false\"\n   UnhideWhenUsed=\"false\" Name=\"Medium Grid 2 Accent 4\"/>\n  <w:LsdException Locked=\"false\" Priority=\"69\" SemiHidden=\"false\"\n   UnhideWhenUsed=\"false\" Name=\"Medium Grid 3 Accent 4\"/>\n  <w:LsdException Locked=\"false\" Priority=\"70\" SemiHidden=\"false\"\n   UnhideWhenUsed=\"false\" Name=\"Dark List Accent 4\"/>\n  <w:LsdException Locked=\"false\" Priority=\"71\" SemiHidden=\"false\"\n   UnhideWhenUsed=\"false\" Name=\"Colorful Shading Accent 4\"/>\n  <w:LsdException Locked=\"false\" Priority=\"72\" SemiHidden=\"false\"\n   UnhideWhenUsed=\"false\" Name=\"Colorful List Accent 4\"/>\n  <w:LsdException Locked=\"false\" Priority=\"73\" SemiHidden=\"false\"\n   UnhideWhenUsed=\"false\" Name=\"Colorful Grid Accent 4\"/>\n  <w:LsdException Locked=\"false\" Priority=\"60\" SemiHidden=\"false\"\n   UnhideWhenUsed=\"false\" Name=\"Light Shading Accent 5\"/>\n  <w:LsdException Locked=\"false\" Priority=\"61\" SemiHidden=\"false\"\n   UnhideWhenUsed=\"false\" Name=\"Light List Accent 5\"/>\n  <w:LsdException Locked=\"false\" Priority=\"62\" SemiHidden=\"false\"\n   UnhideWhenUsed=\"false\" Name=\"Light Grid Accent 5\"/>\n  <w:LsdException Locked=\"false\" Priority=\"63\" SemiHidden=\"false\"\n   UnhideWhenUsed=\"false\" Name=\"Medium Shading 1 Accent 5\"/>\n  <w:LsdException Locked=\"false\" Priority=\"64\" SemiHidden=\"false\"\n   UnhideWhenUsed=\"false\" Name=\"Medium Shading 2 Accent 5\"/>\n  <w:LsdException Locked=\"false\" Priority=\"65\" SemiHidden=\"false\"\n   UnhideWhenUsed=\"false\" Name=\"Medium List 1 Accent 5\"/>\n  <w:LsdException Locked=\"false\" Priority=\"66\" SemiHidden=\"false\"\n   UnhideWhenUsed=\"false\" Name=\"Medium List 2 Accent 5\"/>\n  <w:LsdException Locked=\"false\" Priority=\"67\" SemiHidden=\"false\"\n   UnhideWhenUsed=\"false\" Name=\"Medium Grid 1 Accent 5\"/>\n  <w:LsdException Locked=\"false\" Priority=\"68\" SemiHidden=\"false\"\n   UnhideWhenUsed=\"false\" Name=\"Medium Grid 2 Accent 5\"/>\n  <w:LsdException Locked=\"false\" Priority=\"69\" SemiHidden=\"false\"\n   UnhideWhenUsed=\"false\" Name=\"Medium Grid 3 Accent 5\"/>\n  <w:LsdException Locked=\"false\" Priority=\"70\" SemiHidden=\"false\"\n   UnhideWhenUsed=\"false\" Name=\"Dark List Accent 5\"/>\n  <w:LsdException Locked=\"false\" Priority=\"71\" SemiHidden=\"false\"\n   UnhideWhenUsed=\"false\" Name=\"Colorful Shading Accent 5\"/>\n  <w:LsdException Locked=\"false\" Priority=\"72\" SemiHidden=\"false\"\n   UnhideWhenUsed=\"false\" Name=\"Colorful List Accent 5\"/>\n  <w:LsdException Locked=\"false\" Priority=\"73\" SemiHidden=\"false\"\n   UnhideWhenUsed=\"false\" Name=\"Colorful Grid Accent 5\"/>\n  <w:LsdException Locked=\"false\" Priority=\"60\" SemiHidden=\"false\"\n   UnhideWhenUsed=\"false\" Name=\"Light Shading Accent 6\"/>\n  <w:LsdException Locked=\"false\" Priority=\"61\" SemiHidden=\"false\"\n   UnhideWhenUsed=\"false\" Name=\"Light List Accent 6\"/>\n  <w:LsdException Locked=\"false\" Priority=\"62\" SemiHidden=\"false\"\n   UnhideWhenUsed=\"false\" Name=\"Light Grid Accent 6\"/>\n  <w:LsdException Locked=\"false\" Priority=\"63\" SemiHidden=\"false\"\n   UnhideWhenUsed=\"false\" Name=\"Medium Shading 1 Accent 6\"/>\n  <w:LsdException Locked=\"false\" Priority=\"64\" SemiHidden=\"false\"\n   UnhideWhenUsed=\"false\" Name=\"Medium Shading 2 Accent 6\"/>\n  <w:LsdException Locked=\"false\" Priority=\"65\" SemiHidden=\"false\"\n   UnhideWhenUsed=\"false\" Name=\"Medium List 1 Accent 6\"/>\n  <w:LsdException Locked=\"false\" Priority=\"66\" SemiHidden=\"false\"\n   UnhideWhenUsed=\"false\" Name=\"Medium List 2 Accent 6\"/>\n  <w:LsdException Locked=\"false\" Priority=\"67\" SemiHidden=\"false\"\n   UnhideWhenUsed=\"false\" Name=\"Medium Grid 1 Accent 6\"/>\n  <w:LsdException Locked=\"false\" Priority=\"68\" SemiHidden=\"false\"\n   UnhideWhenUsed=\"false\" Name=\"Medium Grid 2 Accent 6\"/>\n  <w:LsdException Locked=\"false\" Priority=\"69\" SemiHidden=\"false\"\n   UnhideWhenUsed=\"false\" Name=\"Medium Grid 3 Accent 6\"/>\n  <w:LsdException Locked=\"false\" Priority=\"70\" SemiHidden=\"false\"\n   UnhideWhenUsed=\"false\" Name=\"Dark List Accent 6\"/>\n  <w:LsdException Locked=\"false\" Priority=\"71\" SemiHidden=\"false\"\n   UnhideWhenUsed=\"false\" Name=\"Colorful Shading Accent 6\"/>\n  <w:LsdException Locked=\"false\" Priority=\"72\" SemiHidden=\"false\"\n   UnhideWhenUsed=\"false\" Name=\"Colorful List Accent 6\"/>\n  <w:LsdException Locked=\"false\" Priority=\"73\" SemiHidden=\"false\"\n   UnhideWhenUsed=\"false\" Name=\"Colorful Grid Accent 6\"/>\n  <w:LsdException Locked=\"false\" Priority=\"19\" SemiHidden=\"false\"\n   UnhideWhenUsed=\"false\" QFormat=\"true\" Name=\"Subtle Emphasis\"/>\n  <w:LsdException Locked=\"false\" Priority=\"21\" SemiHidden=\"false\"\n   UnhideWhenUsed=\"false\" QFormat=\"true\" Name=\"Intense Emphasis\"/>\n  <w:LsdException Locked=\"false\" Priority=\"31\" SemiHidden=\"false\"\n   UnhideWhenUsed=\"false\" QFormat=\"true\" Name=\"Subtle Reference\"/>\n  <w:LsdException Locked=\"false\" Priority=\"32\" SemiHidden=\"false\"\n   UnhideWhenUsed=\"false\" QFormat=\"true\" Name=\"Intense Reference\"/>\n  <w:LsdException Locked=\"false\" Priority=\"33\" SemiHidden=\"false\"\n   UnhideWhenUsed=\"false\" QFormat=\"true\" Name=\"Book Title\"/>\n  <w:LsdException Locked=\"false\" Priority=\"37\" Name=\"Bibliography\"/>\n  <w:LsdException Locked=\"false\" Priority=\"39\" QFormat=\"true\" Name=\"TOC Heading\"/>\n </w:LatentStyles>\n</xml><![endif]-->\n<style>\n<!--\n /* Font Definitions */\n @font-face\n	{font-family:宋体;\n	panose-1:2 1 6 0 3 1 1 1 1 1;\n	mso-font-alt:SimSun;\n	mso-font-charset:134;\n	mso-generic-font-family:auto;\n	mso-font-pitch:variable;\n	mso-font-signature:3 680460288 22 0 262145 0;}\n@font-face\n	{font-family:宋体;\n	panose-1:2 1 6 0 3 1 1 1 1 1;\n	mso-font-alt:SimSun;\n	mso-font-charset:134;\n	mso-generic-font-family:auto;\n	mso-font-pitch:variable;\n	mso-font-signature:3 680460288 22 0 262145 0;}\n@font-face\n	{font-family:Calibri;\n	panose-1:2 15 5 2 2 2 4 3 2 4;\n	mso-font-charset:0;\n	mso-generic-font-family:swiss;\n	mso-font-pitch:variable;\n	mso-font-signature:-520092929 1073786111 9 0 415 0;}\n@font-face\n	{font-family:\"\\@宋体\";\n	panose-1:2 1 6 0 3 1 1 1 1 1;\n	mso-font-charset:134;\n	mso-generic-font-family:auto;\n	mso-font-pitch:variable;\n	mso-font-signature:3 680460288 22 0 262145 0;}\n /* Style Definitions */\n p.MsoNormal, li.MsoNormal, div.MsoNormal\n	{mso-style-unhide:no;\n	mso-style-qformat:yes;\n	mso-style-parent:\"\";\n	margin:0cm;\n	margin-bottom:.0001pt;\n	text-align:justify;\n	text-justify:inter-ideograph;\n	mso-pagination:none;\n	font-size:10.5pt;\n	mso-bidi-font-size:11.0pt;\n	font-family:\"Calibri\",\"sans-serif\";\n	mso-ascii-font-family:Calibri;\n	mso-ascii-theme-font:minor-latin;\n	mso-fareast-font-family:宋体;\n	mso-fareast-theme-font:minor-fareast;\n	mso-hansi-font-family:Calibri;\n	mso-hansi-theme-font:minor-latin;\n	mso-bidi-font-family:\"Times New Roman\";\n	mso-bidi-theme-font:minor-bidi;\n	mso-font-kerning:1.0pt;}\n.MsoChpDefault\n	{mso-style-type:export-only;\n	mso-default-props:yes;\n	font-family:\"Calibri\",\"sans-serif\";\n	mso-bidi-font-family:\"Times New Roman\";\n	mso-bidi-theme-font:minor-bidi;}\n /* Page Definitions */\n @page\n	{mso-page-border-surround-header:no;\n	mso-page-border-surround-footer:no;}\n@page WordSection1\n	{size:612.0pt 792.0pt;\n	margin:72.0pt 90.0pt 72.0pt 90.0pt;\n	mso-header-margin:36.0pt;\n	mso-footer-margin:36.0pt;\n	mso-paper-source:0;}\ndiv.WordSection1\n	{page:WordSection1;}\n-->\n</style>\n<!--[if gte mso 10]>\n<style>\n /* Style Definitions */\n table.MsoNormalTable\n	{mso-style-name:普通表格;\n	mso-tstyle-rowband-size:0;\n	mso-tstyle-colband-size:0;\n	mso-style-noshow:yes;\n	mso-style-priority:99;\n	mso-style-parent:\"\";\n	mso-padding-alt:0cm 5.4pt 0cm 5.4pt;\n	mso-para-margin:0cm;\n	mso-para-margin-bottom:.0001pt;\n	mso-pagination:widow-orphan;\n	font-size:10.5pt;\n	mso-bidi-font-size:11.0pt;\n	font-family:\"Calibri\",\"sans-serif\";\n	mso-ascii-font-family:Calibri;\n	mso-ascii-theme-font:minor-latin;\n	mso-hansi-font-family:Calibri;\n	mso-hansi-theme-font:minor-latin;\n	mso-bidi-font-family:\"Times New Roman\";\n	mso-bidi-theme-font:minor-bidi;\n	mso-font-kerning:1.0pt;}\n</style>\n<![endif]-->\n\n\n\n\n\n\n\n\n\n\n\n\n\n\n\n\n\n\n\n\n\n\n\n\n\n\n\n\n\n\n\n\n\n\n\n\n\n\n\n\n\n\n\n\n\n\n\n\n\n\n\n\n\n\n\n\n\n\n\n\n\n\n\n\n\n\n\n\n\n</p><p class=\"MsoNormal\" align=\"left\" style=\"mso-margin-top-alt:auto;mso-margin-bottom-alt:\nauto;text-align:left;mso-pagination:widow-orphan\"><span style=\"font-size:12.0pt;\nfont-family:宋体;mso-bidi-font-family:宋体;mso-font-kerning:0pt\">作为结束语，我想对在从事或者有志于从事计算机视觉研究的学生说，计算机视觉的研究处在一个非常好的时期，有很多我们原来解不了的问题现在能够解得比较好了，像人脸识别，尽管我们其实还没有从真正意义上达到人类视觉系统对人脸识别的鲁棒程度。但我们离真正让计算机能够像人看和感知这个世界还有很远的距离。在我们达到这个目标之前，深度学习的方法可能是这个过程中一个重要的垫脚石，同时我们还要将更多的新的方法和工具带入这个领域来进一步推动这个领域的发展。<span lang=\"EN-US\"><o:p></o:p></span></span></p>','“如何做好计算机视觉的研究？” ',7,6,'2018-07-11 15:02:32.249820',1),(5,'十分钟从 PyTorch 转 MXNet','PyTorch 是一个纯命令式的深度学习框架。它因为提供简单易懂的编程接口而广受欢迎，而且正在快速的流行开来。例如 Caffe2 最近就并入了 PyTorch。\r\n可能大家不是特别知道的是，MXNet 通过 ndarray 和 gluon 模块提供了非常类似 PyTorch 的编程接口。本文将简单对比如何用这两个框架来实现同样的算法。\r\n\r\n安装\r\nPyTorch 默认使用 conda 来进行安装，例如\r\nconda install pytorch-cpu -c pytorch\r\n而 MXNet 更常用的是使用 pip。我们这里使用了 --pre 来安装 nightly 版本\r\npip install --pre mxnet\r\n多维矩阵\r\n对于多维矩阵，PyTorch 沿用了 Torch 的风格称之为 tensor，MXNet 则追随了 NumPy 的称呼 ndarray。下面我们创建一个两维矩阵，其中每个元素初始化成 1。然后每个元素加 1 后打印。\r\n\r\n•	PyTorch:\r\nimport torch\r\nx = torch.ones(5,3)\r\ny = x + 1\r\nprint(y)\r\n\r\n2  2  2\r\n2  2  2\r\n2  2  2\r\n2  2  2\r\n2  2  2\r\n[torch.FloatTensor of size 5x3]\r\n•	MXNet:\r\nfrom mxnet import nd\r\nx = nd.ones((5,3))\r\ny = x + 1\r\nprint(y)\r\n\r\n[[2. 2. 2.]\r\n[2. 2. 2.]\r\n[2. 2. 2.]\r\n[2. 2. 2.]\r\n[2. 2. 2.]]\r\n<NDArray 5x3 @cpu(0)>\r\n忽略包名的不一样的话，这里主要的区别是 MXNet 的形状传入参数跟 NumPy 一样需要用括号括起来。\r\n模型训练\r\n下面我们看一个稍微复杂点的例子。这里我们使用一个多层感知机（MLP）来在 MINST 这个数据集上训练一个模型。我们将其分成 4 小块来方便对比。\r\n读取数据\r\n这里我们下载 MNIST 数据集并载入到内存，这样我们之后可以一个一个读取批量。\r\n\r\n•	PyTorch:\r\nimport torch\r\nfrom torchvision import datasets, transforms\r\n\r\ntrain_data = torch.utils.data.DataLoader(\r\n  datasets.MNIST(train=True, transform=transforms.Compose([\r\n       transforms.ToTensor(),\r\n       transforms.Normalize((0.13,), (0.31,))])),\r\n  batch_size=128, shuffle=True, num_workers=4)\r\n\r\n•	MXNet:\r\nfrom mxnet import gluon\r\nfrom mxnet.gluon.data.vision import datasetes, transforms\r\n\r\ntrain_data = gluon.data.DataLoader(\r\n  datasets.MNIST(train=True).transform_first(transforms.Compose([\r\n      transforms.ToTensor(),\r\n      transforms.Normalize(0.13, 0.31)])),\r\nbatch_size=128, shuffle=True, num_workers=4)\r\n\r\n这里的主要区别是 MXNet 使用 transform_first 来表明数据变化是作用在读到的批量的第一个元素，既 MNIST 图片，而不是第二个标号元素。\r\n定义模型\r\n下面我们定义一个只有一个单隐层的 MLP 。\r\n\r\n•	PyTorch:\r\nfrom torch import nn\r\n\r\nnet = nn.Sequential(\r\n  nn.Linear(28*28, 256),\r\n  nn.ReLU(),\r\n  nn.Linear(256, 10)\r\n)\r\n•	MXNet:\r\nfrom mxnet.gluon import nn\r\n\r\nnet = nn.Sequential()\r\nwith net.name_scope():\r\n  net.add(\r\n      nn.Dense(256, activation=\'relu\'),\r\n      nn.Dense(10)\r\n  )\r\nnet.initialize()\r\n我们使用了 Sequential 容器来把层串起来构造神经网络。这里MXNet跟PyTorch的主要区别是：\r\n\r\n•	不需要指定输入大小，这个系统会在后面自动推理得到\r\n•	全连接和卷积层可以指定激活函数\r\n•	需要创建一个 name_scope 的域来给每一层附上一个独一无二的名字，这个在之后读写模型时需要\r\n•	我们需要显示调用模型初始化函数。\r\n大家知道 Sequential 下只能神经网络只能逐一执行每个层。PyTorch可以继承 nn.Module 来自定义 forward 如何执行。同样，MXNet 可以继承 nn.Block 来达到类似的效果。\r\n损失函数和优化算法\r\n\r\n•	PyTorch:\r\nloss_fn = nn.CrossEntropyLoss()\r\ntrainer = torch.optim.SGD(net.parameters(), lr=0.1)\r\n•	MXNet:\r\nloss_fn = gluon.loss.SoftmaxCrossEntropyLoss()\r\ntrainer = gluon.Trainer(net.collect_params(),\r\n                      \'sgd\', {\'learning_rate\': 0.1})\r\n这里我们使用交叉熵函数和最简单随机梯度下降并使用固定学习率 0.1\r\n训练\r\n最后我们实现训练算法，并附上了输出结果。注意到每次我们会使用不同的权重和数据读取顺序，所以每次结果可能不一样。\r\n\r\n•	PyTorch\r\nfrom time import time\r\nfor epoch in range(5):\r\n  total_loss = .0\r\n  tic = time()\r\n  for X, y in train_data:\r\n      X, y = torch.autograd.Variable(X), torch.autograd.Variable(y)\r\n      trainer.zero_grad()\r\n      loss = loss_fn(net(X.view(-1, 28*28)), y)\r\n      loss.backward()\r\n      trainer.step()\r\n      total_loss += loss.mean()\r\n  print(\'epoch %d, avg loss %.4f, time %.2f\' % (\r\n      epoch, total_loss/len(train_data), time()-tic))\r\n\r\nepoch 0, avg loss 0.3251, time 3.71\r\nepoch 1, avg loss 0.1509, time 4.05\r\nepoch 2, avg loss 0.1057, time 4.07\r\nepoch 3, avg loss 0.0820, time 3.70\r\nepoch 4, avg loss 0.0666, time 3.63\r\n•	MXNet\r\nfrom time import time\r\nfor epoch in range(5):\r\n  total_loss = .0\r\n  tic = time()\r\n  for X, y in train_data:\r\n      with mx.autograd.record():\r\n        loss = loss_fn(net(X.flatten()), y)\r\n      loss.backward()\r\n      trainer.step(batch_size=128)\r\n      total_loss += loss.mean().asscalar()\r\n  print(\'epoch %d, avg loss %.4f, time %.2f\' % (\r\n      epoch, total_loss/len(train_data), time()-tic))\r\n\r\nepoch 0, avg loss 0.3162, time 1.59\r\nepoch 1, avg loss 0.1503, time 1.49\r\nepoch 2, avg loss 0.1073, time 1.46\r\nepoch 3, avg loss 0.0830, time 1.48\r\nepoch 4, avg loss 0.0674, time 1.75\r\nMXNet 跟 PyTorch 的不同主要在下面这几点：\r\n\r\n•	不需要将输入放进 Variable， 但需要将计算放在 mx.autograd.record() 里使得后面可以对其求导\r\n•	不需要每次梯度清 0，因为新梯度是写进去，而不是累加\r\n•	step 的时候 MXNet 需要给定批量大小\r\n•	需要调用 asscalar() 来将多维数组变成标量。\r\n•	这个样例里 MXNet 比 PyTorch 快两倍。当然大家对待这样的比较要谨慎。\r\n下一步\r\n•	更详细的 MXNet 的教程\r\n•	欢迎给我们留言哪些 PyTorch 的方便之处你希望 MXNet 应该也可以有\r\n','PyTorch 是一个纯命令式的深度学习框架。它因为提供简单易懂的编程接口而广受欢迎，而且正在快速的流行开来。例如 Caffe2 最近就并入了 PyTorch。',1,15,'2018-07-11 15:52:46.984568',0),(6,'如何用Python入门CV','最好的入门是自己写代码做个小程序出来。\r\n我过去这些年在很多方向都看到了这些代表性的小程序，只要靠自己努力把这个小程序写出来，对基础知识的巩固是非常有帮助的，而且也可以作为后续提高的基础。这类小程序的最大特点是足够简单而有用，简单到基础功能只能用到一丁点这个领域的知识。但同时有用则意味着可以通过运行来看到效果，效果不应该特别抽象。\r\n举几个不同方向的例子，之后再介绍CV领域我建议的例子。\r\n1.	Python之爬虫：Python使用爬虫作为入门是很典型的小程序了。最基本的爬虫甚至可以压缩到40行代码以内，用到的模块也极少，甚至只有urllib也可以凑合。效果上就是看到抓取回来的很多网页，下载的图片等。同时可以通过增加更多功能来不断的提高自己的Python水平，比如多线程、数据库、队列，甚至更好的界面而引入WEB、GUI等等。\r\n2.	单片机之跑马灯：做EE的同学会很熟悉，这是单片机开发的经典例子，仅仅需要使用到GPIO就可以实现，最基本的延时用循环就行。效果是闪耀的LED也很直观。提高方面则可以考虑引入定时器来准确延时，还能用上中断等等。控制更多LED还可以使用SPI外设接74hc595，用电脑控制花式来使用串口等。\r\n3.	Erlang之memcached：实现个memcached服务器，memcahed服务器的协议很简单，几乎可以列入最简单的协议之列，同时实现了这个服务器也是需要走通Erlang服务器开发的流程。提高上也有很多空间，比如引入分布式服务器，启动程序托管等等。\r\n对于计算机视觉，我推荐的例子是二维码识别。\r\n二维码识别用到了CV领域最最简单的视觉特征，角点。通过检测角点，并判断角点位置、角度、朝向，可知二维码一条边上的角点的坐标是可以归纳到二维坐标的直线方程中的，同时角度、朝向也是相同的。然后就可以提取到属于二维码的所有角点，并进行仿射变换和投影变换，得到正则化的二维码图像，随后估算方格中的平均亮度。最后就可以得到二维码所携带的信息。\r\n步骤简述：\r\n1.	打开摄像头，循环提取图像，依据按键决定是否退出程序\r\n2.	对图像进行灰度处理，或者提取自己所需的颜色通道\r\n3.	提取角点，比如Harris角点\r\n4.	按照角度和朝向对角点分类，通常包含角点最多的几个大类就已经是二维码的角点了\r\n5.	尝试按照分类对角点进行直线的拟合，注意即便是一个大类里也可以有多条直线，并归纳出多条直线\r\n6.	按照包含角点数量给直线排序，去除那些包含角点很少的直线，剩余的直线大概率就是二维码的横纵分隔了\r\n7.	利用这些直线的极值估算二维码的四个角，随后做仿射变换和投影变换，获得正方形的二维码\r\n8.	识别每个格子里的黑白概率，获得二维码信息\r\n这样的过程可以说对计算机视觉的知识依赖尽可能少了，同时可以获得有意思的输出。在提高方面，可以引入更好的角点提取算法，甚至是自己写角点检测，这都是很锻炼人的。中间的多次归类也是常见的计算机视觉操作，后续工作中会非常常用，涉及到概率选择可以有多种，平均值绝对不是好选择。在获得了二维码的信息后，还可以根据仿射/投影变换的参数来做摄像头内参数校准，以及通过获取的摄像头外参数来估算摄像头相对二维码的3D空间位姿。校准后还可以考虑用作双目摄像头的图像合成，3D扫描仪的背景校准等等。\r\n可以说二维码识别既是一个足够简单的入门程序，而提高上也拥有相当广泛的计算机视觉知识的覆盖。最基础的功能完全可以基于OpenCV来实现，随着要求的提高，也可以加入大量自己编写的算法来搞定。这对逐步学习锻炼是个非常好的小程序。\r\n','最好的入门是自己写代码做个小程序出来。',2,21,'2018-07-11 15:53:24.495869',0),(7,'如何做好计算机视觉的研究','“如何做好计算机视觉的研究？” \r\n要回答这个问题，我们先要对这个问题的关键词进行分析：如果去掉“计算机视觉”这个限定词，这问题就变成了“如何做好研究？”那么，要回答这个问题，我们就要知道“什么是好的研究？”而要定义什么是好的研究，必须回到根本，先要知道“什么是研究？”\r\n我们的讨论就从这个问题开始。\r\n什么是研究？\r\n一个被普遍接受的对研究的广义定义为：研究是为了产生新的知识或者是为已有的知识设计新的应用的系统性的工作。因为我们今天的讨论其实更多集中在科学研究上，先确定狭义的研究的定义为：利用科学的方法来调查解释一个现象或者获取新的知识。\r\n综合这两个定义，可以看到科学研究从本质上是由三个基本的要素构成：\r\n• 目的：产生新的知识或者是设计出新的应用; \r\n• 手段：科学的方法。缺少这两个要素任何之一都不构成科学研究; \r\n• 成果：新的知识。所谓新的知识，必须是前人不知道的东西。\r\n我们很多同学和年轻的研究员认为研究就是写论文、研究成果就是论文，这其实是在观念上走进了一个误区。论文是系统阐述新的知识、新的应用，以及阐述获取这个新知识或者新应用用到了什么样的科学方法的一个载体。论文，作为阐述研究成果的主要手段，必须经过同行的评议通过才能正式发表和被认可。\r\n在人工智能进入第三个热潮之际，我们看到各种各样关于AI的各种媒体报道层出不穷，一方面，这对大众普及了AI各方面的知识，是积极的。但从另一个方面讲，很多观点没有经过仔细的推敲，也没有同行的评议，一些谬误或者是夸大的观点可能因为广泛传播而被大众接受，结果产生负面的社会影响。这就提醒我们相关领域的研究人员，在对大众媒体去做一些评论的时候，必须仔细斟酌，尽量不传播没有得到检验的观点。\r\n这就谈到第二个问题：\r\n什么是好的研究？\r\n不同领域的研究员对这个问题可能会有不同的看法。\r\n从计算机科学的角度来讲，尤其是计算机视觉的研究，无论是理论的还是实践的，我们的研究成果最终是要解决现实世界的问题的。在这个方面，我印象比较深刻的还是我在西安交通大学读研究生的时候，沈向洋博士2001年在西安交大做报告提到的一个观点：最好的研究员发现新问题；好的研究员创造新方法解好问题；一般的研究员跟随别人的方法解问题——大家在多次这里看到“新”这个关键词，创新是研究的本质。\r\n有了这些铺垫，我们首先定义什么是最好的研究。通常认为一个领域中对于某一个问题最好的研究工作有三种：第一篇论文 (The First Paper)，最好的一篇论文 (The Best Paper)，以及最后一篇论文(The Last Paper)。这第一篇论文的含义是说这篇论文率先提出了一个好的问题和方向。最好的一篇论文是什么？那一定是开创性地提出了一种解法，启发了最终解决这个问题的途径。至于最后一篇论文，那一定是彻底把这个问题解决了，从此以后这个问题不再需要继续做进一步的研究。\r\n从计算机视觉领域举一个具体的例子来讲，Harris Corner Detector属于最早的一批在图像中检测角点的论文，可以归为第一篇之列。David Lowe博士的SIFT特征检测和局部描述子，可以归为在这个方向上最好的论文之列。那么这个方向的最后一篇呢？ 我认为可能还没有出现。具体到我自己的研究工作，在局部描述子这个方向上，我跟我的同事Matthew Brown和Simon Winder在2007年到2009年之间所做的一系列用机器学习的方法来建立描述子的工作，也实际上为提高局部描述子的性能提供了一个新的思路和方法。\r\n对于我们很多研究员和学生来讲，一辈子可能都做不到这三种最好的研究工作之一。那是不是就等于说你不能做好的研究工作或者根本不用考虑做研究了呢？肯定不是这样。科学研究是一个共同体。这些最好的研究工作也是在前面很多很多非常扎实（solid）的研究工作的基础上发展出来的。因此，对于年青的研究员和学生而言，应该胸怀大志，去追求做最好的研究工作，但从实际执行上来讲，还是要把一项一项具体的工作先做扎实了。\r\n怎么做到把研究工作做扎实了？首先，你必须对你要解的问题有一个全面深刻的了解，包括为什么要解这个问题、解这个问题有什么意义呢、以前有没有试图解决同样或者类似问题的先例，如果有，你就要全面了解前人都提出了什么样的解法、他们的解法都有什么样的优势和缺陷……最后，你的解法解决了前面这些解法不能解决的问题呢，或者是你的解法处理了什么样的他们不能处理的缺陷了？这些问题的答案如果都有了，那么，在写论文的过程中要注意的就是：你的假设是什么？你怎么验证了你的假设？这个验证既可以是理论上的证明，也可以是实验的验证。我们很多学生和年青的研究员，写论文的时候没有找到内在的逻辑关系，很多观点都是似是而非。或者说重一点，在论文撰写方面的训练严重不足。你的研究如果到了写论文的阶段，那就必须要有明确的观点提出来。这个观点必须明确无误，只有这样你才能被称为形成了新的知识。你的每一个观点都必须在理论上或者是实验中得到验证。另外，论文的撰写是为了让人看懂，不是让人看不懂，所以我们在撰写过程中必须尽量保证不去假设读者已经拥有了某些方面的知识。做好了这些，基本上你就有很大的可能性能够做出扎实（solid)的研究工作。\r\n','怎么做到把研究工作做扎实了？首先，你必须对你要解的问题有一个全面深刻的了解，包括为什么要解这个问题、解这个问题有什么意义呢、以前有没有试图解决同样或者类似问题的先例，如果有，你就要全面了解前人都提出了什么样的解法、他们的解法都有什么样的优势和缺陷……',3,16,'2018-07-11 15:53:58.077047',0),(8,'解释深度学习的新角度，来自光学的启发','我思考的这个问题，源于不久前我收到的⼀封来自某大公司产品经理的邮件。\r\n\r\n\r\n\r\n我喜欢将私人通讯邮件公开于众，所以我将邮件内容摘在下面：\r\n\r\n\r\n\r\n来自:M.\r\n\r\n\r\n\r\n你好 Ali, ...\r\n\r\n你如何训练团队里的年轻成员，使得他们有更好的直觉和预判?我团队里的工程师经常从其他科研员那「借鉴」超参数的值，但他们太担心要自己去调整参数了。...\r\n\r\n\r\n\r\n我对着这封邮件思考了数日，却没有办法找到⼀个有条理的答案。\r\n\r\n\r\n\r\n如果说应该有正确答案的话，我想回复说：也许她的工程师应该要有这种担心。','我思考的这个问题，源于不久前我收到的⼀封来自某大公司产品经理的邮件。',24,1,'2018-07-11 19:11:17.101613',0),(9,'坏了，人脸识别能检测出同性恋？','人脸识别不光能解锁手机，抓逃犯…它还可能检测你是直男还是 Gay？\r\n\r\n也许你已经听过了这一消息。去年，斯坦福大学组织助理教授 Michael  Kosinki 和同事 Yilun Wang 在一篇论文中展示了人脸识别算法如何从图像中提取特征，来识别某人是否是同性恋。研究称，在只有一张正面照的情况下，算法判断男同性恋的准确率达到 81％，女同性恋的准确率则为 74％。\r\n\r\n相比之下，人类能够分辨出同性恋的准确率为 61％（男）和 54％（女）。而当测试者在提供五张面部图片的情况下，人脸识别算法的准确度增加到了 91％（男）和 83％（女）。\r\n\r\n研究发现，同性恋往往具有“性别非典型”特征，这也给产前激素理论提供了强有力的支持——也就是同性恋男性的长相更女性化。通常，男性的下巴较宽，鼻子较短，前额较小；而男同性恋者下巴较窄，鼻子较长，前额较大，脸部毛发较稀少。相反，女同性恋者的脸部通常比女异性恋者的脸部更像男性脸部（下巴较宽，前额较小）。而且，同性恋者和异性恋者在梳洗打扮方面确实不同。\r\n\r\n这一研究在当时引起轩然大波，引发了 LGBTQ 组织的抗议，要求斯坦福大学不再涉足相关研究。近日，《卫报》发布了一篇对 Kosinki 的专访报道，解释了这项研究的出处以及目的，并且在近一年面临各种质疑的情况下依然坚持这项研究的可行性，最后还表达了他对 AI 技术的悖论思考。\r\n\r\n据 Kosinki 介绍，当时和他的助手通过采集分析了婚恋交友网站上的 35326 张照片，运用机器学习技术研发出一套名为“AI gaydar”系统，用以识别同性恋。\r\n\r\n但这这项研究并非有意为之，而是一个偶然发现。当时，他正在利用 Facebook 的用户数据做人格分析，在筛选个人资料时，注意到内向和外向的人有着截然不同的面孔，这让他感到两者可能存在某种联系。\r\n\r\n实际上，在得到上述研究结果之后，他作为研究者也惊讶于算法为什么会这么容易区分出同性恋和异性恋。\r\n\r\n在该研究被《经济学人》报道后，Kosinki 遭到了来自网友以及学界的口诛笔伐。普林斯顿大学教授 Alexander Todorov 当时质疑 Kosinski 的研究存在严重缺陷，因为通过比较数千张照片而成的算法模式可能与面部特征无关。另有 Google 的两位 AI 研究人员和 Todorov 持一致论调，认为 Kosinski 的算法可能会对检测者的妆束、胡须或者眼镜等特征做出回应，但 AI gaydar 并没有发现不同性取向的人在脸部特征上有何差异。\r\n\r\n根据今年 1 月的报道，Google 研究团队对这一争议研究进行了二次调查，他们的反对态度更加坚决。通过这次调查，Google 团队反而发现了同性恋与异性恋关于“如何自拍”的差异。他们发现，“直男倾向于低角度自拍，使得下巴变大，鼻子缩短、额头变小，笑容减少”，这样的角度强调了其主导地位。因此，他们认为这种差异的存在主要与文化而不是脸部结构有关。\r\n\r\n此外，Todorov 也指出，人们在约会网站上发的照片，投射出很多非人脸的特征。\r\n\r\n\r\n\r\nKosinski 承认他的机器学习系统检测到了这些不相关的特征，但他还是坚持认为，人脸与心理之间存在联系，即便它们对人眼是不可见的，但现在随着机器学习的进步就可以感知到这种连接。\r\n\r\n他拿人类犯罪倾向做类比，认为睾酮水平与犯罪倾向有关，而且它们也与面部特征有关，这个环节计算机很容易被发现。不过，当被问及他是否会利用 AI 进行犯罪检测这种类似研究时，却表现得犹豫不决。\r\n\r\n但早在 2016 年，在太平洋彼岸的中国，上海交大教授就完成用机器看脸识罪犯的研究，根据当时的报道，声称识别准确率可达 86% 以上，这在当时也引起了国内外舆论的质疑，Google 的几名研究员也对其撰文进行了批驳。','人脸识别不光能解锁手机，抓逃犯…它还可能检测你是直男还是 Gay？',35,1,'2018-07-11 19:13:12.970099',1),(10,'django1.8 出现NoReverseMatch异常','<p>在展示详细内容时出现这个异常：</p>\n\n<pre><code>NoReverseMatch <span>at</span> /\nReverse <span>for</span> <span>\'detail\'</span> <span>with</span> arguments <span>\'()\'</span> <span>and</span> keyword arguments <span>\'{\'</span>pk_id<span>\': 2}\'</span> <span>not</span> found. <span>1</span> pattern(s) tried: [<span>\'$qs/(?P&lt;pk_id&gt;[0-9]+)/$\'</span>]\n</code></pre>\n\n<p>其中有关的文件如下：</p>\n\n<p>index.html</p>\n\n<pre><code><span></span><span>{% <span><span>for</span></span> item <span>in</span> post_latest %}</span><span>\n   <span>&lt;<span>h1</span> <span>class</span>=<span>\"title transition\"</span>&gt;</span><span>&lt;<span>a</span> <span>href</span>=<span>\"</span></span></span><span>{% <span><span>url</span></span> \'detail\'  pk_id=item.pk %}</span><span><span><span>\"</span>&gt;</span></span><span>{{item.brief}}</span><span><span>&lt;/<span>a</span>&gt;</span><span>&lt;/<span>h1</span>&gt;</span>\n</span><span>{% <span><span>endfor</span></span> %}</span><span>\n</span></code></pre>\n\n<p>urls.py</p>\n\n<pre><code>urlpatterns = [\n    url(<span>r\'^$\'</span>, views.IndexView.as_view(), name=<span>\'index\'</span>),\n\n    url(<span>r\'^qs/(?P&lt;pk_id&gt;[0-9]+)/$\'</span>, views.detail, name=<span>\'detail\'</span>), \n]\n</code></pre>\n\n<p>views.py</p>','django1.8 出现NoReverseMatch异常',7,1,'2018-07-11 21:03:16.455519',1),(11,'django NoReverseMatch 错误问题','<div id=\"cnblogs_post_body\"><p>对照这django官方教程(1.8)写第一个APP，在第3部分（Removing hardcoded URLs in templates），将index.html的链接<code>&lt;a href=\"/polls/{{ question.id }}/\"&gt;</code>更改为<code>&lt;a href=\"{% url \'polls:detail\' question.id %}\"&gt;</code>，期望输出<code>polls/1</code>之类的网址。</p>\n<p>运行测试网站<code>http://127.0.0.1:8000/polls/</code>时却发生错误:</p>\n<blockquote>\n<p>NoReverseMatch at /polls/<br>\nReverse for \'detail\' with arguments \'(2,)\' and keyword arguments \'{}\' not found. 1 pattern(s) tried: <code>[u\'$(?P&lt;pk&gt;[0-9]+)/$\']</code></p>\n</blockquote>\n<p>百思不得其解，为什么url解析错误。</p>\n<p>当时的polls/urls.py：</p>\n<div><pre><code><span><span>from</span></span> django.conf.urls <span><span>import</span></span> url\n\n<span><span>from</span></span> . <span><span>import</span></span> views\n\nurlpatterns <span>=</span> [\n    url(<span><span>r\'^$\'</span></span>, views.IndexView.as_view(), name<span>=</span><span><span>\'index\'</span></span>),\n    url(<span><span>r\'^(?P&lt;pk&gt;[0-9]+)/$\'</span></span>, views.DetailView.as_view(), name<span>=</span><span><span>\'detail\'</span></span>),\n    url(<span><span>r\'^(?P&lt;pk&gt;[0-9]+)/results/$\'</span></span>, views.ResultsView.as_view(), name<span>=</span><span><span>\'results\'</span></span>),\n    url(<span><span>r\'^(?P&lt;question_id&gt;[0-9]+)/vote/$\'</span></span>, views.vote, name<span>=</span><span><span>\'vote\'</span></span>),\n]</code></pre></div>\n<p>polls/template/polls/index.html:</p>\n<div><pre><code>{<span>%</span> <span><span>if</span></span> latest_question_list <span>%</span>}\n    <span>&lt;</span>ul<span>&gt;</span>\n    {<span>%</span> <span><span>for</span></span> question <span><span>in</span></span> latest_question_list <span>%</span>}\n        <span>&lt;</span>li<span>&gt;&lt;</span>a href<span>=</span><span><span>\"{</span></span><span><span>% u</span></span><span><span>rl \'polls:detail\' question.id %}\"</span></span><span>&gt;</span>{{ question.question_text }}<span>&lt;/</span>a<span>&gt;&lt;/</span>li<span>&gt;</span>\n    {<span>%</span> endfor <span>%</span>}\n    <span>&lt;/</span>ul<span>&gt;</span>\n{<span>%</span> <span><span>else</span></span> <span>%</span>}\n    <span>&lt;</span>p<span>&gt;</span>No polls are available.<span>&lt;/</span>p<span>&gt;</span>\n{<span>%</span> endif <span>%</span>}</code></pre></div>\n<p>查看url tag的文档，里面是这么描述url tag的功能。</p>\n<blockquote>\n<p><strong>url</strong><br>\nReturns an absolute path reference (a URL without the domain name) matching a given view and optional parameters.</p>\n<p>For example, suppose you have a view, app_views.client, whose URLconf\n takes a client ID (here, client() is a method inside the views file \napp_views.py). The URLconf line might look like this:</p>\n<p><code>(\'^client/([0-9]+)/$\', app_views.client, name=\'app-views-client\')</code><br>\nIf this app’s URLconf is included into the project’s URLconf under a path such as this:</p>\n<p><code>(\'^clients/\', include(\'project_name.app_name.urls\'))</code><br>\n...then, in a template, you can create a link to this view like this:</p>\n<p><code>{% url \'app-views-client\' client.id %}</code><br>\nThe template tag will output the string <strong>/clients/client/123/</strong>.</p>\n</blockquote>\n<blockquote>\n<p><strong>Note that if the URL you’re reversing doesn’t exist, you’ll \nget an NoReverseMatch exception raised, which will cause your site to \ndisplay an error page.</strong></p>\n</blockquote>\n<p>说的是不存在想要反析的URL就产生NoReverseMatch异常，反析的过程<strong>应该</strong>就是让网址括号里的正则表达式里<strong>匹配</strong>传过去的参数(参考<a href=\"https://docs.djangoproject.com/en/1.8/topics/http/urls/#reverse-resolution-of-urls\">Reverse resolution of URLs</a>)。<br>\n在之前的index.html，question.id作为参数传过去，结果不匹配。竟怀疑question.id不为数字，直接将参数改为10,结果仍然是产生了NoReverseMatch异常：</p>\n<blockquote>\n<p>NoReverseMatch at /polls/<br>\nReverse for \'detail\' with arguments \'(<strong>10</strong>,)\' and keyword arguments \'{}\' not found. 1 pattern(s) tried: <code>[u\'$(?P&lt;pk&gt;[0-9]+)/$\']</code></p>\n</blockquote>\n<p>但注意到参数发生了变化，确实变成了10, <code>arguments \'(**10**,)\'</code>。既然传输的参数是正确的，那问题还是出在正则表达式的网址上。</p>\n<p>仔细查看错误提示，试验了1个正则表达式（1 pattern(s) tried: <code>[u\'$(?P&lt;pk&gt;[0-9]+)/$\']</code>），这个试验的正则表达式有点怪异，前面居然有一个匹配结尾元字符<code>$</code>，而polls/urls.py中name=\'detail\'对应的网址正则表达式为<code>r\'^(?P&lt;pk&gt;[0-9]+)/$\'</code>。</p>\n<p>逐想到上层mysite/urls.py中的配置，查看mysite/urls.py:</p>\n<div><pre><code><span><span>from</span></span> django.conf.urls <span><span>import</span></span> include, url\n<span><span>from</span></span> django.contrib <span><span>import</span></span> admin\n\nurlpatterns <span>=</span> [\n    url(<span><span>r\'^$\'</span></span>, include(<span><span>\'polls.urls\'</span></span>, namespace<span>=</span><span><span>\"polls\"</span></span>)),\n    url(<span><span>r\'^polls/\'</span></span>, include(<span><span>\'polls.urls\'</span></span>, namespace<span>=</span><span><span>\"polls\"</span></span>)),\n    url(<span><span>r\'^admin/\'</span></span>, include(admin.site.urls)),\n]</code></pre></div>\n<p>居然定义了两个namespace=\"polls\"，当执行<code>{% url \'polls:detail\' question.id %}</code>时，django先找到mysite/polls第一个namespace=polls的url regex，然后加上polls/urls.py对应name=detail的url regex，得到最后的url regex: <code>$(?P&lt;pk&gt;[0-9]+)/$</code>，这个正则式要求第一个位置匹配结束，这估计怎么都不会反析成功。而正确的url regex应该是第二个namespace=polls的url regex加上polls/urls.py对应name=detail的url regex，既<code>polls/(?P&lt;pk&gt;[0-9]+)/$</code>。</p>\n<p>发现问题所在后，将第一个namespace=polls所在行删掉，再次打开<code>http://127.0.0.1:8000/polls/</code>，正确的网页显示出来了，而且每一个问题对应的网址就是<code>http://127.0.0.1:8000/polls/[数字]</code>。</p>\n<p>django先应用找到的第一个namespace，所以将第一个namespace和第二个互换位置，结果也是可以正常显示。</p>\n<p>惨痛的教训告诫我们，不要在网站的urls.py使用同一个名字的namespace。另外，网站的urls.py若使用了include，不要在正则式后再加<code>$</code>。参考官方文档:<a href=\"https://docs.djangoproject.com/en/1.8/topics/http/urls/#including-other-urlconfs\">Including other URLconfs</a></p>\n</div>','django NoReverseMatch 错误问题',7,1,'2018-07-11 21:03:58.758658',1),(14,'c++再论构造函数','<h2 id=\"1构造顺序\">1、构造顺序</h2><p><strong>先父后儿</strong></p><p>解释：a,先调用父类的构造函数，如果有虚拟基类则先调用虚拟基类的构造函数，再调用一般基类的构造函数。b,父类构造函数调用完后再调用自己：本类中如果有对象成员，则先调用对象成员的构造函数，再调用本类的构造函数。</p><pre><code>class Furniture {\nprivate:\n    int weight;\npublic:\n    void setWeight(int weight) { this-&gt;weight = weight; }\n    int getWeight(void) const { return weight; }\npublic:\n    Furniture() { cout &lt;&lt;\"Furniture()\"&lt;&lt;endl; }\n};\n\nclass Vertification3C {\npublic:\n    Vertification3C() { cout &lt;&lt;\"Vertification3C()\"&lt;&lt;endl; }\n};\n\nclass Sofa : virtual public Furniture , virtual public Vertification3C{\nprivate:\n    int a;\npublic:\n    void watchTV(void) { cout&lt;&lt;\"watch TV\"&lt;&lt;endl; }\npublic:\n    Sofa() { cout &lt;&lt;\"Sofa()\"&lt;&lt;endl; }\n};\n\nclass Bed : virtual public Furniture, virtual public Vertification3C {\nprivate:\n    int b;\npublic:\n    void sleep(void) { cout&lt;&lt;\"sleep\"&lt;&lt;endl; }\npublic:\n    Bed() { cout &lt;&lt;\"Bed()\"&lt;&lt;endl; }\n};\n\nclass Sofabed : public Sofa, public Bed {\nprivate:\n    int c;\npublic:\n    Sofabed() { cout &lt;&lt;\"Sofabed()\"&lt;&lt;endl; }\n};\n\nclass LeftRightCom {\npublic:\n    LeftRightCom() { cout &lt;&lt;\"LeftRightCom()\"&lt;&lt;endl; }\n};\n\nclass Date {\npublic:\n    Date() { cout &lt;&lt;\"Date()\"&lt;&lt;endl; }\n};\n\nclass Type {\npublic:\n    Type() { cout &lt;&lt;\"Type()\"&lt;&lt;endl; }\n};\n\n\nclass LeftRightSofabed : public Sofabed, public LeftRightCom {\nprivate:\n    Date date;\n    Type type;\n\npublic:\n    LeftRightSofabed() { cout &lt;&lt;\"LeftRightSofabed()\"&lt;&lt;endl; }\n\n};\n\nint main(int argc, char **argv)\n{\n    LeftRightSofabed s;\n    return 0;\n}</code></pre><p>结果：</p><pre><code>Furniture()         /* 先虚拟基类 */\nVertification3C()\nSofa()\nBed()\nSofabed()\nLeftRightCom()\nDate()\nType()\nLeftRightSofabed()</code></pre><p>分析：</p><pre><code>Furniture，Vertification3C   Furniture，Vertification3C\nSofa                        Bed\n        Sofabed                     LeftRightCom\n        LeftRightSofabed</code></pre><h2 id=\"2多继承怎么给父类有参构造函数传递参数\"><a name=\"t2\"></a>2、多继承怎么给父类有参构造函数传递参数</h2><p>使用如下方式：</p><pre><code>class LeftRightSofabed : public Sofabed, virtual public LeftRightCom {\nprivate:\n    Date date;\n    Type type;\n\npublic:\n    LeftRightSofabed() { cout &lt;&lt;\"LeftRightSofabed()\"&lt;&lt;endl; }\n    //给父类传递参数\n    LeftRightSofabed(char *str1, char *str2, char *str3) : Sofabed(str1), LeftRightCom(str2), date(str3) { cout &lt;&lt;\"LeftRightSofabed()\"&lt;&lt;endl; }\n\n};\n\nint main(int argc, char **argv)\n{\n    LeftRightSofabed s(\"abc\", \"2343\", \"yyy\");\n    return 0;\n}</code></pre>','构造函数 ，是一种特殊的方法。主要用来在创建对象时初始化对象， 即为对象成员变量赋初始值，总与new运算符一起使用在创建对象的语句中。特别的一个类可以有多个构造函数 ，可根据其参数个数的不同或参数类型',7,2,'2018-07-12 09:31:06.540632',1),(15,'C++类','<p style=\"margin-top:0cm;margin-right:0cm;margin-bottom:12.0pt;margin-left:\n30.0pt;text-align:justify;text-justify:inter-ideograph;text-indent:-18.0pt;\nmso-list:l0 level1 lfo1;tab-stops:list 36.0pt;background:white\"><!--[if !supportLists]--><span lang=\"EN-US\" style=\"font-size:11.0pt;mso-ascii-font-family:宋体;mso-ascii-theme-font:\nminor-fareast;mso-fareast-font-family:宋体;mso-fareast-theme-font:minor-fareast;\nmso-hansi-font-family:宋体;mso-hansi-theme-font:minor-fareast;mso-bidi-font-family:\n宋体;mso-bidi-theme-font:minor-fareast\"><span>1.<span times=\"\" new=\"\" roman\"\'=\"\">&nbsp; </span></span></span><!--[endif]--><span style=\"font-size:11.0pt;mso-ascii-font-family:宋体;mso-ascii-theme-font:minor-fareast;\nmso-fareast-font-family:宋体;mso-fareast-theme-font:minor-fareast;mso-hansi-font-family:\n宋体;mso-hansi-theme-font:minor-fareast;mso-bidi-font-family:&quot;Times New Roman&quot;;\nmso-bidi-theme-font:minor-bidi\">构造函数<span lang=\"EN-US\">&nbsp;<br>\n1.1 </span>构造函数的初始化列表，应和类的顺序一致。<span lang=\"EN-US\">&nbsp;<br>\n1.2 </span>初始化列表中的每个项，应独占一行。<span lang=\"EN-US\">&nbsp;<br>\n1.3 </span>避免出现用一个成员初始化另一个成员。<span lang=\"EN-US\">&nbsp;<br>\n1.4 </span>构造函数应初始化所有成员，尤其是指针。<span lang=\"EN-US\">&nbsp;<br>\n1.5 </span>不要在构造函数和析构函数中抛出异常。<span lang=\"EN-US\"><o:p></o:p></span></span></p><p style=\"margin-top:0cm;margin-right:0cm;margin-bottom:12.0pt;margin-left:\n30.0pt;text-align:justify;text-justify:inter-ideograph;text-indent:-18.0pt;\nmso-list:l0 level1 lfo1;tab-stops:list 36.0pt;background:white\"><!--[if !supportLists]--><span lang=\"EN-US\" style=\"font-size:11.0pt;mso-ascii-font-family:宋体;mso-ascii-theme-font:\nminor-fareast;mso-fareast-font-family:宋体;mso-fareast-theme-font:minor-fareast;\nmso-hansi-font-family:宋体;mso-hansi-theme-font:minor-fareast;mso-bidi-font-family:\n宋体;mso-bidi-theme-font:minor-fareast\"><span>2.<span times=\"\" new=\"\" roman\"\'=\"\">&nbsp; </span></span></span><!--[endif]--><span style=\"font-size:11.0pt;mso-ascii-font-family:宋体;mso-ascii-theme-font:minor-fareast;\nmso-fareast-font-family:宋体;mso-fareast-theme-font:minor-fareast;mso-hansi-font-family:\n宋体;mso-hansi-theme-font:minor-fareast;mso-bidi-font-family:&quot;Times New Roman&quot;;\nmso-bidi-theme-font:minor-bidi\">纯虚函数<span lang=\"EN-US\">&nbsp;<br>\n2.1 M</span>类的虚函数应设计为纯虚函数。<span lang=\"EN-US\"><o:p></o:p></span></span></p><p style=\"margin-top:0cm;margin-right:0cm;margin-bottom:12.0pt;margin-left:\n30.0pt;text-align:justify;text-justify:inter-ideograph;text-indent:-18.0pt;\nmso-list:l0 level1 lfo1;tab-stops:list 36.0pt;background:white\"><!--[if !supportLists]--><span lang=\"EN-US\" style=\"font-size:11.0pt;mso-ascii-font-family:宋体;mso-ascii-theme-font:\nminor-fareast;mso-fareast-font-family:宋体;mso-fareast-theme-font:minor-fareast;\nmso-hansi-font-family:宋体;mso-hansi-theme-font:minor-fareast;mso-bidi-font-family:\n宋体;mso-bidi-theme-font:minor-fareast\"><span>3.<span times=\"\" new=\"\" roman\"\'=\"\">&nbsp; </span></span></span><!--[endif]--><span style=\"font-size:11.0pt;mso-ascii-font-family:宋体;mso-ascii-theme-font:minor-fareast;\nmso-fareast-font-family:宋体;mso-fareast-theme-font:minor-fareast;mso-hansi-font-family:\n宋体;mso-hansi-theme-font:minor-fareast;mso-bidi-font-family:&quot;Times New Roman&quot;;\nmso-bidi-theme-font:minor-bidi\">构造和析构函数<span lang=\"EN-US\">&nbsp;<br>\n3.1 </span>如果类可以继承，则应将类析构函数设计为虚函数。<span lang=\"EN-US\">&nbsp;<br>\n3.2 </span>如果类不允许继承，则应将类析构函数设计为非虚函数。<span lang=\"EN-US\">&nbsp;<br>\n3.3 </span>如果类不能被复制，则应将拷贝构造函数和赋值运算符设计为私有的。<span lang=\"EN-US\">&nbsp;<br>\n3.4 </span>如果为类设计了构造函数，则应有析构函数。<span lang=\"EN-US\"><o:p></o:p></span></span></p><p style=\"margin-top:0cm;margin-right:0cm;margin-bottom:12.0pt;margin-left:\n30.0pt;text-align:justify;text-justify:inter-ideograph;text-indent:-18.0pt;\nmso-list:l0 level1 lfo1;tab-stops:list 36.0pt;background:white\"><!--[if !supportLists]--><span lang=\"EN-US\" style=\"font-size:11.0pt;mso-ascii-font-family:宋体;mso-ascii-theme-font:\nminor-fareast;mso-fareast-font-family:宋体;mso-fareast-theme-font:minor-fareast;\nmso-hansi-font-family:宋体;mso-hansi-theme-font:minor-fareast;mso-bidi-font-family:\n宋体;mso-bidi-theme-font:minor-fareast\"><span>4.<span times=\"\" new=\"\" roman\"\'=\"\">&nbsp; </span></span></span><!--[endif]--><span style=\"font-size:11.0pt;mso-ascii-font-family:宋体;mso-ascii-theme-font:minor-fareast;\nmso-fareast-font-family:宋体;mso-fareast-theme-font:minor-fareast;mso-hansi-font-family:\n宋体;mso-hansi-theme-font:minor-fareast;mso-bidi-font-family:&quot;Times New Roman&quot;;\nmso-bidi-theme-font:minor-bidi\">成员变量<span lang=\"EN-US\">&nbsp;<br>\n4.1 </span>尽量避免使用</span><span lang=\"EN-USTimes\" new=\"\" roman\";=\"\" mso-bidi-theme-font:minor-bidi\'=\"\">mutable</span><span style=\"font-size:11.0pt;\nmso-ascii-font-family:宋体;mso-ascii-theme-font:minor-fareast;mso-fareast-font-family:\n宋体;mso-fareast-theme-font:minor-fareast;mso-hansi-font-family:宋体;mso-hansi-theme-font:\nminor-fareast;mso-bidi-font-family:&quot;Times New Roman&quot;;mso-bidi-theme-font:minor-bidi\">和</span><span lang=\"EN-USTimes\" new=\"\" roman\";mso-bidi-theme-font:=\"\" minor-bidi\'=\"\">volatile</span><span style=\"font-size:11.0pt;mso-ascii-font-family:\n宋体;mso-ascii-theme-font:minor-fareast;mso-fareast-font-family:宋体;mso-fareast-theme-font:\nminor-fareast;mso-hansi-font-family:宋体;mso-hansi-theme-font:minor-fareast;\nmso-bidi-font-family:&quot;Times New Roman&quot;;mso-bidi-theme-font:minor-bidi\">。<span lang=\"EN-US\">&nbsp;<br>\n4.2 </span>尽量避免使用公有成员变量。<span lang=\"EN-US\"><o:p></o:p></span></span></p><p style=\"margin-top:0cm;margin-right:0cm;margin-bottom:12.0pt;margin-left:\n30.0pt;text-align:justify;text-justify:inter-ideograph;text-indent:-18.0pt;\nmso-list:l0 level1 lfo1;tab-stops:list 36.0pt;background:white\"><!--[if !supportLists]--><span lang=\"EN-US\" style=\"font-size:11.0pt;mso-ascii-font-family:宋体;mso-ascii-theme-font:\nminor-fareast;mso-fareast-font-family:宋体;mso-fareast-theme-font:minor-fareast;\nmso-hansi-font-family:宋体;mso-hansi-theme-font:minor-fareast;mso-bidi-font-family:\n宋体;mso-bidi-theme-font:minor-fareast\"><span>5.<span times=\"\" new=\"\" roman\"\'=\"\">&nbsp; </span></span></span><!--[endif]--><span style=\"font-size:11.0pt;mso-ascii-font-family:宋体;mso-ascii-theme-font:minor-fareast;\nmso-fareast-font-family:宋体;mso-fareast-theme-font:minor-fareast;mso-hansi-font-family:\n宋体;mso-hansi-theme-font:minor-fareast;mso-bidi-font-family:&quot;Times New Roman&quot;;\nmso-bidi-theme-font:minor-bidi\">成员函数<span lang=\"EN-US\">&nbsp;<br>\n5.1 </span>努力使类的接口少而完备。<span lang=\"EN-US\">&nbsp;<br>\n5.2 </span>尽量使用常成员函数代替非常成员函数，</span><span lang=\"EN-US\" style=\"mso-bidi-font-family:\n&quot;Times New Roman&quot;;mso-bidi-theme-font:minor-bidi\">const</span><span style=\"font-size:11.0pt;mso-ascii-font-family:宋体;mso-ascii-theme-font:minor-fareast;\nmso-fareast-font-family:宋体;mso-fareast-theme-font:minor-fareast;mso-hansi-font-family:\n宋体;mso-hansi-theme-font:minor-fareast;mso-bidi-font-family:&quot;Times New Roman&quot;;\nmso-bidi-theme-font:minor-bidi\">函数<span lang=\"EN-US\">&nbsp;<br>\n5.3 </span>除非特别理由，绝不要重新定义<span lang=\"EN-US\">(</span>继承来的<span lang=\"EN-US\">)</span>非虚函数。（这样是覆盖，基类的某些属性无初始化）<span lang=\"EN-US\"><o:p></o:p></span></span></p><p style=\"margin-top:0cm;margin-right:0cm;margin-bottom:12.0pt;margin-left:\n30.0pt;text-align:justify;text-justify:inter-ideograph;text-indent:-18.0pt;\nmso-list:l0 level1 lfo1;tab-stops:list 36.0pt;background:white\"><!--[if !supportLists]--><span lang=\"EN-US\" style=\"font-size:11.0pt;mso-ascii-font-family:宋体;mso-ascii-theme-font:\nminor-fareast;mso-fareast-font-family:宋体;mso-fareast-theme-font:minor-fareast;\nmso-hansi-font-family:宋体;mso-hansi-theme-font:minor-fareast;mso-bidi-font-family:\n宋体;mso-bidi-theme-font:minor-fareast\"><span>6.<span times=\"\" new=\"\" roman\"\'=\"\">&nbsp; </span></span></span><!--[endif]--><span style=\"font-size:11.0pt;mso-ascii-font-family:宋体;mso-ascii-theme-font:minor-fareast;\nmso-fareast-font-family:宋体;mso-fareast-theme-font:minor-fareast;mso-hansi-font-family:\n宋体;mso-hansi-theme-font:minor-fareast;mso-bidi-font-family:&quot;Times New Roman&quot;;\nmso-bidi-theme-font:minor-bidi\">继承<span lang=\"EN-US\">&nbsp;<br>\n6.1 </span>继承必须满足<span lang=\"EN-US\">IS-A</span>的关系，<span lang=\"EN-US\">HAS-A</span>应采用包含。<span lang=\"EN-US\">&nbsp;<br>\n6.2 </span>虚函数不要采用默认参数。<span lang=\"EN-US\">&nbsp;<br>\n6.3 </span>除非特别需要，应避免设计大而全的虚函数，虚函数功能要单一。<span lang=\"EN-US\">&nbsp;<br>\n6.4 </span>除非特别需要，避免将基类强制转换成派生类。<span lang=\"EN-US\"><o:p></o:p></span></span></p><p>\n<!--[if gte mso 9]><xml>\n <o:OfficeDocumentSettings>\n  <o:AllowPNG/>\n </o:OfficeDocumentSettings>\n</xml><![endif]-->\n\n\n<!--[if gte mso 9]><xml>\n <w:WordDocument>\n  <w:View>Normal</w:View>\n  <w:Zoom>0</w:Zoom>\n  <w:TrackMoves/>\n  <w:TrackFormatting/>\n  <w:PunctuationKerning/>\n  <w:DrawingGridVerticalSpacing>7.8 磅</w:DrawingGridVerticalSpacing>\n  <w:DisplayHorizontalDrawingGridEvery>0</w:DisplayHorizontalDrawingGridEvery>\n  <w:DisplayVerticalDrawingGridEvery>2</w:DisplayVerticalDrawingGridEvery>\n  <w:ValidateAgainstSchemas/>\n  <w:SaveIfXMLInvalid>false</w:SaveIfXMLInvalid>\n  <w:IgnoreMixedContent>false</w:IgnoreMixedContent>\n  <w:AlwaysShowPlaceholderText>false</w:AlwaysShowPlaceholderText>\n  <w:DoNotPromoteQF/>\n  <w:LidThemeOther>EN-US</w:LidThemeOther>\n  <w:LidThemeAsian>ZH-CN</w:LidThemeAsian>\n  <w:LidThemeComplexScript>X-NONE</w:LidThemeComplexScript>\n  <w:Compatibility>\n   <w:SpaceForUL/>\n   <w:BalanceSingleByteDoubleByteWidth/>\n   <w:DoNotLeaveBackslashAlone/>\n   <w:ULTrailSpace/>\n   <w:DoNotExpandShiftReturn/>\n   <w:AdjustLineHeightInTable/>\n   <w:BreakWrappedTables/>\n   <w:SnapToGridInCell/>\n   <w:WrapTextWithPunct/>\n   <w:UseAsianBreakRules/>\n   <w:DontGrowAutofit/>\n   <w:SplitPgBreakAndParaMark/>\n   <w:EnableOpenTypeKerning/>\n   <w:DontFlipMirrorIndents/>\n   <w:OverrideTableStyleHps/>\n   <w:UseFELayout/>\n  </w:Compatibility>\n  <m:mathPr>\n   <m:mathFont m:val=\"Cambria Math\"/>\n   <m:brkBin m:val=\"before\"/>\n   <m:brkBinSub m:val=\"&#45;-\"/>\n   <m:smallFrac m:val=\"off\"/>\n   <m:dispDef/>\n   <m:lMargin m:val=\"0\"/>\n   <m:rMargin m:val=\"0\"/>\n   <m:defJc m:val=\"centerGroup\"/>\n   <m:wrapIndent m:val=\"1440\"/>\n   <m:intLim m:val=\"subSup\"/>\n   <m:naryLim m:val=\"undOvr\"/>\n  </m:mathPr></w:WordDocument>\n</xml><![endif]--><!--[if gte mso 9]><xml>\n <w:LatentStyles DefLockedState=\"false\" DefUnhideWhenUsed=\"true\"\n  DefSemiHidden=\"true\" DefQFormat=\"false\" DefPriority=\"99\"\n  LatentStyleCount=\"267\">\n  <w:LsdException Locked=\"false\" Priority=\"0\" SemiHidden=\"false\"\n   UnhideWhenUsed=\"false\" QFormat=\"true\" Name=\"Normal\"/>\n  <w:LsdException Locked=\"false\" Priority=\"9\" SemiHidden=\"false\"\n   UnhideWhenUsed=\"false\" QFormat=\"true\" Name=\"heading 1\"/>\n  <w:LsdException Locked=\"false\" Priority=\"9\" QFormat=\"true\" Name=\"heading 2\"/>\n  <w:LsdException Locked=\"false\" Priority=\"9\" QFormat=\"true\" Name=\"heading 3\"/>\n  <w:LsdException Locked=\"false\" Priority=\"9\" QFormat=\"true\" Name=\"heading 4\"/>\n  <w:LsdException Locked=\"false\" Priority=\"9\" QFormat=\"true\" Name=\"heading 5\"/>\n  <w:LsdException Locked=\"false\" Priority=\"9\" QFormat=\"true\" Name=\"heading 6\"/>\n  <w:LsdException Locked=\"false\" Priority=\"9\" QFormat=\"true\" Name=\"heading 7\"/>\n  <w:LsdException Locked=\"false\" Priority=\"9\" QFormat=\"true\" Name=\"heading 8\"/>\n  <w:LsdException Locked=\"false\" Priority=\"9\" QFormat=\"true\" Name=\"heading 9\"/>\n  <w:LsdException Locked=\"false\" Priority=\"39\" Name=\"toc 1\"/>\n  <w:LsdException Locked=\"false\" Priority=\"39\" Name=\"toc 2\"/>\n  <w:LsdException Locked=\"false\" Priority=\"39\" Name=\"toc 3\"/>\n  <w:LsdException Locked=\"false\" Priority=\"39\" Name=\"toc 4\"/>\n  <w:LsdException Locked=\"false\" Priority=\"39\" Name=\"toc 5\"/>\n  <w:LsdException Locked=\"false\" Priority=\"39\" Name=\"toc 6\"/>\n  <w:LsdException Locked=\"false\" Priority=\"39\" Name=\"toc 7\"/>\n  <w:LsdException Locked=\"false\" Priority=\"39\" Name=\"toc 8\"/>\n  <w:LsdException Locked=\"false\" Priority=\"39\" Name=\"toc 9\"/>\n  <w:LsdException Locked=\"false\" Priority=\"35\" QFormat=\"true\" Name=\"caption\"/>\n  <w:LsdException Locked=\"false\" Priority=\"10\" SemiHidden=\"false\"\n   UnhideWhenUsed=\"false\" QFormat=\"true\" Name=\"Title\"/>\n  <w:LsdException Locked=\"false\" Priority=\"1\" Name=\"Default Paragraph Font\"/>\n  <w:LsdException Locked=\"false\" Priority=\"11\" SemiHidden=\"false\"\n   UnhideWhenUsed=\"false\" QFormat=\"true\" Name=\"Subtitle\"/>\n  <w:LsdException Locked=\"false\" Priority=\"22\" SemiHidden=\"false\"\n   UnhideWhenUsed=\"false\" QFormat=\"true\" Name=\"Strong\"/>\n  <w:LsdException Locked=\"false\" Priority=\"20\" SemiHidden=\"false\"\n   UnhideWhenUsed=\"false\" QFormat=\"true\" Name=\"Emphasis\"/>\n  <w:LsdException Locked=\"false\" Priority=\"59\" SemiHidden=\"false\"\n   UnhideWhenUsed=\"false\" Name=\"Table Grid\"/>\n  <w:LsdException Locked=\"false\" UnhideWhenUsed=\"false\" Name=\"Placeholder Text\"/>\n  <w:LsdException Locked=\"false\" Priority=\"1\" SemiHidden=\"false\"\n   UnhideWhenUsed=\"false\" QFormat=\"true\" Name=\"No Spacing\"/>\n  <w:LsdException Locked=\"false\" Priority=\"60\" SemiHidden=\"false\"\n   UnhideWhenUsed=\"false\" Name=\"Light Shading\"/>\n  <w:LsdException Locked=\"false\" Priority=\"61\" SemiHidden=\"false\"\n   UnhideWhenUsed=\"false\" Name=\"Light List\"/>\n  <w:LsdException Locked=\"false\" Priority=\"62\" SemiHidden=\"false\"\n   UnhideWhenUsed=\"false\" Name=\"Light Grid\"/>\n  <w:LsdException Locked=\"false\" Priority=\"63\" SemiHidden=\"false\"\n   UnhideWhenUsed=\"false\" Name=\"Medium Shading 1\"/>\n  <w:LsdException Locked=\"false\" Priority=\"64\" SemiHidden=\"false\"\n   UnhideWhenUsed=\"false\" Name=\"Medium Shading 2\"/>\n  <w:LsdException Locked=\"false\" Priority=\"65\" SemiHidden=\"false\"\n   UnhideWhenUsed=\"false\" Name=\"Medium List 1\"/>\n  <w:LsdException Locked=\"false\" Priority=\"66\" SemiHidden=\"false\"\n   UnhideWhenUsed=\"false\" Name=\"Medium List 2\"/>\n  <w:LsdException Locked=\"false\" Priority=\"67\" SemiHidden=\"false\"\n   UnhideWhenUsed=\"false\" Name=\"Medium Grid 1\"/>\n  <w:LsdException Locked=\"false\" Priority=\"68\" SemiHidden=\"false\"\n   UnhideWhenUsed=\"false\" Name=\"Medium Grid 2\"/>\n  <w:LsdException Locked=\"false\" Priority=\"69\" SemiHidden=\"false\"\n   UnhideWhenUsed=\"false\" Name=\"Medium Grid 3\"/>\n  <w:LsdException Locked=\"false\" Priority=\"70\" SemiHidden=\"false\"\n   UnhideWhenUsed=\"false\" Name=\"Dark List\"/>\n  <w:LsdException Locked=\"false\" Priority=\"71\" SemiHidden=\"false\"\n   UnhideWhenUsed=\"false\" Name=\"Colorful Shading\"/>\n  <w:LsdException Locked=\"false\" Priority=\"72\" SemiHidden=\"false\"\n   UnhideWhenUsed=\"false\" Name=\"Colorful List\"/>\n  <w:LsdException Locked=\"false\" Priority=\"73\" SemiHidden=\"false\"\n   UnhideWhenUsed=\"false\" Name=\"Colorful Grid\"/>\n  <w:LsdException Locked=\"false\" Priority=\"60\" SemiHidden=\"false\"\n   UnhideWhenUsed=\"false\" Name=\"Light Shading Accent 1\"/>\n  <w:LsdException Locked=\"false\" Priority=\"61\" SemiHidden=\"false\"\n   UnhideWhenUsed=\"false\" Name=\"Light List Accent 1\"/>\n  <w:LsdException Locked=\"false\" Priority=\"62\" SemiHidden=\"false\"\n   UnhideWhenUsed=\"false\" Name=\"Light Grid Accent 1\"/>\n  <w:LsdException Locked=\"false\" Priority=\"63\" SemiHidden=\"false\"\n   UnhideWhenUsed=\"false\" Name=\"Medium Shading 1 Accent 1\"/>\n  <w:LsdException Locked=\"false\" Priority=\"64\" SemiHidden=\"false\"\n   UnhideWhenUsed=\"false\" Name=\"Medium Shading 2 Accent 1\"/>\n  <w:LsdException Locked=\"false\" Priority=\"65\" SemiHidden=\"false\"\n   UnhideWhenUsed=\"false\" Name=\"Medium List 1 Accent 1\"/>\n  <w:LsdException Locked=\"false\" UnhideWhenUsed=\"false\" Name=\"Revision\"/>\n  <w:LsdException Locked=\"false\" Priority=\"34\" SemiHidden=\"false\"\n   UnhideWhenUsed=\"false\" QFormat=\"true\" Name=\"List Paragraph\"/>\n  <w:LsdException Locked=\"false\" Priority=\"29\" SemiHidden=\"false\"\n   UnhideWhenUsed=\"false\" QFormat=\"true\" Name=\"Quote\"/>\n  <w:LsdException Locked=\"false\" Priority=\"30\" SemiHidden=\"false\"\n   UnhideWhenUsed=\"false\" QFormat=\"true\" Name=\"Intense Quote\"/>\n  <w:LsdException Locked=\"false\" Priority=\"66\" SemiHidden=\"false\"\n   UnhideWhenUsed=\"false\" Name=\"Medium List 2 Accent 1\"/>\n  <w:LsdException Locked=\"false\" Priority=\"67\" SemiHidden=\"false\"\n   UnhideWhenUsed=\"false\" Name=\"Medium Grid 1 Accent 1\"/>\n  <w:LsdException Locked=\"false\" Priority=\"68\" SemiHidden=\"false\"\n   UnhideWhenUsed=\"false\" Name=\"Medium Grid 2 Accent 1\"/>\n  <w:LsdException Locked=\"false\" Priority=\"69\" SemiHidden=\"false\"\n   UnhideWhenUsed=\"false\" Name=\"Medium Grid 3 Accent 1\"/>\n  <w:LsdException Locked=\"false\" Priority=\"70\" SemiHidden=\"false\"\n   UnhideWhenUsed=\"false\" Name=\"Dark List Accent 1\"/>\n  <w:LsdException Locked=\"false\" Priority=\"71\" SemiHidden=\"false\"\n   UnhideWhenUsed=\"false\" Name=\"Colorful Shading Accent 1\"/>\n  <w:LsdException Locked=\"false\" Priority=\"72\" SemiHidden=\"false\"\n   UnhideWhenUsed=\"false\" Name=\"Colorful List Accent 1\"/>\n  <w:LsdException Locked=\"false\" Priority=\"73\" SemiHidden=\"false\"\n   UnhideWhenUsed=\"false\" Name=\"Colorful Grid Accent 1\"/>\n  <w:LsdException Locked=\"false\" Priority=\"60\" SemiHidden=\"false\"\n   UnhideWhenUsed=\"false\" Name=\"Light Shading Accent 2\"/>\n  <w:LsdException Locked=\"false\" Priority=\"61\" SemiHidden=\"false\"\n   UnhideWhenUsed=\"false\" Name=\"Light List Accent 2\"/>\n  <w:LsdException Locked=\"false\" Priority=\"62\" SemiHidden=\"false\"\n   UnhideWhenUsed=\"false\" Name=\"Light Grid Accent 2\"/>\n  <w:LsdException Locked=\"false\" Priority=\"63\" SemiHidden=\"false\"\n   UnhideWhenUsed=\"false\" Name=\"Medium Shading 1 Accent 2\"/>\n  <w:LsdException Locked=\"false\" Priority=\"64\" SemiHidden=\"false\"\n   UnhideWhenUsed=\"false\" Name=\"Medium Shading 2 Accent 2\"/>\n  <w:LsdException Locked=\"false\" Priority=\"65\" SemiHidden=\"false\"\n   UnhideWhenUsed=\"false\" Name=\"Medium List 1 Accent 2\"/>\n  <w:LsdException Locked=\"false\" Priority=\"66\" SemiHidden=\"false\"\n   UnhideWhenUsed=\"false\" Name=\"Medium List 2 Accent 2\"/>\n  <w:LsdException Locked=\"false\" Priority=\"67\" SemiHidden=\"false\"\n   UnhideWhenUsed=\"false\" Name=\"Medium Grid 1 Accent 2\"/>\n  <w:LsdException Locked=\"false\" Priority=\"68\" SemiHidden=\"false\"\n   UnhideWhenUsed=\"false\" Name=\"Medium Grid 2 Accent 2\"/>\n  <w:LsdException Locked=\"false\" Priority=\"69\" SemiHidden=\"false\"\n   UnhideWhenUsed=\"false\" Name=\"Medium Grid 3 Accent 2\"/>\n  <w:LsdException Locked=\"false\" Priority=\"70\" SemiHidden=\"false\"\n   UnhideWhenUsed=\"false\" Name=\"Dark List Accent 2\"/>\n  <w:LsdException Locked=\"false\" Priority=\"71\" SemiHidden=\"false\"\n   UnhideWhenUsed=\"false\" Name=\"Colorful Shading Accent 2\"/>\n  <w:LsdException Locked=\"false\" Priority=\"72\" SemiHidden=\"false\"\n   UnhideWhenUsed=\"false\" Name=\"Colorful List Accent 2\"/>\n  <w:LsdException Locked=\"false\" Priority=\"73\" SemiHidden=\"false\"\n   UnhideWhenUsed=\"false\" Name=\"Colorful Grid Accent 2\"/>\n  <w:LsdException Locked=\"false\" Priority=\"60\" SemiHidden=\"false\"\n   UnhideWhenUsed=\"false\" Name=\"Light Shading Accent 3\"/>\n  <w:LsdException Locked=\"false\" Priority=\"61\" SemiHidden=\"false\"\n   UnhideWhenUsed=\"false\" Name=\"Light List Accent 3\"/>\n  <w:LsdException Locked=\"false\" Priority=\"62\" SemiHidden=\"false\"\n   UnhideWhenUsed=\"false\" Name=\"Light Grid Accent 3\"/>\n  <w:LsdException Locked=\"false\" Priority=\"63\" SemiHidden=\"false\"\n   UnhideWhenUsed=\"false\" Name=\"Medium Shading 1 Accent 3\"/>\n  <w:LsdException Locked=\"false\" Priority=\"64\" SemiHidden=\"false\"\n   UnhideWhenUsed=\"false\" Name=\"Medium Shading 2 Accent 3\"/>\n  <w:LsdException Locked=\"false\" Priority=\"65\" SemiHidden=\"false\"\n   UnhideWhenUsed=\"false\" Name=\"Medium List 1 Accent 3\"/>\n  <w:LsdException Locked=\"false\" Priority=\"66\" SemiHidden=\"false\"\n   UnhideWhenUsed=\"false\" Name=\"Medium List 2 Accent 3\"/>\n  <w:LsdException Locked=\"false\" Priority=\"67\" SemiHidden=\"false\"\n   UnhideWhenUsed=\"false\" Name=\"Medium Grid 1 Accent 3\"/>\n  <w:LsdException Locked=\"false\" Priority=\"68\" SemiHidden=\"false\"\n   UnhideWhenUsed=\"false\" Name=\"Medium Grid 2 Accent 3\"/>\n  <w:LsdException Locked=\"false\" Priority=\"69\" SemiHidden=\"false\"\n   UnhideWhenUsed=\"false\" Name=\"Medium Grid 3 Accent 3\"/>\n  <w:LsdException Locked=\"false\" Priority=\"70\" SemiHidden=\"false\"\n   UnhideWhenUsed=\"false\" Name=\"Dark List Accent 3\"/>\n  <w:LsdException Locked=\"false\" Priority=\"71\" SemiHidden=\"false\"\n   UnhideWhenUsed=\"false\" Name=\"Colorful Shading Accent 3\"/>\n  <w:LsdException Locked=\"false\" Priority=\"72\" SemiHidden=\"false\"\n   UnhideWhenUsed=\"false\" Name=\"Colorful List Accent 3\"/>\n  <w:LsdException Locked=\"false\" Priority=\"73\" SemiHidden=\"false\"\n   UnhideWhenUsed=\"false\" Name=\"Colorful Grid Accent 3\"/>\n  <w:LsdException Locked=\"false\" Priority=\"60\" SemiHidden=\"false\"\n   UnhideWhenUsed=\"false\" Name=\"Light Shading Accent 4\"/>\n  <w:LsdException Locked=\"false\" Priority=\"61\" SemiHidden=\"false\"\n   UnhideWhenUsed=\"false\" Name=\"Light List Accent 4\"/>\n  <w:LsdException Locked=\"false\" Priority=\"62\" SemiHidden=\"false\"\n   UnhideWhenUsed=\"false\" Name=\"Light Grid Accent 4\"/>\n  <w:LsdException Locked=\"false\" Priority=\"63\" SemiHidden=\"false\"\n   UnhideWhenUsed=\"false\" Name=\"Medium Shading 1 Accent 4\"/>\n  <w:LsdException Locked=\"false\" Priority=\"64\" SemiHidden=\"false\"\n   UnhideWhenUsed=\"false\" Name=\"Medium Shading 2 Accent 4\"/>\n  <w:LsdException Locked=\"false\" Priority=\"65\" SemiHidden=\"false\"\n   UnhideWhenUsed=\"false\" Name=\"Medium List 1 Accent 4\"/>\n  <w:LsdException Locked=\"false\" Priority=\"66\" SemiHidden=\"false\"\n   UnhideWhenUsed=\"false\" Name=\"Medium List 2 Accent 4\"/>\n  <w:LsdException Locked=\"false\" Priority=\"67\" SemiHidden=\"false\"\n   UnhideWhenUsed=\"false\" Name=\"Medium Grid 1 Accent 4\"/>\n  <w:LsdException Locked=\"false\" Priority=\"68\" SemiHidden=\"false\"\n   UnhideWhenUsed=\"false\" Name=\"Medium Grid 2 Accent 4\"/>\n  <w:LsdException Locked=\"false\" Priority=\"69\" SemiHidden=\"false\"\n   UnhideWhenUsed=\"false\" Name=\"Medium Grid 3 Accent 4\"/>\n  <w:LsdException Locked=\"false\" Priority=\"70\" SemiHidden=\"false\"\n   UnhideWhenUsed=\"false\" Name=\"Dark List Accent 4\"/>\n  <w:LsdException Locked=\"false\" Priority=\"71\" SemiHidden=\"false\"\n   UnhideWhenUsed=\"false\" Name=\"Colorful Shading Accent 4\"/>\n  <w:LsdException Locked=\"false\" Priority=\"72\" SemiHidden=\"false\"\n   UnhideWhenUsed=\"false\" Name=\"Colorful List Accent 4\"/>\n  <w:LsdException Locked=\"false\" Priority=\"73\" SemiHidden=\"false\"\n   UnhideWhenUsed=\"false\" Name=\"Colorful Grid Accent 4\"/>\n  <w:LsdException Locked=\"false\" Priority=\"60\" SemiHidden=\"false\"\n   UnhideWhenUsed=\"false\" Name=\"Light Shading Accent 5\"/>\n  <w:LsdException Locked=\"false\" Priority=\"61\" SemiHidden=\"false\"\n   UnhideWhenUsed=\"false\" Name=\"Light List Accent 5\"/>\n  <w:LsdException Locked=\"false\" Priority=\"62\" SemiHidden=\"false\"\n   UnhideWhenUsed=\"false\" Name=\"Light Grid Accent 5\"/>\n  <w:LsdException Locked=\"false\" Priority=\"63\" SemiHidden=\"false\"\n   UnhideWhenUsed=\"false\" Name=\"Medium Shading 1 Accent 5\"/>\n  <w:LsdException Locked=\"false\" Priority=\"64\" SemiHidden=\"false\"\n   UnhideWhenUsed=\"false\" Name=\"Medium Shading 2 Accent 5\"/>\n  <w:LsdException Locked=\"false\" Priority=\"65\" SemiHidden=\"false\"\n   UnhideWhenUsed=\"false\" Name=\"Medium List 1 Accent 5\"/>\n  <w:LsdException Locked=\"false\" Priority=\"66\" SemiHidden=\"false\"\n   UnhideWhenUsed=\"false\" Name=\"Medium List 2 Accent 5\"/>\n  <w:LsdException Locked=\"false\" Priority=\"67\" SemiHidden=\"false\"\n   UnhideWhenUsed=\"false\" Name=\"Medium Grid 1 Accent 5\"/>\n  <w:LsdException Locked=\"false\" Priority=\"68\" SemiHidden=\"false\"\n   UnhideWhenUsed=\"false\" Name=\"Medium Grid 2 Accent 5\"/>\n  <w:LsdException Locked=\"false\" Priority=\"69\" SemiHidden=\"false\"\n   UnhideWhenUsed=\"false\" Name=\"Medium Grid 3 Accent 5\"/>\n  <w:LsdException Locked=\"false\" Priority=\"70\" SemiHidden=\"false\"\n   UnhideWhenUsed=\"false\" Name=\"Dark List Accent 5\"/>\n  <w:LsdException Locked=\"false\" Priority=\"71\" SemiHidden=\"false\"\n   UnhideWhenUsed=\"false\" Name=\"Colorful Shading Accent 5\"/>\n  <w:LsdException Locked=\"false\" Priority=\"72\" SemiHidden=\"false\"\n   UnhideWhenUsed=\"false\" Name=\"Colorful List Accent 5\"/>\n  <w:LsdException Locked=\"false\" Priority=\"73\" SemiHidden=\"false\"\n   UnhideWhenUsed=\"false\" Name=\"Colorful Grid Accent 5\"/>\n  <w:LsdException Locked=\"false\" Priority=\"60\" SemiHidden=\"false\"\n   UnhideWhenUsed=\"false\" Name=\"Light Shading Accent 6\"/>\n  <w:LsdException Locked=\"false\" Priority=\"61\" SemiHidden=\"false\"\n   UnhideWhenUsed=\"false\" Name=\"Light List Accent 6\"/>\n  <w:LsdException Locked=\"false\" Priority=\"62\" SemiHidden=\"false\"\n   UnhideWhenUsed=\"false\" Name=\"Light Grid Accent 6\"/>\n  <w:LsdException Locked=\"false\" Priority=\"63\" SemiHidden=\"false\"\n   UnhideWhenUsed=\"false\" Name=\"Medium Shading 1 Accent 6\"/>\n  <w:LsdException Locked=\"false\" Priority=\"64\" SemiHidden=\"false\"\n   UnhideWhenUsed=\"false\" Name=\"Medium Shading 2 Accent 6\"/>\n  <w:LsdException Locked=\"false\" Priority=\"65\" SemiHidden=\"false\"\n   UnhideWhenUsed=\"false\" Name=\"Medium List 1 Accent 6\"/>\n  <w:LsdException Locked=\"false\" Priority=\"66\" SemiHidden=\"false\"\n   UnhideWhenUsed=\"false\" Name=\"Medium List 2 Accent 6\"/>\n  <w:LsdException Locked=\"false\" Priority=\"67\" SemiHidden=\"false\"\n   UnhideWhenUsed=\"false\" Name=\"Medium Grid 1 Accent 6\"/>\n  <w:LsdException Locked=\"false\" Priority=\"68\" SemiHidden=\"false\"\n   UnhideWhenUsed=\"false\" Name=\"Medium Grid 2 Accent 6\"/>\n  <w:LsdException Locked=\"false\" Priority=\"69\" SemiHidden=\"false\"\n   UnhideWhenUsed=\"false\" Name=\"Medium Grid 3 Accent 6\"/>\n  <w:LsdException Locked=\"false\" Priority=\"70\" SemiHidden=\"false\"\n   UnhideWhenUsed=\"false\" Name=\"Dark List Accent 6\"/>\n  <w:LsdException Locked=\"false\" Priority=\"71\" SemiHidden=\"false\"\n   UnhideWhenUsed=\"false\" Name=\"Colorful Shading Accent 6\"/>\n  <w:LsdException Locked=\"false\" Priority=\"72\" SemiHidden=\"false\"\n   UnhideWhenUsed=\"false\" Name=\"Colorful List Accent 6\"/>\n  <w:LsdException Locked=\"false\" Priority=\"73\" SemiHidden=\"false\"\n   UnhideWhenUsed=\"false\" Name=\"Colorful Grid Accent 6\"/>\n  <w:LsdException Locked=\"false\" Priority=\"19\" SemiHidden=\"false\"\n   UnhideWhenUsed=\"false\" QFormat=\"true\" Name=\"Subtle Emphasis\"/>\n  <w:LsdException Locked=\"false\" Priority=\"21\" SemiHidden=\"false\"\n   UnhideWhenUsed=\"false\" QFormat=\"true\" Name=\"Intense Emphasis\"/>\n  <w:LsdException Locked=\"false\" Priority=\"31\" SemiHidden=\"false\"\n   UnhideWhenUsed=\"false\" QFormat=\"true\" Name=\"Subtle Reference\"/>\n  <w:LsdException Locked=\"false\" Priority=\"32\" SemiHidden=\"false\"\n   UnhideWhenUsed=\"false\" QFormat=\"true\" Name=\"Intense Reference\"/>\n  <w:LsdException Locked=\"false\" Priority=\"33\" SemiHidden=\"false\"\n   UnhideWhenUsed=\"false\" QFormat=\"true\" Name=\"Book Title\"/>\n  <w:LsdException Locked=\"false\" Priority=\"37\" Name=\"Bibliography\"/>\n  <w:LsdException Locked=\"false\" Priority=\"39\" QFormat=\"true\" Name=\"TOC Heading\"/>\n </w:LatentStyles>\n</xml><![endif]-->\n<style>\n<!--\n /* Font Definitions */\n @font-face\n	{font-family:宋体;\n	panose-1:2 1 6 0 3 1 1 1 1 1;\n	mso-font-alt:SimSun;\n	mso-font-charset:134;\n	mso-generic-font-family:auto;\n	mso-font-pitch:variable;\n	mso-font-signature:3 680460288 22 0 262145 0;}\n@font-face\n	{font-family:宋体;\n	panose-1:2 1 6 0 3 1 1 1 1 1;\n	mso-font-alt:SimSun;\n	mso-font-charset:134;\n	mso-generic-font-family:auto;\n	mso-font-pitch:variable;\n	mso-font-signature:3 680460288 22 0 262145 0;}\n@font-face\n	{font-family:Calibri;\n	panose-1:2 15 5 2 2 2 4 3 2 4;\n	mso-font-charset:0;\n	mso-generic-font-family:swiss;\n	mso-font-pitch:variable;\n	mso-font-signature:-520092929 1073786111 9 0 415 0;}\n@font-face\n	{font-family:\"\\@宋体\";\n	panose-1:2 1 6 0 3 1 1 1 1 1;\n	mso-font-charset:134;\n	mso-generic-font-family:auto;\n	mso-font-pitch:variable;\n	mso-font-signature:3 680460288 22 0 262145 0;}\n /* Style Definitions */\n p.MsoNormal, li.MsoNormal, div.MsoNormal\n	{mso-style-unhide:no;\n	mso-style-qformat:yes;\n	mso-style-parent:\"\";\n	margin:0cm;\n	margin-bottom:.0001pt;\n	text-align:justify;\n	text-justify:inter-ideograph;\n	mso-pagination:none;\n	font-size:10.5pt;\n	mso-bidi-font-size:11.0pt;\n	font-family:\"Calibri\",\"sans-serif\";\n	mso-ascii-font-family:Calibri;\n	mso-ascii-theme-font:minor-latin;\n	mso-fareast-font-family:宋体;\n	mso-fareast-theme-font:minor-fareast;\n	mso-hansi-font-family:Calibri;\n	mso-hansi-theme-font:minor-latin;\n	mso-bidi-font-family:\"Times New Roman\";\n	mso-bidi-theme-font:minor-bidi;\n	mso-font-kerning:1.0pt;}\np\n	{mso-style-priority:99;\n	mso-margin-top-alt:auto;\n	margin-right:0cm;\n	mso-margin-bottom-alt:auto;\n	margin-left:0cm;\n	mso-pagination:widow-orphan;\n	font-size:12.0pt;\n	font-family:宋体;\n	mso-bidi-font-family:宋体;}\n.MsoChpDefault\n	{mso-style-type:export-only;\n	mso-default-props:yes;\n	font-family:\"Calibri\",\"sans-serif\";\n	mso-bidi-font-family:\"Times New Roman\";\n	mso-bidi-theme-font:minor-bidi;}\n /* Page Definitions */\n @page\n	{mso-page-border-surround-header:no;\n	mso-page-border-surround-footer:no;}\n@page WordSection1\n	{size:612.0pt 792.0pt;\n	margin:72.0pt 90.0pt 72.0pt 90.0pt;\n	mso-header-margin:36.0pt;\n	mso-footer-margin:36.0pt;\n	mso-paper-source:0;}\ndiv.WordSection1\n	{page:WordSection1;}\n /* List Definitions */\n @list l0\n	{mso-list-id:1431118003;\n	mso-list-template-ids:1763105704;}\nol\n	{margin-bottom:0cm;}\nul\n	{margin-bottom:0cm;}\n-->\n</style>\n<!--[if gte mso 10]>\n<style>\n /* Style Definitions */\n table.MsoNormalTable\n	{mso-style-name:普通表格;\n	mso-tstyle-rowband-size:0;\n	mso-tstyle-colband-size:0;\n	mso-style-noshow:yes;\n	mso-style-priority:99;\n	mso-style-parent:\"\";\n	mso-padding-alt:0cm 5.4pt 0cm 5.4pt;\n	mso-para-margin:0cm;\n	mso-para-margin-bottom:.0001pt;\n	mso-pagination:widow-orphan;\n	font-size:10.5pt;\n	mso-bidi-font-size:11.0pt;\n	font-family:\"Calibri\",\"sans-serif\";\n	mso-ascii-font-family:Calibri;\n	mso-ascii-theme-font:minor-latin;\n	mso-hansi-font-family:Calibri;\n	mso-hansi-theme-font:minor-latin;\n	mso-bidi-font-family:\"Times New Roman\";\n	mso-bidi-theme-font:minor-bidi;\n	mso-font-kerning:1.0pt;}\n</style>\n<![endif]-->\n\n\n\n\n\n\n\n\n\n\n\n\n\n\n\n\n\n</p><p style=\"margin: 0cm 0cm 12pt 30pt; text-align: justify; text-indent: -18pt; background-image: initial; background-position: initial; background-size: initial; background-repeat: initial; background-attachment: initial; background-origin: initial; background-clip: initial;\"><!--[if !supportLists]--><span lang=\"EN-US\" style=\"font-size:11.0pt;mso-ascii-font-family:宋体;mso-ascii-theme-font:\nminor-fareast;mso-fareast-font-family:宋体;mso-fareast-theme-font:minor-fareast;\nmso-hansi-font-family:宋体;mso-hansi-theme-font:minor-fareast;mso-bidi-font-family:\n宋体;mso-bidi-theme-font:minor-fareast\">7.<span times=\"\" new=\"\" roman\"\'=\"\">&nbsp; </span></span><!--[endif]--><span style=\"font-size:11.0pt;mso-ascii-font-family:宋体;mso-ascii-theme-font:minor-fareast;\nmso-fareast-font-family:宋体;mso-fareast-theme-font:minor-fareast;mso-hansi-font-family:\n宋体;mso-hansi-theme-font:minor-fareast;mso-bidi-font-family:&quot;Times New Roman&quot;;\nmso-bidi-theme-font:minor-bidi\">友元<span lang=\"EN-US\">&nbsp;<br>\n7.1 </span>尽量避免使用友元函数和友元类。<span lang=\"EN-US\"><o:p></o:p></span></span></p>','',1,7,'2018-07-12 09:55:10.730486',1),(16,'C++命名方面','<p style=\"margin-top:0cm;margin-right:0cm;margin-bottom:12.0pt;margin-left:\n30.0pt;text-align:justify;text-justify:inter-ideograph;text-indent:-18.0pt;\nmso-list:l0 level1 lfo1;tab-stops:list 36.0pt;background:white\"><!--[if !supportLists]--><span lang=\"EN-US\" style=\"font-size:11.0pt;mso-ascii-font-family:宋体;mso-ascii-theme-font:\nminor-fareast;mso-fareast-font-family:宋体;mso-fareast-theme-font:minor-fareast;\nmso-hansi-font-family:宋体;mso-hansi-theme-font:minor-fareast;mso-bidi-font-family:\n宋体;mso-bidi-theme-font:minor-fareast\"><span>1.<span times=\"\" new=\"\" roman\"\'=\"\">&nbsp; </span></span></span><!--[endif]--><span style=\"font-size:11.0pt;mso-ascii-font-family:宋体;mso-ascii-theme-font:minor-fareast;\nmso-fareast-font-family:宋体;mso-fareast-theme-font:minor-fareast;mso-hansi-font-family:\n宋体;mso-hansi-theme-font:minor-fareast;mso-bidi-font-family:&quot;Times New Roman&quot;;\nmso-bidi-theme-font:minor-bidi\">原则<span lang=\"EN-US\">&nbsp;<br>\n1.1 </span>同一性：在编写一个子模块或派生类的时候，要遵循其基类或整体模块的命名风格，保持命名风格在整个模块中的同一性。<span lang=\"EN-US\">&nbsp;<br>\n1.2 </span>标识符组成：标识符采用英文单词或其组合，应当直观且可以拼读，可望文知意，用词应当准确，避免用拼音命名。<span lang=\"EN-US\">&nbsp;<br>\n1.3 </span>最小化长度<span lang=\"EN-US\"> &amp;&amp; </span>最大化信息量原则：在保持一个标识符意思明确的同时，应当尽量缩短其长度。<span lang=\"EN-US\">&nbsp;<br>\n1.4 </span>避免过于相似：不要出现仅靠大小写区分的相似的标识符，例如</span><span lang=\"EN-US\" times=\"\" new=\"\" roman\";mso-bidi-theme-font:minor-bidi\'=\"\">\"i\"</span><span style=\"font-size:11.0pt;mso-ascii-font-family:宋体;mso-ascii-theme-font:minor-fareast;\nmso-fareast-font-family:宋体;mso-fareast-theme-font:minor-fareast;mso-hansi-font-family:\n宋体;mso-hansi-theme-font:minor-fareast;mso-bidi-font-family:&quot;Times New Roman&quot;;\nmso-bidi-theme-font:minor-bidi\">与</span><span lang=\"EN-US\" style=\"mso-bidi-font-family:\n&quot;Times New Roman&quot;;mso-bidi-theme-font:minor-bidi\">\"I\"</span><span style=\"font-size:11.0pt;mso-ascii-font-family:宋体;mso-ascii-theme-font:minor-fareast;\nmso-fareast-font-family:宋体;mso-fareast-theme-font:minor-fareast;mso-hansi-font-family:\n宋体;mso-hansi-theme-font:minor-fareast;mso-bidi-font-family:&quot;Times New Roman&quot;;\nmso-bidi-theme-font:minor-bidi\">，</span><span lang=\"EN-US\" style=\"mso-bidi-font-family:\n&quot;Times New Roman&quot;;mso-bidi-theme-font:minor-bidi\">\"function\"</span><span style=\"font-size:11.0pt;mso-ascii-font-family:宋体;mso-ascii-theme-font:minor-fareast;\nmso-fareast-font-family:宋体;mso-fareast-theme-font:minor-fareast;mso-hansi-font-family:\n宋体;mso-hansi-theme-font:minor-fareast;mso-bidi-font-family:&quot;Times New Roman&quot;;\nmso-bidi-theme-font:minor-bidi\">与</span><span lang=\"EN-US\" style=\"mso-bidi-font-family:\n&quot;Times New Roman&quot;;mso-bidi-theme-font:minor-bidi\">\"Function\"</span><span style=\"font-size:11.0pt;mso-ascii-font-family:宋体;mso-ascii-theme-font:minor-fareast;\nmso-fareast-font-family:宋体;mso-fareast-theme-font:minor-fareast;mso-hansi-font-family:\n宋体;mso-hansi-theme-font:minor-fareast;mso-bidi-font-family:&quot;Times New Roman&quot;;\nmso-bidi-theme-font:minor-bidi\">等等。<span lang=\"EN-US\">&nbsp;<br>\n1.5 </span>避免在不同级别的作用域中重名：程序中不要出现名字完全相同的局部变量和全局变量，尽管两者的作用域不同而不会发生语法错误，但容易使人误解。<span lang=\"EN-US\">&nbsp;<br>\n1.6 </span>正确命名具有互斥意义的标识符：用正确的反义词组命名具有互斥意义的标识符，如：</span><span lang=\"EN-US\" times=\"\" new=\"\" roman\";mso-bidi-theme-font:minor-bidi\'=\"\">\"nMinValue\"</span><span lang=\"EN-US\" style=\"font-size:11.0pt;mso-ascii-font-family:宋体;mso-ascii-theme-font:\nminor-fareast;mso-fareast-font-family:宋体;mso-fareast-theme-font:minor-fareast;\nmso-hansi-font-family:宋体;mso-hansi-theme-font:minor-fareast;mso-bidi-font-family:\n&quot;Times New Roman&quot;;mso-bidi-theme-font:minor-bidi\">&nbsp;</span><span style=\"font-size:11.0pt;mso-ascii-font-family:宋体;mso-ascii-theme-font:minor-fareast;\nmso-fareast-font-family:宋体;mso-fareast-theme-font:minor-fareast;mso-hansi-font-family:\n宋体;mso-hansi-theme-font:minor-fareast;mso-bidi-font-family:&quot;Times New Roman&quot;;\nmso-bidi-theme-font:minor-bidi\">和<span lang=\"EN-US\">&nbsp;</span></span><span lang=\"EN-USTimes\" new=\"\" roman\";mso-bidi-theme-font:=\"\" minor-bidi\'=\"\">\"nMaxValue\"</span><span style=\"font-size:11.0pt;\nmso-ascii-font-family:宋体;mso-ascii-theme-font:minor-fareast;mso-fareast-font-family:\n宋体;mso-fareast-theme-font:minor-fareast;mso-hansi-font-family:宋体;mso-hansi-theme-font:\nminor-fareast;mso-bidi-font-family:&quot;Times New Roman&quot;;mso-bidi-theme-font:minor-bidi\">，</span><span lang=\"EN-USTimes\" new=\"\" roman\";mso-bidi-theme-font:=\"\" minor-bidi\'=\"\">\"GetName()\"</span><span lang=\"EN-US\" style=\"font-size:11.0pt;\nmso-ascii-font-family:宋体;mso-ascii-theme-font:minor-fareast;mso-fareast-font-family:\n宋体;mso-fareast-theme-font:minor-fareast;mso-hansi-font-family:宋体;mso-hansi-theme-font:\nminor-fareast;mso-bidi-font-family:&quot;Times New Roman&quot;;mso-bidi-theme-font:minor-bidi\">&nbsp;</span><span style=\"font-size:11.0pt;mso-ascii-font-family:宋体;mso-ascii-theme-font:minor-fareast;\nmso-fareast-font-family:宋体;mso-fareast-theme-font:minor-fareast;mso-hansi-font-family:\n宋体;mso-hansi-theme-font:minor-fareast;mso-bidi-font-family:&quot;Times New Roman&quot;;\nmso-bidi-theme-font:minor-bidi\">和<span lang=\"EN-US\">&nbsp;</span></span><span lang=\"EN-USTimes\" new=\"\" roman\";mso-bidi-theme-font:=\"\" minor-bidi\'=\"\">\"SetName()\"</span><span lang=\"EN-US\" style=\"font-size:11.0pt;\nmso-ascii-font-family:宋体;mso-ascii-theme-font:minor-fareast;mso-fareast-font-family:\n宋体;mso-fareast-theme-font:minor-fareast;mso-hansi-font-family:宋体;mso-hansi-theme-font:\nminor-fareast;mso-bidi-font-family:&quot;Times New Roman&quot;;mso-bidi-theme-font:minor-bidi\">&nbsp;….&nbsp;<br>\n1.7 </span><span style=\"font-size:11.0pt;mso-ascii-font-family:宋体;mso-ascii-theme-font:\nminor-fareast;mso-fareast-font-family:宋体;mso-fareast-theme-font:minor-fareast;\nmso-hansi-font-family:宋体;mso-hansi-theme-font:minor-fareast;mso-bidi-font-family:\n&quot;Times New Roman&quot;;mso-bidi-theme-font:minor-bidi\">避免名字中出现数字编号：尽量避免名字中出现数字编号，如</span><span lang=\"EN-USTimes\" new=\"\" roman\";mso-bidi-theme-font:=\"\" minor-bidi\'=\"\">Value1,Value2</span><span style=\"font-size:11.0pt;mso-ascii-font-family:\n宋体;mso-ascii-theme-font:minor-fareast;mso-fareast-font-family:宋体;mso-fareast-theme-font:\nminor-fareast;mso-hansi-font-family:宋体;mso-hansi-theme-font:minor-fareast;\nmso-bidi-font-family:&quot;Times New Roman&quot;;mso-bidi-theme-font:minor-bidi\">等，除非逻辑上的确需要编号。这是为了防止程序员偷懒，不肯为命名动脑筋而导致产生无意义的名字（因为用数字编号最省事）。<span lang=\"EN-US\"><o:p></o:p></span></span></p><p style=\"margin-top:0cm;margin-right:0cm;margin-bottom:12.0pt;margin-left:\n30.0pt;text-align:justify;text-justify:inter-ideograph;text-indent:-18.0pt;\nmso-list:l0 level1 lfo1;tab-stops:list 36.0pt;background:white\"><!--[if !supportLists]--><span lang=\"EN-US\" style=\"font-size:11.0pt;mso-ascii-font-family:宋体;mso-ascii-theme-font:\nminor-fareast;mso-fareast-font-family:宋体;mso-fareast-theme-font:minor-fareast;\nmso-hansi-font-family:宋体;mso-hansi-theme-font:minor-fareast;mso-bidi-font-family:\n宋体;mso-bidi-theme-font:minor-fareast\"><span>2.<span times=\"\" new=\"\" roman\"\'=\"\">&nbsp; </span></span></span><!--[endif]--><span lang=\"EN-US\" style=\"font-size:11.0pt;mso-ascii-font-family:宋体;mso-ascii-theme-font:\nminor-fareast;mso-fareast-font-family:宋体;mso-fareast-theme-font:minor-fareast;\nmso-hansi-font-family:宋体;mso-hansi-theme-font:minor-fareast;mso-bidi-font-family:\n&quot;Times New Roman&quot;;mso-bidi-theme-font:minor-bidi\">T,C,M,R</span><span style=\"font-size:11.0pt;mso-ascii-font-family:宋体;mso-ascii-theme-font:minor-fareast;\nmso-fareast-font-family:宋体;mso-fareast-theme-font:minor-fareast;mso-hansi-font-family:\n宋体;mso-hansi-theme-font:minor-fareast;mso-bidi-font-family:&quot;Times New Roman&quot;;\nmso-bidi-theme-font:minor-bidi\">类<span lang=\"EN-US\">&nbsp;<br>\n2.1 T</span>类表示简单数据类型，不对资源拥有控制权，在析构过程中没有释放资源动作。<span lang=\"EN-US\">&nbsp;<br>\n2.2 C</span>表示从<span lang=\"EN-US\">CBase</span>继承的类。该类不能从栈上定义变量，只能从堆上创建。<span lang=\"EN-US\">&nbsp;<br>\n2.3 M</span>表示接口类。<span lang=\"EN-US\">&nbsp;<br>\n2.4 R</span>是资源类，通常是系统固有类型。除了特殊情况，不应在开发代码中出现<span lang=\"EN-US\">R</span>类型。<span lang=\"EN-US\"><o:p></o:p></span></span></p><p style=\"margin-top:0cm;margin-right:0cm;margin-bottom:12.0pt;margin-left:\n30.0pt;text-align:justify;text-justify:inter-ideograph;text-indent:-18.0pt;\nmso-list:l0 level1 lfo1;tab-stops:list 36.0pt;background:white\"><!--[if !supportLists]--><span lang=\"EN-US\" style=\"font-size:11.0pt;mso-ascii-font-family:宋体;mso-ascii-theme-font:\nminor-fareast;mso-fareast-font-family:宋体;mso-fareast-theme-font:minor-fareast;\nmso-hansi-font-family:宋体;mso-hansi-theme-font:minor-fareast;mso-bidi-font-family:\n宋体;mso-bidi-theme-font:minor-fareast\"><span>3.<span times=\"\" new=\"\" roman\"\'=\"\">&nbsp; </span></span></span><!--[endif]--><span style=\"font-size:11.0pt;mso-ascii-font-family:宋体;mso-ascii-theme-font:minor-fareast;\nmso-fareast-font-family:宋体;mso-fareast-theme-font:minor-fareast;mso-hansi-font-family:\n宋体;mso-hansi-theme-font:minor-fareast;mso-bidi-font-family:&quot;Times New Roman&quot;;\nmso-bidi-theme-font:minor-bidi\">函数名<span lang=\"EN-US\">&nbsp;<br>\n3.1 M</span>类的函数名称应采用</span><span lang=\"EN-USTimes\" new=\"\" roman\";=\"\" mso-bidi-theme-font:minor-bidi\'=\"\">HandleXXX</span><span style=\"font-size:11.0pt;\nmso-ascii-font-family:宋体;mso-ascii-theme-font:minor-fareast;mso-fareast-font-family:\n宋体;mso-fareast-theme-font:minor-fareast;mso-hansi-font-family:宋体;mso-hansi-theme-font:\nminor-fareast;mso-bidi-font-family:&quot;Times New Roman&quot;;mso-bidi-theme-font:minor-bidi\">命名，例如：</span><span lang=\"EN-USTimes\" new=\"\" roman\";mso-bidi-theme-font:=\"\" minor-bidi\'=\"\">HandleTimerEvent</span><span style=\"font-size:11.0pt;mso-ascii-font-family:\n宋体;mso-ascii-theme-font:minor-fareast;mso-fareast-font-family:宋体;mso-fareast-theme-font:\nminor-fareast;mso-hansi-font-family:宋体;mso-hansi-theme-font:minor-fareast;\nmso-bidi-font-family:&quot;Times New Roman&quot;;mso-bidi-theme-font:minor-bidi\">；不推荐采用<span lang=\"EN-US\">java</span>风格，例如<span lang=\"EN-US\">&nbsp;</span></span><span lang=\"EN-USTimes\" new=\"\" roman\";mso-bidi-theme-font:=\"\" minor-bidi\'=\"\">handleTimerEvent</span><span style=\"font-size:11.0pt;mso-ascii-font-family:\n宋体;mso-ascii-theme-font:minor-fareast;mso-fareast-font-family:宋体;mso-fareast-theme-font:\nminor-fareast;mso-hansi-font-family:宋体;mso-hansi-theme-font:minor-fareast;\nmso-bidi-font-family:&quot;Times New Roman&quot;;mso-bidi-theme-font:minor-bidi\">；除了标准<span lang=\"EN-US\">c</span>风格代码，不推荐用下划线，例如，</span><span lang=\"EN-US\" style=\"mso-bidi-font-family:\n&quot;Times New Roman&quot;;mso-bidi-theme-font:minor-bidi\">handle_event</span><span style=\"font-size:11.0pt;mso-ascii-font-family:宋体;mso-ascii-theme-font:minor-fareast;\nmso-fareast-font-family:宋体;mso-fareast-theme-font:minor-fareast;mso-hansi-font-family:\n宋体;mso-hansi-theme-font:minor-fareast;mso-bidi-font-family:&quot;Times New Roman&quot;;\nmso-bidi-theme-font:minor-bidi\">。<span lang=\"EN-US\">&nbsp;<br>\n3.2 Leave</span>函数，用后缀<span lang=\"EN-US\">L</span>。<span lang=\"EN-US\">&nbsp;<br>\n3.3 Leave</span>函数，且进清除栈，用后缀<span lang=\"EN-US\">LC</span>。<span lang=\"EN-US\">&nbsp;<br>\n3.4 Leave</span>函数，且删除对象，用后缀<span lang=\"EN-US\">LD</span>。<span lang=\"EN-US\"><o:p></o:p></span></span></p><p style=\"margin-top:0cm;margin-right:0cm;margin-bottom:12.0pt;margin-left:\n30.0pt;text-align:justify;text-justify:inter-ideograph;text-indent:-18.0pt;\nmso-list:l0 level1 lfo1;tab-stops:list 36.0pt;background:white\"><!--[if !supportLists]--><span lang=\"EN-US\" style=\"font-size:11.0pt;mso-ascii-font-family:宋体;mso-ascii-theme-font:\nminor-fareast;mso-fareast-font-family:宋体;mso-fareast-theme-font:minor-fareast;\nmso-hansi-font-family:宋体;mso-hansi-theme-font:minor-fareast;mso-bidi-font-family:\n宋体;mso-bidi-theme-font:minor-fareast\"><span>4.<span times=\"\" new=\"\" roman\"\'=\"\">&nbsp; </span></span></span><!--[endif]--><span style=\"font-size:11.0pt;mso-ascii-font-family:宋体;mso-ascii-theme-font:minor-fareast;\nmso-fareast-font-family:宋体;mso-fareast-theme-font:minor-fareast;mso-hansi-font-family:\n宋体;mso-hansi-theme-font:minor-fareast;mso-bidi-font-family:&quot;Times New Roman&quot;;\nmso-bidi-theme-font:minor-bidi\">函数参数<span lang=\"EN-US\">&nbsp;<br>\n4.1 </span>函数参数用<span lang=\"EN-US\">a</span>作为前缀。<span lang=\"EN-US\">&nbsp;<br>\n4.2 </span>避免出现和匈牙利混合的命名规则如</span><span lang=\"EN-US\" style=\"mso-bidi-font-family:\n&quot;Times New Roman&quot;;mso-bidi-theme-font:minor-bidi\">apBuffer</span><span style=\"font-size:11.0pt;mso-ascii-font-family:宋体;mso-ascii-theme-font:minor-fareast;\nmso-fareast-font-family:宋体;mso-fareast-theme-font:minor-fareast;mso-hansi-font-family:\n宋体;mso-hansi-theme-font:minor-fareast;mso-bidi-font-family:&quot;Times New Roman&quot;;\nmso-bidi-theme-font:minor-bidi\">名称。用</span><span lang=\"EN-US\" style=\"mso-bidi-font-family:\n&quot;Times New Roman&quot;;mso-bidi-theme-font:minor-bidi\">aBuffer</span><span style=\"font-size:11.0pt;mso-ascii-font-family:宋体;mso-ascii-theme-font:minor-fareast;\nmso-fareast-font-family:宋体;mso-fareast-theme-font:minor-fareast;mso-hansi-font-family:\n宋体;mso-hansi-theme-font:minor-fareast;mso-bidi-font-family:&quot;Times New Roman&quot;;\nmso-bidi-theme-font:minor-bidi\">即可。<span lang=\"EN-US\">&nbsp;<br>\n4.3 </span>函数参数比较多时，应考虑用结构代替。<span lang=\"EN-US\">&nbsp;<br>\n4.4 </span>如果不能避免函数参数比较多，应在排版上可考虑每个参数占用一行，参数名竖向对齐。<span lang=\"EN-US\"><o:p></o:p></span></span></p><p style=\"margin-top:0cm;margin-right:0cm;margin-bottom:12.0pt;margin-left:\n30.0pt;text-align:justify;text-justify:inter-ideograph;text-indent:-18.0pt;\nmso-list:l0 level1 lfo1;tab-stops:list 36.0pt;background:white\"><!--[if !supportLists]--><span lang=\"EN-US\" style=\"font-size:11.0pt;mso-ascii-font-family:宋体;mso-ascii-theme-font:\nminor-fareast;mso-fareast-font-family:宋体;mso-fareast-theme-font:minor-fareast;\nmso-hansi-font-family:宋体;mso-hansi-theme-font:minor-fareast;mso-bidi-font-family:\n宋体;mso-bidi-theme-font:minor-fareast\"><span>5.<span times=\"\" new=\"\" roman\"\'=\"\">&nbsp; </span></span></span><!--[endif]--><span style=\"font-size:11.0pt;mso-ascii-font-family:宋体;mso-ascii-theme-font:minor-fareast;\nmso-fareast-font-family:宋体;mso-fareast-theme-font:minor-fareast;mso-hansi-font-family:\n宋体;mso-hansi-theme-font:minor-fareast;mso-bidi-font-family:&quot;Times New Roman&quot;;\nmso-bidi-theme-font:minor-bidi\">成员变量<span lang=\"EN-US\">&nbsp;<br>\n5.1 </span>成员变量用<span lang=\"EN-US\">m</span>最为前缀。<span lang=\"EN-US\">&nbsp;<br>\n5.2 </span>避免出现和匈牙利混合的命名规则如</span><span lang=\"EN-US\" style=\"mso-bidi-font-family:\n&quot;Times New Roman&quot;;mso-bidi-theme-font:minor-bidi\">mpBuffer</span><span style=\"font-size:11.0pt;mso-ascii-font-family:宋体;mso-ascii-theme-font:minor-fareast;\nmso-fareast-font-family:宋体;mso-fareast-theme-font:minor-fareast;mso-hansi-font-family:\n宋体;mso-hansi-theme-font:minor-fareast;mso-bidi-font-family:&quot;Times New Roman&quot;;\nmso-bidi-theme-font:minor-bidi\">名称。用</span><span lang=\"EN-US\" style=\"mso-bidi-font-family:\n&quot;Times New Roman&quot;;mso-bidi-theme-font:minor-bidi\">mBuffer</span><span style=\"font-size:11.0pt;mso-ascii-font-family:宋体;mso-ascii-theme-font:minor-fareast;\nmso-fareast-font-family:宋体;mso-fareast-theme-font:minor-fareast;mso-hansi-font-family:\n宋体;mso-hansi-theme-font:minor-fareast;mso-bidi-font-family:&quot;Times New Roman&quot;;\nmso-bidi-theme-font:minor-bidi\">即可。<span lang=\"EN-US\"><o:p></o:p></span></span></p><p style=\"margin-top:0cm;margin-right:0cm;margin-bottom:12.0pt;margin-left:\n30.0pt;text-align:justify;text-justify:inter-ideograph;text-indent:-18.0pt;\nmso-list:l0 level1 lfo1;tab-stops:list 36.0pt;background:white\"><!--[if !supportLists]--><span lang=\"EN-US\" style=\"font-size:11.0pt;mso-ascii-font-family:宋体;mso-ascii-theme-font:\nminor-fareast;mso-fareast-font-family:宋体;mso-fareast-theme-font:minor-fareast;\nmso-hansi-font-family:宋体;mso-hansi-theme-font:minor-fareast;mso-bidi-font-family:\n宋体;mso-bidi-theme-font:minor-fareast\"><span>6.<span times=\"\" new=\"\" roman\"\'=\"\">&nbsp; </span></span></span><!--[endif]--><span style=\"font-size:11.0pt;mso-ascii-font-family:宋体;mso-ascii-theme-font:minor-fareast;\nmso-fareast-font-family:宋体;mso-fareast-theme-font:minor-fareast;mso-hansi-font-family:\n宋体;mso-hansi-theme-font:minor-fareast;mso-bidi-font-family:&quot;Times New Roman&quot;;\nmso-bidi-theme-font:minor-bidi\">局部变量<span lang=\"EN-US\">&nbsp;<br>\n6.1 </span>循环变量和简单变量采用简单小写字符串即可。例如，</span><span lang=\"EN-US\" style=\"mso-bidi-font-family:\n&quot;Times New Roman&quot;;mso-bidi-theme-font:minor-bidi\">int i</span><span lang=\"EN-US\" style=\"font-size:11.0pt;mso-ascii-font-family:宋体;mso-ascii-theme-font:minor-fareast;\nmso-fareast-font-family:宋体;mso-fareast-theme-font:minor-fareast;mso-hansi-font-family:\n宋体;mso-hansi-theme-font:minor-fareast;mso-bidi-font-family:&quot;Times New Roman&quot;;\nmso-bidi-theme-font:minor-bidi\">;&nbsp;<br>\n6.2 </span><span style=\"font-size:11.0pt;mso-ascii-font-family:宋体;mso-ascii-theme-font:\nminor-fareast;mso-fareast-font-family:宋体;mso-fareast-theme-font:minor-fareast;\nmso-hansi-font-family:宋体;mso-hansi-theme-font:minor-fareast;mso-bidi-font-family:\n&quot;Times New Roman&quot;;mso-bidi-theme-font:minor-bidi\">指针变量用</span><span lang=\"EN-US\" times=\"\" new=\"\" roman\";mso-bidi-theme-font:minor-bidi\'=\"\">p</span><span style=\"font-size:11.0pt;mso-ascii-font-family:宋体;mso-ascii-theme-font:minor-fareast;\nmso-fareast-font-family:宋体;mso-fareast-theme-font:minor-fareast;mso-hansi-font-family:\n宋体;mso-hansi-theme-font:minor-fareast;mso-bidi-font-family:&quot;Times New Roman&quot;;\nmso-bidi-theme-font:minor-bidi\">打头，例如</span><span lang=\"EN-US\" style=\"mso-bidi-font-family:\n&quot;Times New Roman&quot;;mso-bidi-theme-font:minor-bidi\">void* pBuffer;</span><span lang=\"EN-US\" style=\"font-size:11.0pt;mso-ascii-font-family:宋体;mso-ascii-theme-font:\nminor-fareast;mso-fareast-font-family:宋体;mso-fareast-theme-font:minor-fareast;\nmso-hansi-font-family:宋体;mso-hansi-theme-font:minor-fareast;mso-bidi-font-family:\n&quot;Times New Roman&quot;;mso-bidi-theme-font:minor-bidi\"><o:p></o:p></span></p><p style=\"margin-top:0cm;margin-right:0cm;margin-bottom:12.0pt;margin-left:\n30.0pt;text-align:justify;text-justify:inter-ideograph;text-indent:-18.0pt;\nmso-list:l0 level1 lfo1;tab-stops:list 36.0pt;background:white\"><!--[if !supportLists]--><span lang=\"EN-US\" style=\"font-size:11.0pt;mso-ascii-font-family:宋体;mso-ascii-theme-font:\nminor-fareast;mso-fareast-font-family:宋体;mso-fareast-theme-font:minor-fareast;\nmso-hansi-font-family:宋体;mso-hansi-theme-font:minor-fareast;mso-bidi-font-family:\n宋体;mso-bidi-theme-font:minor-fareast\"><span>7.<span times=\"\" new=\"\" roman\"\'=\"\">&nbsp; </span></span></span><!--[endif]--><span style=\"font-size:11.0pt;mso-ascii-font-family:宋体;mso-ascii-theme-font:minor-fareast;\nmso-fareast-font-family:宋体;mso-fareast-theme-font:minor-fareast;mso-hansi-font-family:\n宋体;mso-hansi-theme-font:minor-fareast;mso-bidi-font-family:&quot;Times New Roman&quot;;\nmso-bidi-theme-font:minor-bidi\">全局变量<span lang=\"EN-US\">&nbsp;<br>\n7.1 </span>全局变量用</span><span lang=\"EN-USTimes\" new=\"\" roman\";=\"\" mso-bidi-theme-font:minor-bidi\'=\"\">g_</span><span style=\"font-size:11.0pt;\nmso-ascii-font-family:宋体;mso-ascii-theme-font:minor-fareast;mso-fareast-font-family:\n宋体;mso-fareast-theme-font:minor-fareast;mso-hansi-font-family:宋体;mso-hansi-theme-font:\nminor-fareast;mso-bidi-font-family:&quot;Times New Roman&quot;;mso-bidi-theme-font:minor-bidi\">最为前缀。<span lang=\"EN-US\"><o:p></o:p></span></span></p><p style=\"margin-top:0cm;margin-right:0cm;margin-bottom:12.0pt;margin-left:\n30.0pt;text-align:justify;text-justify:inter-ideograph;text-indent:-18.0pt;\nmso-list:l0 level1 lfo1;tab-stops:list 36.0pt;background:white\"><!--[if !supportLists]--><span lang=\"EN-US\" style=\"font-size:11.0pt;mso-ascii-font-family:宋体;mso-ascii-theme-font:\nminor-fareast;mso-fareast-font-family:宋体;mso-fareast-theme-font:minor-fareast;\nmso-hansi-font-family:宋体;mso-hansi-theme-font:minor-fareast;mso-bidi-font-family:\n宋体;mso-bidi-theme-font:minor-fareast\"><span>8.<span times=\"\" new=\"\" roman\"\'=\"\">&nbsp; </span></span></span><!--[endif]--><span style=\"font-size:11.0pt;mso-ascii-font-family:宋体;mso-ascii-theme-font:minor-fareast;\nmso-fareast-font-family:宋体;mso-fareast-theme-font:minor-fareast;mso-hansi-font-family:\n宋体;mso-hansi-theme-font:minor-fareast;mso-bidi-font-family:&quot;Times New Roman&quot;;\nmso-bidi-theme-font:minor-bidi\">类名<span lang=\"EN-US\">&nbsp;<br>\n8.1 </span>类和对象名应是名词。<span lang=\"EN-US\">&nbsp;<br>\n8.2 </span>实现行为的类成员函数名应是动词。<span lang=\"EN-US\">&nbsp;<br>\n8.3 </span>类的存取和查询成员函数名应是名词或形容词。<span lang=\"EN-US\"><o:p></o:p></span></span></p><p>\n<!--[if gte mso 9]><xml>\n <o:OfficeDocumentSettings>\n  <o:AllowPNG/>\n </o:OfficeDocumentSettings>\n</xml><![endif]-->\n\n\n<!--[if gte mso 9]><xml>\n <w:WordDocument>\n  <w:View>Normal</w:View>\n  <w:Zoom>0</w:Zoom>\n  <w:TrackMoves/>\n  <w:TrackFormatting/>\n  <w:PunctuationKerning/>\n  <w:DrawingGridVerticalSpacing>7.8 磅</w:DrawingGridVerticalSpacing>\n  <w:DisplayHorizontalDrawingGridEvery>0</w:DisplayHorizontalDrawingGridEvery>\n  <w:DisplayVerticalDrawingGridEvery>2</w:DisplayVerticalDrawingGridEvery>\n  <w:ValidateAgainstSchemas/>\n  <w:SaveIfXMLInvalid>false</w:SaveIfXMLInvalid>\n  <w:IgnoreMixedContent>false</w:IgnoreMixedContent>\n  <w:AlwaysShowPlaceholderText>false</w:AlwaysShowPlaceholderText>\n  <w:DoNotPromoteQF/>\n  <w:LidThemeOther>EN-US</w:LidThemeOther>\n  <w:LidThemeAsian>ZH-CN</w:LidThemeAsian>\n  <w:LidThemeComplexScript>X-NONE</w:LidThemeComplexScript>\n  <w:Compatibility>\n   <w:SpaceForUL/>\n   <w:BalanceSingleByteDoubleByteWidth/>\n   <w:DoNotLeaveBackslashAlone/>\n   <w:ULTrailSpace/>\n   <w:DoNotExpandShiftReturn/>\n   <w:AdjustLineHeightInTable/>\n   <w:BreakWrappedTables/>\n   <w:SnapToGridInCell/>\n   <w:WrapTextWithPunct/>\n   <w:UseAsianBreakRules/>\n   <w:DontGrowAutofit/>\n   <w:SplitPgBreakAndParaMark/>\n   <w:EnableOpenTypeKerning/>\n   <w:DontFlipMirrorIndents/>\n   <w:OverrideTableStyleHps/>\n   <w:UseFELayout/>\n  </w:Compatibility>\n  <m:mathPr>\n   <m:mathFont m:val=\"Cambria Math\"/>\n   <m:brkBin m:val=\"before\"/>\n   <m:brkBinSub m:val=\"&#45;-\"/>\n   <m:smallFrac m:val=\"off\"/>\n   <m:dispDef/>\n   <m:lMargin m:val=\"0\"/>\n   <m:rMargin m:val=\"0\"/>\n   <m:defJc m:val=\"centerGroup\"/>\n   <m:wrapIndent m:val=\"1440\"/>\n   <m:intLim m:val=\"subSup\"/>\n   <m:naryLim m:val=\"undOvr\"/>\n  </m:mathPr></w:WordDocument>\n</xml><![endif]--><!--[if gte mso 9]><xml>\n <w:LatentStyles DefLockedState=\"false\" DefUnhideWhenUsed=\"true\"\n  DefSemiHidden=\"true\" DefQFormat=\"false\" DefPriority=\"99\"\n  LatentStyleCount=\"267\">\n  <w:LsdException Locked=\"false\" Priority=\"0\" SemiHidden=\"false\"\n   UnhideWhenUsed=\"false\" QFormat=\"true\" Name=\"Normal\"/>\n  <w:LsdException Locked=\"false\" Priority=\"9\" SemiHidden=\"false\"\n   UnhideWhenUsed=\"false\" QFormat=\"true\" Name=\"heading 1\"/>\n  <w:LsdException Locked=\"false\" Priority=\"9\" QFormat=\"true\" Name=\"heading 2\"/>\n  <w:LsdException Locked=\"false\" Priority=\"9\" QFormat=\"true\" Name=\"heading 3\"/>\n  <w:LsdException Locked=\"false\" Priority=\"9\" QFormat=\"true\" Name=\"heading 4\"/>\n  <w:LsdException Locked=\"false\" Priority=\"9\" QFormat=\"true\" Name=\"heading 5\"/>\n  <w:LsdException Locked=\"false\" Priority=\"9\" QFormat=\"true\" Name=\"heading 6\"/>\n  <w:LsdException Locked=\"false\" Priority=\"9\" QFormat=\"true\" Name=\"heading 7\"/>\n  <w:LsdException Locked=\"false\" Priority=\"9\" QFormat=\"true\" Name=\"heading 8\"/>\n  <w:LsdException Locked=\"false\" Priority=\"9\" QFormat=\"true\" Name=\"heading 9\"/>\n  <w:LsdException Locked=\"false\" Priority=\"39\" Name=\"toc 1\"/>\n  <w:LsdException Locked=\"false\" Priority=\"39\" Name=\"toc 2\"/>\n  <w:LsdException Locked=\"false\" Priority=\"39\" Name=\"toc 3\"/>\n  <w:LsdException Locked=\"false\" Priority=\"39\" Name=\"toc 4\"/>\n  <w:LsdException Locked=\"false\" Priority=\"39\" Name=\"toc 5\"/>\n  <w:LsdException Locked=\"false\" Priority=\"39\" Name=\"toc 6\"/>\n  <w:LsdException Locked=\"false\" Priority=\"39\" Name=\"toc 7\"/>\n  <w:LsdException Locked=\"false\" Priority=\"39\" Name=\"toc 8\"/>\n  <w:LsdException Locked=\"false\" Priority=\"39\" Name=\"toc 9\"/>\n  <w:LsdException Locked=\"false\" Priority=\"35\" QFormat=\"true\" Name=\"caption\"/>\n  <w:LsdException Locked=\"false\" Priority=\"10\" SemiHidden=\"false\"\n   UnhideWhenUsed=\"false\" QFormat=\"true\" Name=\"Title\"/>\n  <w:LsdException Locked=\"false\" Priority=\"1\" Name=\"Default Paragraph Font\"/>\n  <w:LsdException Locked=\"false\" Priority=\"11\" SemiHidden=\"false\"\n   UnhideWhenUsed=\"false\" QFormat=\"true\" Name=\"Subtitle\"/>\n  <w:LsdException Locked=\"false\" Priority=\"22\" SemiHidden=\"false\"\n   UnhideWhenUsed=\"false\" QFormat=\"true\" Name=\"Strong\"/>\n  <w:LsdException Locked=\"false\" Priority=\"20\" SemiHidden=\"false\"\n   UnhideWhenUsed=\"false\" QFormat=\"true\" Name=\"Emphasis\"/>\n  <w:LsdException Locked=\"false\" Priority=\"59\" SemiHidden=\"false\"\n   UnhideWhenUsed=\"false\" Name=\"Table Grid\"/>\n  <w:LsdException Locked=\"false\" UnhideWhenUsed=\"false\" Name=\"Placeholder Text\"/>\n  <w:LsdException Locked=\"false\" Priority=\"1\" SemiHidden=\"false\"\n   UnhideWhenUsed=\"false\" QFormat=\"true\" Name=\"No Spacing\"/>\n  <w:LsdException Locked=\"false\" Priority=\"60\" SemiHidden=\"false\"\n   UnhideWhenUsed=\"false\" Name=\"Light Shading\"/>\n  <w:LsdException Locked=\"false\" Priority=\"61\" SemiHidden=\"false\"\n   UnhideWhenUsed=\"false\" Name=\"Light List\"/>\n  <w:LsdException Locked=\"false\" Priority=\"62\" SemiHidden=\"false\"\n   UnhideWhenUsed=\"false\" Name=\"Light Grid\"/>\n  <w:LsdException Locked=\"false\" Priority=\"63\" SemiHidden=\"false\"\n   UnhideWhenUsed=\"false\" Name=\"Medium Shading 1\"/>\n  <w:LsdException Locked=\"false\" Priority=\"64\" SemiHidden=\"false\"\n   UnhideWhenUsed=\"false\" Name=\"Medium Shading 2\"/>\n  <w:LsdException Locked=\"false\" Priority=\"65\" SemiHidden=\"false\"\n   UnhideWhenUsed=\"false\" Name=\"Medium List 1\"/>\n  <w:LsdException Locked=\"false\" Priority=\"66\" SemiHidden=\"false\"\n   UnhideWhenUsed=\"false\" Name=\"Medium List 2\"/>\n  <w:LsdException Locked=\"false\" Priority=\"67\" SemiHidden=\"false\"\n   UnhideWhenUsed=\"false\" Name=\"Medium Grid 1\"/>\n  <w:LsdException Locked=\"false\" Priority=\"68\" SemiHidden=\"false\"\n   UnhideWhenUsed=\"false\" Name=\"Medium Grid 2\"/>\n  <w:LsdException Locked=\"false\" Priority=\"69\" SemiHidden=\"false\"\n   UnhideWhenUsed=\"false\" Name=\"Medium Grid 3\"/>\n  <w:LsdException Locked=\"false\" Priority=\"70\" SemiHidden=\"false\"\n   UnhideWhenUsed=\"false\" Name=\"Dark List\"/>\n  <w:LsdException Locked=\"false\" Priority=\"71\" SemiHidden=\"false\"\n   UnhideWhenUsed=\"false\" Name=\"Colorful Shading\"/>\n  <w:LsdException Locked=\"false\" Priority=\"72\" SemiHidden=\"false\"\n   UnhideWhenUsed=\"false\" Name=\"Colorful List\"/>\n  <w:LsdException Locked=\"false\" Priority=\"73\" SemiHidden=\"false\"\n   UnhideWhenUsed=\"false\" Name=\"Colorful Grid\"/>\n  <w:LsdException Locked=\"false\" Priority=\"60\" SemiHidden=\"false\"\n   UnhideWhenUsed=\"false\" Name=\"Light Shading Accent 1\"/>\n  <w:LsdException Locked=\"false\" Priority=\"61\" SemiHidden=\"false\"\n   UnhideWhenUsed=\"false\" Name=\"Light List Accent 1\"/>\n  <w:LsdException Locked=\"false\" Priority=\"62\" SemiHidden=\"false\"\n   UnhideWhenUsed=\"false\" Name=\"Light Grid Accent 1\"/>\n  <w:LsdException Locked=\"false\" Priority=\"63\" SemiHidden=\"false\"\n   UnhideWhenUsed=\"false\" Name=\"Medium Shading 1 Accent 1\"/>\n  <w:LsdException Locked=\"false\" Priority=\"64\" SemiHidden=\"false\"\n   UnhideWhenUsed=\"false\" Name=\"Medium Shading 2 Accent 1\"/>\n  <w:LsdException Locked=\"false\" Priority=\"65\" SemiHidden=\"false\"\n   UnhideWhenUsed=\"false\" Name=\"Medium List 1 Accent 1\"/>\n  <w:LsdException Locked=\"false\" UnhideWhenUsed=\"false\" Name=\"Revision\"/>\n  <w:LsdException Locked=\"false\" Priority=\"34\" SemiHidden=\"false\"\n   UnhideWhenUsed=\"false\" QFormat=\"true\" Name=\"List Paragraph\"/>\n  <w:LsdException Locked=\"false\" Priority=\"29\" SemiHidden=\"false\"\n   UnhideWhenUsed=\"false\" QFormat=\"true\" Name=\"Quote\"/>\n  <w:LsdException Locked=\"false\" Priority=\"30\" SemiHidden=\"false\"\n   UnhideWhenUsed=\"false\" QFormat=\"true\" Name=\"Intense Quote\"/>\n  <w:LsdException Locked=\"false\" Priority=\"66\" SemiHidden=\"false\"\n   UnhideWhenUsed=\"false\" Name=\"Medium List 2 Accent 1\"/>\n  <w:LsdException Locked=\"false\" Priority=\"67\" SemiHidden=\"false\"\n   UnhideWhenUsed=\"false\" Name=\"Medium Grid 1 Accent 1\"/>\n  <w:LsdException Locked=\"false\" Priority=\"68\" SemiHidden=\"false\"\n   UnhideWhenUsed=\"false\" Name=\"Medium Grid 2 Accent 1\"/>\n  <w:LsdException Locked=\"false\" Priority=\"69\" SemiHidden=\"false\"\n   UnhideWhenUsed=\"false\" Name=\"Medium Grid 3 Accent 1\"/>\n  <w:LsdException Locked=\"false\" Priority=\"70\" SemiHidden=\"false\"\n   UnhideWhenUsed=\"false\" Name=\"Dark List Accent 1\"/>\n  <w:LsdException Locked=\"false\" Priority=\"71\" SemiHidden=\"false\"\n   UnhideWhenUsed=\"false\" Name=\"Colorful Shading Accent 1\"/>\n  <w:LsdException Locked=\"false\" Priority=\"72\" SemiHidden=\"false\"\n   UnhideWhenUsed=\"false\" Name=\"Colorful List Accent 1\"/>\n  <w:LsdException Locked=\"false\" Priority=\"73\" SemiHidden=\"false\"\n   UnhideWhenUsed=\"false\" Name=\"Colorful Grid Accent 1\"/>\n  <w:LsdException Locked=\"false\" Priority=\"60\" SemiHidden=\"false\"\n   UnhideWhenUsed=\"false\" Name=\"Light Shading Accent 2\"/>\n  <w:LsdException Locked=\"false\" Priority=\"61\" SemiHidden=\"false\"\n   UnhideWhenUsed=\"false\" Name=\"Light List Accent 2\"/>\n  <w:LsdException Locked=\"false\" Priority=\"62\" SemiHidden=\"false\"\n   UnhideWhenUsed=\"false\" Name=\"Light Grid Accent 2\"/>\n  <w:LsdException Locked=\"false\" Priority=\"63\" SemiHidden=\"false\"\n   UnhideWhenUsed=\"false\" Name=\"Medium Shading 1 Accent 2\"/>\n  <w:LsdException Locked=\"false\" Priority=\"64\" SemiHidden=\"false\"\n   UnhideWhenUsed=\"false\" Name=\"Medium Shading 2 Accent 2\"/>\n  <w:LsdException Locked=\"false\" Priority=\"65\" SemiHidden=\"false\"\n   UnhideWhenUsed=\"false\" Name=\"Medium List 1 Accent 2\"/>\n  <w:LsdException Locked=\"false\" Priority=\"66\" SemiHidden=\"false\"\n   UnhideWhenUsed=\"false\" Name=\"Medium List 2 Accent 2\"/>\n  <w:LsdException Locked=\"false\" Priority=\"67\" SemiHidden=\"false\"\n   UnhideWhenUsed=\"false\" Name=\"Medium Grid 1 Accent 2\"/>\n  <w:LsdException Locked=\"false\" Priority=\"68\" SemiHidden=\"false\"\n   UnhideWhenUsed=\"false\" Name=\"Medium Grid 2 Accent 2\"/>\n  <w:LsdException Locked=\"false\" Priority=\"69\" SemiHidden=\"false\"\n   UnhideWhenUsed=\"false\" Name=\"Medium Grid 3 Accent 2\"/>\n  <w:LsdException Locked=\"false\" Priority=\"70\" SemiHidden=\"false\"\n   UnhideWhenUsed=\"false\" Name=\"Dark List Accent 2\"/>\n  <w:LsdException Locked=\"false\" Priority=\"71\" SemiHidden=\"false\"\n   UnhideWhenUsed=\"false\" Name=\"Colorful Shading Accent 2\"/>\n  <w:LsdException Locked=\"false\" Priority=\"72\" SemiHidden=\"false\"\n   UnhideWhenUsed=\"false\" Name=\"Colorful List Accent 2\"/>\n  <w:LsdException Locked=\"false\" Priority=\"73\" SemiHidden=\"false\"\n   UnhideWhenUsed=\"false\" Name=\"Colorful Grid Accent 2\"/>\n  <w:LsdException Locked=\"false\" Priority=\"60\" SemiHidden=\"false\"\n   UnhideWhenUsed=\"false\" Name=\"Light Shading Accent 3\"/>\n  <w:LsdException Locked=\"false\" Priority=\"61\" SemiHidden=\"false\"\n   UnhideWhenUsed=\"false\" Name=\"Light List Accent 3\"/>\n  <w:LsdException Locked=\"false\" Priority=\"62\" SemiHidden=\"false\"\n   UnhideWhenUsed=\"false\" Name=\"Light Grid Accent 3\"/>\n  <w:LsdException Locked=\"false\" Priority=\"63\" SemiHidden=\"false\"\n   UnhideWhenUsed=\"false\" Name=\"Medium Shading 1 Accent 3\"/>\n  <w:LsdException Locked=\"false\" Priority=\"64\" SemiHidden=\"false\"\n   UnhideWhenUsed=\"false\" Name=\"Medium Shading 2 Accent 3\"/>\n  <w:LsdException Locked=\"false\" Priority=\"65\" SemiHidden=\"false\"\n   UnhideWhenUsed=\"false\" Name=\"Medium List 1 Accent 3\"/>\n  <w:LsdException Locked=\"false\" Priority=\"66\" SemiHidden=\"false\"\n   UnhideWhenUsed=\"false\" Name=\"Medium List 2 Accent 3\"/>\n  <w:LsdException Locked=\"false\" Priority=\"67\" SemiHidden=\"false\"\n   UnhideWhenUsed=\"false\" Name=\"Medium Grid 1 Accent 3\"/>\n  <w:LsdException Locked=\"false\" Priority=\"68\" SemiHidden=\"false\"\n   UnhideWhenUsed=\"false\" Name=\"Medium Grid 2 Accent 3\"/>\n  <w:LsdException Locked=\"false\" Priority=\"69\" SemiHidden=\"false\"\n   UnhideWhenUsed=\"false\" Name=\"Medium Grid 3 Accent 3\"/>\n  <w:LsdException Locked=\"false\" Priority=\"70\" SemiHidden=\"false\"\n   UnhideWhenUsed=\"false\" Name=\"Dark List Accent 3\"/>\n  <w:LsdException Locked=\"false\" Priority=\"71\" SemiHidden=\"false\"\n   UnhideWhenUsed=\"false\" Name=\"Colorful Shading Accent 3\"/>\n  <w:LsdException Locked=\"false\" Priority=\"72\" SemiHidden=\"false\"\n   UnhideWhenUsed=\"false\" Name=\"Colorful List Accent 3\"/>\n  <w:LsdException Locked=\"false\" Priority=\"73\" SemiHidden=\"false\"\n   UnhideWhenUsed=\"false\" Name=\"Colorful Grid Accent 3\"/>\n  <w:LsdException Locked=\"false\" Priority=\"60\" SemiHidden=\"false\"\n   UnhideWhenUsed=\"false\" Name=\"Light Shading Accent 4\"/>\n  <w:LsdException Locked=\"false\" Priority=\"61\" SemiHidden=\"false\"\n   UnhideWhenUsed=\"false\" Name=\"Light List Accent 4\"/>\n  <w:LsdException Locked=\"false\" Priority=\"62\" SemiHidden=\"false\"\n   UnhideWhenUsed=\"false\" Name=\"Light Grid Accent 4\"/>\n  <w:LsdException Locked=\"false\" Priority=\"63\" SemiHidden=\"false\"\n   UnhideWhenUsed=\"false\" Name=\"Medium Shading 1 Accent 4\"/>\n  <w:LsdException Locked=\"false\" Priority=\"64\" SemiHidden=\"false\"\n   UnhideWhenUsed=\"false\" Name=\"Medium Shading 2 Accent 4\"/>\n  <w:LsdException Locked=\"false\" Priority=\"65\" SemiHidden=\"false\"\n   UnhideWhenUsed=\"false\" Name=\"Medium List 1 Accent 4\"/>\n  <w:LsdException Locked=\"false\" Priority=\"66\" SemiHidden=\"false\"\n   UnhideWhenUsed=\"false\" Name=\"Medium List 2 Accent 4\"/>\n  <w:LsdException Locked=\"false\" Priority=\"67\" SemiHidden=\"false\"\n   UnhideWhenUsed=\"false\" Name=\"Medium Grid 1 Accent 4\"/>\n  <w:LsdException Locked=\"false\" Priority=\"68\" SemiHidden=\"false\"\n   UnhideWhenUsed=\"false\" Name=\"Medium Grid 2 Accent 4\"/>\n  <w:LsdException Locked=\"false\" Priority=\"69\" SemiHidden=\"false\"\n   UnhideWhenUsed=\"false\" Name=\"Medium Grid 3 Accent 4\"/>\n  <w:LsdException Locked=\"false\" Priority=\"70\" SemiHidden=\"false\"\n   UnhideWhenUsed=\"false\" Name=\"Dark List Accent 4\"/>\n  <w:LsdException Locked=\"false\" Priority=\"71\" SemiHidden=\"false\"\n   UnhideWhenUsed=\"false\" Name=\"Colorful Shading Accent 4\"/>\n  <w:LsdException Locked=\"false\" Priority=\"72\" SemiHidden=\"false\"\n   UnhideWhenUsed=\"false\" Name=\"Colorful List Accent 4\"/>\n  <w:LsdException Locked=\"false\" Priority=\"73\" SemiHidden=\"false\"\n   UnhideWhenUsed=\"false\" Name=\"Colorful Grid Accent 4\"/>\n  <w:LsdException Locked=\"false\" Priority=\"60\" SemiHidden=\"false\"\n   UnhideWhenUsed=\"false\" Name=\"Light Shading Accent 5\"/>\n  <w:LsdException Locked=\"false\" Priority=\"61\" SemiHidden=\"false\"\n   UnhideWhenUsed=\"false\" Name=\"Light List Accent 5\"/>\n  <w:LsdException Locked=\"false\" Priority=\"62\" SemiHidden=\"false\"\n   UnhideWhenUsed=\"false\" Name=\"Light Grid Accent 5\"/>\n  <w:LsdException Locked=\"false\" Priority=\"63\" SemiHidden=\"false\"\n   UnhideWhenUsed=\"false\" Name=\"Medium Shading 1 Accent 5\"/>\n  <w:LsdException Locked=\"false\" Priority=\"64\" SemiHidden=\"false\"\n   UnhideWhenUsed=\"false\" Name=\"Medium Shading 2 Accent 5\"/>\n  <w:LsdException Locked=\"false\" Priority=\"65\" SemiHidden=\"false\"\n   UnhideWhenUsed=\"false\" Name=\"Medium List 1 Accent 5\"/>\n  <w:LsdException Locked=\"false\" Priority=\"66\" SemiHidden=\"false\"\n   UnhideWhenUsed=\"false\" Name=\"Medium List 2 Accent 5\"/>\n  <w:LsdException Locked=\"false\" Priority=\"67\" SemiHidden=\"false\"\n   UnhideWhenUsed=\"false\" Name=\"Medium Grid 1 Accent 5\"/>\n  <w:LsdException Locked=\"false\" Priority=\"68\" SemiHidden=\"false\"\n   UnhideWhenUsed=\"false\" Name=\"Medium Grid 2 Accent 5\"/>\n  <w:LsdException Locked=\"false\" Priority=\"69\" SemiHidden=\"false\"\n   UnhideWhenUsed=\"false\" Name=\"Medium Grid 3 Accent 5\"/>\n  <w:LsdException Locked=\"false\" Priority=\"70\" SemiHidden=\"false\"\n   UnhideWhenUsed=\"false\" Name=\"Dark List Accent 5\"/>\n  <w:LsdException Locked=\"false\" Priority=\"71\" SemiHidden=\"false\"\n   UnhideWhenUsed=\"false\" Name=\"Colorful Shading Accent 5\"/>\n  <w:LsdException Locked=\"false\" Priority=\"72\" SemiHidden=\"false\"\n   UnhideWhenUsed=\"false\" Name=\"Colorful List Accent 5\"/>\n  <w:LsdException Locked=\"false\" Priority=\"73\" SemiHidden=\"false\"\n   UnhideWhenUsed=\"false\" Name=\"Colorful Grid Accent 5\"/>\n  <w:LsdException Locked=\"false\" Priority=\"60\" SemiHidden=\"false\"\n   UnhideWhenUsed=\"false\" Name=\"Light Shading Accent 6\"/>\n  <w:LsdException Locked=\"false\" Priority=\"61\" SemiHidden=\"false\"\n   UnhideWhenUsed=\"false\" Name=\"Light List Accent 6\"/>\n  <w:LsdException Locked=\"false\" Priority=\"62\" SemiHidden=\"false\"\n   UnhideWhenUsed=\"false\" Name=\"Light Grid Accent 6\"/>\n  <w:LsdException Locked=\"false\" Priority=\"63\" SemiHidden=\"false\"\n   UnhideWhenUsed=\"false\" Name=\"Medium Shading 1 Accent 6\"/>\n  <w:LsdException Locked=\"false\" Priority=\"64\" SemiHidden=\"false\"\n   UnhideWhenUsed=\"false\" Name=\"Medium Shading 2 Accent 6\"/>\n  <w:LsdException Locked=\"false\" Priority=\"65\" SemiHidden=\"false\"\n   UnhideWhenUsed=\"false\" Name=\"Medium List 1 Accent 6\"/>\n  <w:LsdException Locked=\"false\" Priority=\"66\" SemiHidden=\"false\"\n   UnhideWhenUsed=\"false\" Name=\"Medium List 2 Accent 6\"/>\n  <w:LsdException Locked=\"false\" Priority=\"67\" SemiHidden=\"false\"\n   UnhideWhenUsed=\"false\" Name=\"Medium Grid 1 Accent 6\"/>\n  <w:LsdException Locked=\"false\" Priority=\"68\" SemiHidden=\"false\"\n   UnhideWhenUsed=\"false\" Name=\"Medium Grid 2 Accent 6\"/>\n  <w:LsdException Locked=\"false\" Priority=\"69\" SemiHidden=\"false\"\n   UnhideWhenUsed=\"false\" Name=\"Medium Grid 3 Accent 6\"/>\n  <w:LsdException Locked=\"false\" Priority=\"70\" SemiHidden=\"false\"\n   UnhideWhenUsed=\"false\" Name=\"Dark List Accent 6\"/>\n  <w:LsdException Locked=\"false\" Priority=\"71\" SemiHidden=\"false\"\n   UnhideWhenUsed=\"false\" Name=\"Colorful Shading Accent 6\"/>\n  <w:LsdException Locked=\"false\" Priority=\"72\" SemiHidden=\"false\"\n   UnhideWhenUsed=\"false\" Name=\"Colorful List Accent 6\"/>\n  <w:LsdException Locked=\"false\" Priority=\"73\" SemiHidden=\"false\"\n   UnhideWhenUsed=\"false\" Name=\"Colorful Grid Accent 6\"/>\n  <w:LsdException Locked=\"false\" Priority=\"19\" SemiHidden=\"false\"\n   UnhideWhenUsed=\"false\" QFormat=\"true\" Name=\"Subtle Emphasis\"/>\n  <w:LsdException Locked=\"false\" Priority=\"21\" SemiHidden=\"false\"\n   UnhideWhenUsed=\"false\" QFormat=\"true\" Name=\"Intense Emphasis\"/>\n  <w:LsdException Locked=\"false\" Priority=\"31\" SemiHidden=\"false\"\n   UnhideWhenUsed=\"false\" QFormat=\"true\" Name=\"Subtle Reference\"/>\n  <w:LsdException Locked=\"false\" Priority=\"32\" SemiHidden=\"false\"\n   UnhideWhenUsed=\"false\" QFormat=\"true\" Name=\"Intense Reference\"/>\n  <w:LsdException Locked=\"false\" Priority=\"33\" SemiHidden=\"false\"\n   UnhideWhenUsed=\"false\" QFormat=\"true\" Name=\"Book Title\"/>\n  <w:LsdException Locked=\"false\" Priority=\"37\" Name=\"Bibliography\"/>\n  <w:LsdException Locked=\"false\" Priority=\"39\" QFormat=\"true\" Name=\"TOC Heading\"/>\n </w:LatentStyles>\n</xml><![endif]-->\n<style>\n<!--\n /* Font Definitions */\n @font-face\n	{font-family:宋体;\n	panose-1:2 1 6 0 3 1 1 1 1 1;\n	mso-font-alt:SimSun;\n	mso-font-charset:134;\n	mso-generic-font-family:auto;\n	mso-font-pitch:variable;\n	mso-font-signature:3 680460288 22 0 262145 0;}\n@font-face\n	{font-family:宋体;\n	panose-1:2 1 6 0 3 1 1 1 1 1;\n	mso-font-alt:SimSun;\n	mso-font-charset:134;\n	mso-generic-font-family:auto;\n	mso-font-pitch:variable;\n	mso-font-signature:3 680460288 22 0 262145 0;}\n@font-face\n	{font-family:Calibri;\n	panose-1:2 15 5 2 2 2 4 3 2 4;\n	mso-font-charset:0;\n	mso-generic-font-family:swiss;\n	mso-font-pitch:variable;\n	mso-font-signature:-520092929 1073786111 9 0 415 0;}\n@font-face\n	{font-family:\"\\@宋体\";\n	panose-1:2 1 6 0 3 1 1 1 1 1;\n	mso-font-charset:134;\n	mso-generic-font-family:auto;\n	mso-font-pitch:variable;\n	mso-font-signature:3 680460288 22 0 262145 0;}\n /* Style Definitions */\n p.MsoNormal, li.MsoNormal, div.MsoNormal\n	{mso-style-unhide:no;\n	mso-style-qformat:yes;\n	mso-style-parent:\"\";\n	margin:0cm;\n	margin-bottom:.0001pt;\n	text-align:justify;\n	text-justify:inter-ideograph;\n	mso-pagination:none;\n	font-size:10.5pt;\n	mso-bidi-font-size:11.0pt;\n	font-family:\"Calibri\",\"sans-serif\";\n	mso-ascii-font-family:Calibri;\n	mso-ascii-theme-font:minor-latin;\n	mso-fareast-font-family:宋体;\n	mso-fareast-theme-font:minor-fareast;\n	mso-hansi-font-family:Calibri;\n	mso-hansi-theme-font:minor-latin;\n	mso-bidi-font-family:\"Times New Roman\";\n	mso-bidi-theme-font:minor-bidi;\n	mso-font-kerning:1.0pt;}\np\n	{mso-style-priority:99;\n	mso-margin-top-alt:auto;\n	margin-right:0cm;\n	mso-margin-bottom-alt:auto;\n	margin-left:0cm;\n	mso-pagination:widow-orphan;\n	font-size:12.0pt;\n	font-family:宋体;\n	mso-bidi-font-family:宋体;}\n.MsoChpDefault\n	{mso-style-type:export-only;\n	mso-default-props:yes;\n	font-family:\"Calibri\",\"sans-serif\";\n	mso-bidi-font-family:\"Times New Roman\";\n	mso-bidi-theme-font:minor-bidi;}\n /* Page Definitions */\n @page\n	{mso-page-border-surround-header:no;\n	mso-page-border-surround-footer:no;}\n@page WordSection1\n	{size:612.0pt 792.0pt;\n	margin:72.0pt 90.0pt 72.0pt 90.0pt;\n	mso-header-margin:36.0pt;\n	mso-footer-margin:36.0pt;\n	mso-paper-source:0;}\ndiv.WordSection1\n	{page:WordSection1;}\n /* List Definitions */\n @list l0\n	{mso-list-id:1392341308;\n	mso-list-template-ids:-920851326;}\nol\n	{margin-bottom:0cm;}\nul\n	{margin-bottom:0cm;}\n-->\n</style>\n<!--[if gte mso 10]>\n<style>\n /* Style Definitions */\n table.MsoNormalTable\n	{mso-style-name:普通表格;\n	mso-tstyle-rowband-size:0;\n	mso-tstyle-colband-size:0;\n	mso-style-noshow:yes;\n	mso-style-priority:99;\n	mso-style-parent:\"\";\n	mso-padding-alt:0cm 5.4pt 0cm 5.4pt;\n	mso-para-margin:0cm;\n	mso-para-margin-bottom:.0001pt;\n	mso-pagination:widow-orphan;\n	font-size:10.5pt;\n	mso-bidi-font-size:11.0pt;\n	font-family:\"Calibri\",\"sans-serif\";\n	mso-ascii-font-family:Calibri;\n	mso-ascii-theme-font:minor-latin;\n	mso-hansi-font-family:Calibri;\n	mso-hansi-theme-font:minor-latin;\n	mso-bidi-font-family:\"Times New Roman\";\n	mso-bidi-theme-font:minor-bidi;\n	mso-font-kerning:1.0pt;}\n</style>\n<![endif]-->\n\n\n\n\n\n\n\n\n\n\n\n\n\n\n\n\n\n\n\n\n\n</p><p style=\"margin: 0cm 0cm 12pt 30pt; text-align: justify; text-indent: -18pt; background-image: initial; background-position: initial; background-size: initial; background-repeat: initial; background-attachment: initial; background-origin: initial; background-clip: initial;\"><!--[if !supportLists]--><span lang=\"EN-US\" style=\"font-size:11.0pt;mso-ascii-font-family:宋体;mso-ascii-theme-font:\nminor-fareast;mso-fareast-font-family:宋体;mso-fareast-theme-font:minor-fareast;\nmso-hansi-font-family:宋体;mso-hansi-theme-font:minor-fareast;mso-bidi-font-family:\n宋体;mso-bidi-theme-font:minor-fareast\">9.<span times=\"\" new=\"\" roman\"\'=\"\">&nbsp; </span></span><!--[endif]--><span style=\"font-size:11.0pt;mso-ascii-font-family:宋体;mso-ascii-theme-font:minor-fareast;\nmso-fareast-font-family:宋体;mso-fareast-theme-font:minor-fareast;mso-hansi-font-family:\n宋体;mso-hansi-theme-font:minor-fareast;mso-bidi-font-family:&quot;Times New Roman&quot;;\nmso-bidi-theme-font:minor-bidi\">风格兼容性<span lang=\"EN-US\">&nbsp;<br>\n9.1 </span>对于移植的或者开源的代码，可以沿用原有风格，不用<span lang=\"EN-US\">C++</span>的命名规范。<span lang=\"EN-US\"><o:p></o:p></span></span></p>','',1,7,'2018-07-12 09:58:09.888255',1),(17,'C++命名方面','<p style=\"margin-top:0cm;margin-right:0cm;margin-bottom:12.0pt;margin-left:\n30.0pt;text-align:justify;text-justify:inter-ideograph;text-indent:-18.0pt;\nmso-list:l0 level1 lfo1;tab-stops:list 36.0pt;background:white\"><!--[if !supportLists]--><span lang=\"EN-US\" style=\"font-size:11.0pt;mso-ascii-font-family:宋体;mso-ascii-theme-font:\nminor-fareast;mso-fareast-font-family:宋体;mso-fareast-theme-font:minor-fareast;\nmso-hansi-font-family:宋体;mso-hansi-theme-font:minor-fareast;mso-bidi-font-family:\n宋体;mso-bidi-theme-font:minor-fareast\"><span>1.<span times=\"\" new=\"\" roman\"\'=\"\">&nbsp; </span></span></span><!--[endif]--><span style=\"font-size:11.0pt;mso-ascii-font-family:宋体;mso-ascii-theme-font:minor-fareast;\nmso-fareast-font-family:宋体;mso-fareast-theme-font:minor-fareast;mso-hansi-font-family:\n宋体;mso-hansi-theme-font:minor-fareast;mso-bidi-font-family:&quot;Times New Roman&quot;;\nmso-bidi-theme-font:minor-bidi\">原则<span lang=\"EN-US\">&nbsp;<br>\n1.1 </span>同一性：在编写一个子模块或派生类的时候，要遵循其基类或整体模块的命名风格，保持命名风格在整个模块中的同一性。<span lang=\"EN-US\">&nbsp;<br>\n1.2 </span>标识符组成：标识符采用英文单词或其组合，应当直观且可以拼读，可望文知意，用词应当准确，避免用拼音命名。<span lang=\"EN-US\">&nbsp;<br>\n1.3 </span>最小化长度<span lang=\"EN-US\"> &amp;&amp; </span>最大化信息量原则：在保持一个标识符意思明确的同时，应当尽量缩短其长度。<span lang=\"EN-US\">&nbsp;<br>\n1.4 </span>避免过于相似：不要出现仅靠大小写区分的相似的标识符，例如</span><span lang=\"EN-US\" times=\"\" new=\"\" roman\";mso-bidi-theme-font:minor-bidi\'=\"\">\"i\"</span><span style=\"font-size:11.0pt;mso-ascii-font-family:宋体;mso-ascii-theme-font:minor-fareast;\nmso-fareast-font-family:宋体;mso-fareast-theme-font:minor-fareast;mso-hansi-font-family:\n宋体;mso-hansi-theme-font:minor-fareast;mso-bidi-font-family:&quot;Times New Roman&quot;;\nmso-bidi-theme-font:minor-bidi\">与</span><span lang=\"EN-US\" style=\"mso-bidi-font-family:\n&quot;Times New Roman&quot;;mso-bidi-theme-font:minor-bidi\">\"I\"</span><span style=\"font-size:11.0pt;mso-ascii-font-family:宋体;mso-ascii-theme-font:minor-fareast;\nmso-fareast-font-family:宋体;mso-fareast-theme-font:minor-fareast;mso-hansi-font-family:\n宋体;mso-hansi-theme-font:minor-fareast;mso-bidi-font-family:&quot;Times New Roman&quot;;\nmso-bidi-theme-font:minor-bidi\">，</span><span lang=\"EN-US\" style=\"mso-bidi-font-family:\n&quot;Times New Roman&quot;;mso-bidi-theme-font:minor-bidi\">\"function\"</span><span style=\"font-size:11.0pt;mso-ascii-font-family:宋体;mso-ascii-theme-font:minor-fareast;\nmso-fareast-font-family:宋体;mso-fareast-theme-font:minor-fareast;mso-hansi-font-family:\n宋体;mso-hansi-theme-font:minor-fareast;mso-bidi-font-family:&quot;Times New Roman&quot;;\nmso-bidi-theme-font:minor-bidi\">与</span><span lang=\"EN-US\" style=\"mso-bidi-font-family:\n&quot;Times New Roman&quot;;mso-bidi-theme-font:minor-bidi\">\"Function\"</span><span style=\"font-size:11.0pt;mso-ascii-font-family:宋体;mso-ascii-theme-font:minor-fareast;\nmso-fareast-font-family:宋体;mso-fareast-theme-font:minor-fareast;mso-hansi-font-family:\n宋体;mso-hansi-theme-font:minor-fareast;mso-bidi-font-family:&quot;Times New Roman&quot;;\nmso-bidi-theme-font:minor-bidi\">等等。<span lang=\"EN-US\">&nbsp;<br>\n1.5 </span>避免在不同级别的作用域中重名：程序中不要出现名字完全相同的局部变量和全局变量，尽管两者的作用域不同而不会发生语法错误，但容易使人误解。<span lang=\"EN-US\">&nbsp;<br>\n1.6 </span>正确命名具有互斥意义的标识符：用正确的反义词组命名具有互斥意义的标识符，如：</span><span lang=\"EN-US\" times=\"\" new=\"\" roman\";mso-bidi-theme-font:minor-bidi\'=\"\">\"nMinValue\"</span><span lang=\"EN-US\" style=\"font-size:11.0pt;mso-ascii-font-family:宋体;mso-ascii-theme-font:\nminor-fareast;mso-fareast-font-family:宋体;mso-fareast-theme-font:minor-fareast;\nmso-hansi-font-family:宋体;mso-hansi-theme-font:minor-fareast;mso-bidi-font-family:\n&quot;Times New Roman&quot;;mso-bidi-theme-font:minor-bidi\">&nbsp;</span><span style=\"font-size:11.0pt;mso-ascii-font-family:宋体;mso-ascii-theme-font:minor-fareast;\nmso-fareast-font-family:宋体;mso-fareast-theme-font:minor-fareast;mso-hansi-font-family:\n宋体;mso-hansi-theme-font:minor-fareast;mso-bidi-font-family:&quot;Times New Roman&quot;;\nmso-bidi-theme-font:minor-bidi\">和<span lang=\"EN-US\">&nbsp;</span></span><span lang=\"EN-USTimes\" new=\"\" roman\";mso-bidi-theme-font:=\"\" minor-bidi\'=\"\">\"nMaxValue\"</span><span style=\"font-size:11.0pt;\nmso-ascii-font-family:宋体;mso-ascii-theme-font:minor-fareast;mso-fareast-font-family:\n宋体;mso-fareast-theme-font:minor-fareast;mso-hansi-font-family:宋体;mso-hansi-theme-font:\nminor-fareast;mso-bidi-font-family:&quot;Times New Roman&quot;;mso-bidi-theme-font:minor-bidi\">，</span><span lang=\"EN-USTimes\" new=\"\" roman\";mso-bidi-theme-font:=\"\" minor-bidi\'=\"\">\"GetName()\"</span><span lang=\"EN-US\" style=\"font-size:11.0pt;\nmso-ascii-font-family:宋体;mso-ascii-theme-font:minor-fareast;mso-fareast-font-family:\n宋体;mso-fareast-theme-font:minor-fareast;mso-hansi-font-family:宋体;mso-hansi-theme-font:\nminor-fareast;mso-bidi-font-family:&quot;Times New Roman&quot;;mso-bidi-theme-font:minor-bidi\">&nbsp;</span><span style=\"font-size:11.0pt;mso-ascii-font-family:宋体;mso-ascii-theme-font:minor-fareast;\nmso-fareast-font-family:宋体;mso-fareast-theme-font:minor-fareast;mso-hansi-font-family:\n宋体;mso-hansi-theme-font:minor-fareast;mso-bidi-font-family:&quot;Times New Roman&quot;;\nmso-bidi-theme-font:minor-bidi\">和<span lang=\"EN-US\">&nbsp;</span></span><span lang=\"EN-USTimes\" new=\"\" roman\";mso-bidi-theme-font:=\"\" minor-bidi\'=\"\">\"SetName()\"</span><span lang=\"EN-US\" style=\"font-size:11.0pt;\nmso-ascii-font-family:宋体;mso-ascii-theme-font:minor-fareast;mso-fareast-font-family:\n宋体;mso-fareast-theme-font:minor-fareast;mso-hansi-font-family:宋体;mso-hansi-theme-font:\nminor-fareast;mso-bidi-font-family:&quot;Times New Roman&quot;;mso-bidi-theme-font:minor-bidi\">&nbsp;….&nbsp;<br>\n1.7 </span><span style=\"font-size:11.0pt;mso-ascii-font-family:宋体;mso-ascii-theme-font:\nminor-fareast;mso-fareast-font-family:宋体;mso-fareast-theme-font:minor-fareast;\nmso-hansi-font-family:宋体;mso-hansi-theme-font:minor-fareast;mso-bidi-font-family:\n&quot;Times New Roman&quot;;mso-bidi-theme-font:minor-bidi\">避免名字中出现数字编号：尽量避免名字中出现数字编号，如</span><span lang=\"EN-USTimes\" new=\"\" roman\";mso-bidi-theme-font:=\"\" minor-bidi\'=\"\">Value1,Value2</span><span style=\"font-size:11.0pt;mso-ascii-font-family:\n宋体;mso-ascii-theme-font:minor-fareast;mso-fareast-font-family:宋体;mso-fareast-theme-font:\nminor-fareast;mso-hansi-font-family:宋体;mso-hansi-theme-font:minor-fareast;\nmso-bidi-font-family:&quot;Times New Roman&quot;;mso-bidi-theme-font:minor-bidi\">等，除非逻辑上的确需要编号。这是为了防止程序员偷懒，不肯为命名动脑筋而导致产生无意义的名字（因为用数字编号最省事）。<span lang=\"EN-US\"><o:p></o:p></span></span></p><p style=\"margin-top:0cm;margin-right:0cm;margin-bottom:12.0pt;margin-left:\n30.0pt;text-align:justify;text-justify:inter-ideograph;text-indent:-18.0pt;\nmso-list:l0 level1 lfo1;tab-stops:list 36.0pt;background:white\"><!--[if !supportLists]--><span lang=\"EN-US\" style=\"font-size:11.0pt;mso-ascii-font-family:宋体;mso-ascii-theme-font:\nminor-fareast;mso-fareast-font-family:宋体;mso-fareast-theme-font:minor-fareast;\nmso-hansi-font-family:宋体;mso-hansi-theme-font:minor-fareast;mso-bidi-font-family:\n宋体;mso-bidi-theme-font:minor-fareast\"><span>2.<span times=\"\" new=\"\" roman\"\'=\"\">&nbsp; </span></span></span><!--[endif]--><span lang=\"EN-US\" style=\"font-size:11.0pt;mso-ascii-font-family:宋体;mso-ascii-theme-font:\nminor-fareast;mso-fareast-font-family:宋体;mso-fareast-theme-font:minor-fareast;\nmso-hansi-font-family:宋体;mso-hansi-theme-font:minor-fareast;mso-bidi-font-family:\n&quot;Times New Roman&quot;;mso-bidi-theme-font:minor-bidi\">T,C,M,R</span><span style=\"font-size:11.0pt;mso-ascii-font-family:宋体;mso-ascii-theme-font:minor-fareast;\nmso-fareast-font-family:宋体;mso-fareast-theme-font:minor-fareast;mso-hansi-font-family:\n宋体;mso-hansi-theme-font:minor-fareast;mso-bidi-font-family:&quot;Times New Roman&quot;;\nmso-bidi-theme-font:minor-bidi\">类<span lang=\"EN-US\">&nbsp;<br>\n2.1 T</span>类表示简单数据类型，不对资源拥有控制权，在析构过程中没有释放资源动作。<span lang=\"EN-US\">&nbsp;<br>\n2.2 C</span>表示从<span lang=\"EN-US\">CBase</span>继承的类。该类不能从栈上定义变量，只能从堆上创建。<span lang=\"EN-US\">&nbsp;<br>\n2.3 M</span>表示接口类。<span lang=\"EN-US\">&nbsp;<br>\n2.4 R</span>是资源类，通常是系统固有类型。除了特殊情况，不应在开发代码中出现<span lang=\"EN-US\">R</span>类型。<span lang=\"EN-US\"><o:p></o:p></span></span></p><p style=\"margin-top:0cm;margin-right:0cm;margin-bottom:12.0pt;margin-left:\n30.0pt;text-align:justify;text-justify:inter-ideograph;text-indent:-18.0pt;\nmso-list:l0 level1 lfo1;tab-stops:list 36.0pt;background:white\"><!--[if !supportLists]--><span lang=\"EN-US\" style=\"font-size:11.0pt;mso-ascii-font-family:宋体;mso-ascii-theme-font:\nminor-fareast;mso-fareast-font-family:宋体;mso-fareast-theme-font:minor-fareast;\nmso-hansi-font-family:宋体;mso-hansi-theme-font:minor-fareast;mso-bidi-font-family:\n宋体;mso-bidi-theme-font:minor-fareast\"><span>3.<span times=\"\" new=\"\" roman\"\'=\"\">&nbsp; </span></span></span><!--[endif]--><span style=\"font-size:11.0pt;mso-ascii-font-family:宋体;mso-ascii-theme-font:minor-fareast;\nmso-fareast-font-family:宋体;mso-fareast-theme-font:minor-fareast;mso-hansi-font-family:\n宋体;mso-hansi-theme-font:minor-fareast;mso-bidi-font-family:&quot;Times New Roman&quot;;\nmso-bidi-theme-font:minor-bidi\">函数名<span lang=\"EN-US\">&nbsp;<br>\n3.1 M</span>类的函数名称应采用</span><span lang=\"EN-USTimes\" new=\"\" roman\";=\"\" mso-bidi-theme-font:minor-bidi\'=\"\">HandleXXX</span><span style=\"font-size:11.0pt;\nmso-ascii-font-family:宋体;mso-ascii-theme-font:minor-fareast;mso-fareast-font-family:\n宋体;mso-fareast-theme-font:minor-fareast;mso-hansi-font-family:宋体;mso-hansi-theme-font:\nminor-fareast;mso-bidi-font-family:&quot;Times New Roman&quot;;mso-bidi-theme-font:minor-bidi\">命名，例如：</span><span lang=\"EN-USTimes\" new=\"\" roman\";mso-bidi-theme-font:=\"\" minor-bidi\'=\"\">HandleTimerEvent</span><span style=\"font-size:11.0pt;mso-ascii-font-family:\n宋体;mso-ascii-theme-font:minor-fareast;mso-fareast-font-family:宋体;mso-fareast-theme-font:\nminor-fareast;mso-hansi-font-family:宋体;mso-hansi-theme-font:minor-fareast;\nmso-bidi-font-family:&quot;Times New Roman&quot;;mso-bidi-theme-font:minor-bidi\">；不推荐采用<span lang=\"EN-US\">java</span>风格，例如<span lang=\"EN-US\">&nbsp;</span></span><span lang=\"EN-USTimes\" new=\"\" roman\";mso-bidi-theme-font:=\"\" minor-bidi\'=\"\">handleTimerEvent</span><span style=\"font-size:11.0pt;mso-ascii-font-family:\n宋体;mso-ascii-theme-font:minor-fareast;mso-fareast-font-family:宋体;mso-fareast-theme-font:\nminor-fareast;mso-hansi-font-family:宋体;mso-hansi-theme-font:minor-fareast;\nmso-bidi-font-family:&quot;Times New Roman&quot;;mso-bidi-theme-font:minor-bidi\">；除了标准<span lang=\"EN-US\">c</span>风格代码，不推荐用下划线，例如，</span><span lang=\"EN-US\" style=\"mso-bidi-font-family:\n&quot;Times New Roman&quot;;mso-bidi-theme-font:minor-bidi\">handle_event</span><span style=\"font-size:11.0pt;mso-ascii-font-family:宋体;mso-ascii-theme-font:minor-fareast;\nmso-fareast-font-family:宋体;mso-fareast-theme-font:minor-fareast;mso-hansi-font-family:\n宋体;mso-hansi-theme-font:minor-fareast;mso-bidi-font-family:&quot;Times New Roman&quot;;\nmso-bidi-theme-font:minor-bidi\">。<span lang=\"EN-US\">&nbsp;<br>\n3.2 Leave</span>函数，用后缀<span lang=\"EN-US\">L</span>。<span lang=\"EN-US\">&nbsp;<br>\n3.3 Leave</span>函数，且进清除栈，用后缀<span lang=\"EN-US\">LC</span>。<span lang=\"EN-US\">&nbsp;<br>\n3.4 Leave</span>函数，且删除对象，用后缀<span lang=\"EN-US\">LD</span>。<span lang=\"EN-US\"><o:p></o:p></span></span></p><p style=\"margin-top:0cm;margin-right:0cm;margin-bottom:12.0pt;margin-left:\n30.0pt;text-align:justify;text-justify:inter-ideograph;text-indent:-18.0pt;\nmso-list:l0 level1 lfo1;tab-stops:list 36.0pt;background:white\"><!--[if !supportLists]--><span lang=\"EN-US\" style=\"font-size:11.0pt;mso-ascii-font-family:宋体;mso-ascii-theme-font:\nminor-fareast;mso-fareast-font-family:宋体;mso-fareast-theme-font:minor-fareast;\nmso-hansi-font-family:宋体;mso-hansi-theme-font:minor-fareast;mso-bidi-font-family:\n宋体;mso-bidi-theme-font:minor-fareast\"><span>4.<span times=\"\" new=\"\" roman\"\'=\"\">&nbsp; </span></span></span><!--[endif]--><span style=\"font-size:11.0pt;mso-ascii-font-family:宋体;mso-ascii-theme-font:minor-fareast;\nmso-fareast-font-family:宋体;mso-fareast-theme-font:minor-fareast;mso-hansi-font-family:\n宋体;mso-hansi-theme-font:minor-fareast;mso-bidi-font-family:&quot;Times New Roman&quot;;\nmso-bidi-theme-font:minor-bidi\">函数参数<span lang=\"EN-US\">&nbsp;<br>\n4.1 </span>函数参数用<span lang=\"EN-US\">a</span>作为前缀。<span lang=\"EN-US\">&nbsp;<br>\n4.2 </span>避免出现和匈牙利混合的命名规则如</span><span lang=\"EN-US\" style=\"mso-bidi-font-family:\n&quot;Times New Roman&quot;;mso-bidi-theme-font:minor-bidi\">apBuffer</span><span style=\"font-size:11.0pt;mso-ascii-font-family:宋体;mso-ascii-theme-font:minor-fareast;\nmso-fareast-font-family:宋体;mso-fareast-theme-font:minor-fareast;mso-hansi-font-family:\n宋体;mso-hansi-theme-font:minor-fareast;mso-bidi-font-family:&quot;Times New Roman&quot;;\nmso-bidi-theme-font:minor-bidi\">名称。用</span><span lang=\"EN-US\" style=\"mso-bidi-font-family:\n&quot;Times New Roman&quot;;mso-bidi-theme-font:minor-bidi\">aBuffer</span><span style=\"font-size:11.0pt;mso-ascii-font-family:宋体;mso-ascii-theme-font:minor-fareast;\nmso-fareast-font-family:宋体;mso-fareast-theme-font:minor-fareast;mso-hansi-font-family:\n宋体;mso-hansi-theme-font:minor-fareast;mso-bidi-font-family:&quot;Times New Roman&quot;;\nmso-bidi-theme-font:minor-bidi\">即可。<span lang=\"EN-US\">&nbsp;<br>\n4.3 </span>函数参数比较多时，应考虑用结构代替。<span lang=\"EN-US\">&nbsp;<br>\n4.4 </span>如果不能避免函数参数比较多，应在排版上可考虑每个参数占用一行，参数名竖向对齐。<span lang=\"EN-US\"><o:p></o:p></span></span></p><p style=\"margin-top:0cm;margin-right:0cm;margin-bottom:12.0pt;margin-left:\n30.0pt;text-align:justify;text-justify:inter-ideograph;text-indent:-18.0pt;\nmso-list:l0 level1 lfo1;tab-stops:list 36.0pt;background:white\"><!--[if !supportLists]--><span lang=\"EN-US\" style=\"font-size:11.0pt;mso-ascii-font-family:宋体;mso-ascii-theme-font:\nminor-fareast;mso-fareast-font-family:宋体;mso-fareast-theme-font:minor-fareast;\nmso-hansi-font-family:宋体;mso-hansi-theme-font:minor-fareast;mso-bidi-font-family:\n宋体;mso-bidi-theme-font:minor-fareast\"><span>5.<span times=\"\" new=\"\" roman\"\'=\"\">&nbsp; </span></span></span><!--[endif]--><span style=\"font-size:11.0pt;mso-ascii-font-family:宋体;mso-ascii-theme-font:minor-fareast;\nmso-fareast-font-family:宋体;mso-fareast-theme-font:minor-fareast;mso-hansi-font-family:\n宋体;mso-hansi-theme-font:minor-fareast;mso-bidi-font-family:&quot;Times New Roman&quot;;\nmso-bidi-theme-font:minor-bidi\">成员变量<span lang=\"EN-US\">&nbsp;<br>\n5.1 </span>成员变量用<span lang=\"EN-US\">m</span>最为前缀。<span lang=\"EN-US\">&nbsp;<br>\n5.2 </span>避免出现和匈牙利混合的命名规则如</span><span lang=\"EN-US\" style=\"mso-bidi-font-family:\n&quot;Times New Roman&quot;;mso-bidi-theme-font:minor-bidi\">mpBuffer</span><span style=\"font-size:11.0pt;mso-ascii-font-family:宋体;mso-ascii-theme-font:minor-fareast;\nmso-fareast-font-family:宋体;mso-fareast-theme-font:minor-fareast;mso-hansi-font-family:\n宋体;mso-hansi-theme-font:minor-fareast;mso-bidi-font-family:&quot;Times New Roman&quot;;\nmso-bidi-theme-font:minor-bidi\">名称。用</span><span lang=\"EN-US\" style=\"mso-bidi-font-family:\n&quot;Times New Roman&quot;;mso-bidi-theme-font:minor-bidi\">mBuffer</span><span style=\"font-size:11.0pt;mso-ascii-font-family:宋体;mso-ascii-theme-font:minor-fareast;\nmso-fareast-font-family:宋体;mso-fareast-theme-font:minor-fareast;mso-hansi-font-family:\n宋体;mso-hansi-theme-font:minor-fareast;mso-bidi-font-family:&quot;Times New Roman&quot;;\nmso-bidi-theme-font:minor-bidi\">即可。<span lang=\"EN-US\"><o:p></o:p></span></span></p><p style=\"margin-top:0cm;margin-right:0cm;margin-bottom:12.0pt;margin-left:\n30.0pt;text-align:justify;text-justify:inter-ideograph;text-indent:-18.0pt;\nmso-list:l0 level1 lfo1;tab-stops:list 36.0pt;background:white\"><!--[if !supportLists]--><span lang=\"EN-US\" style=\"font-size:11.0pt;mso-ascii-font-family:宋体;mso-ascii-theme-font:\nminor-fareast;mso-fareast-font-family:宋体;mso-fareast-theme-font:minor-fareast;\nmso-hansi-font-family:宋体;mso-hansi-theme-font:minor-fareast;mso-bidi-font-family:\n宋体;mso-bidi-theme-font:minor-fareast\"><span>6.<span times=\"\" new=\"\" roman\"\'=\"\">&nbsp; </span></span></span><!--[endif]--><span style=\"font-size:11.0pt;mso-ascii-font-family:宋体;mso-ascii-theme-font:minor-fareast;\nmso-fareast-font-family:宋体;mso-fareast-theme-font:minor-fareast;mso-hansi-font-family:\n宋体;mso-hansi-theme-font:minor-fareast;mso-bidi-font-family:&quot;Times New Roman&quot;;\nmso-bidi-theme-font:minor-bidi\">局部变量<span lang=\"EN-US\">&nbsp;<br>\n6.1 </span>循环变量和简单变量采用简单小写字符串即可。例如，</span><span lang=\"EN-US\" style=\"mso-bidi-font-family:\n&quot;Times New Roman&quot;;mso-bidi-theme-font:minor-bidi\">int i</span><span lang=\"EN-US\" style=\"font-size:11.0pt;mso-ascii-font-family:宋体;mso-ascii-theme-font:minor-fareast;\nmso-fareast-font-family:宋体;mso-fareast-theme-font:minor-fareast;mso-hansi-font-family:\n宋体;mso-hansi-theme-font:minor-fareast;mso-bidi-font-family:&quot;Times New Roman&quot;;\nmso-bidi-theme-font:minor-bidi\">;&nbsp;<br>\n6.2 </span><span style=\"font-size:11.0pt;mso-ascii-font-family:宋体;mso-ascii-theme-font:\nminor-fareast;mso-fareast-font-family:宋体;mso-fareast-theme-font:minor-fareast;\nmso-hansi-font-family:宋体;mso-hansi-theme-font:minor-fareast;mso-bidi-font-family:\n&quot;Times New Roman&quot;;mso-bidi-theme-font:minor-bidi\">指针变量用</span><span lang=\"EN-US\" times=\"\" new=\"\" roman\";mso-bidi-theme-font:minor-bidi\'=\"\">p</span><span style=\"font-size:11.0pt;mso-ascii-font-family:宋体;mso-ascii-theme-font:minor-fareast;\nmso-fareast-font-family:宋体;mso-fareast-theme-font:minor-fareast;mso-hansi-font-family:\n宋体;mso-hansi-theme-font:minor-fareast;mso-bidi-font-family:&quot;Times New Roman&quot;;\nmso-bidi-theme-font:minor-bidi\">打头，例如</span><span lang=\"EN-US\" style=\"mso-bidi-font-family:\n&quot;Times New Roman&quot;;mso-bidi-theme-font:minor-bidi\">void* pBuffer;</span><span lang=\"EN-US\" style=\"font-size:11.0pt;mso-ascii-font-family:宋体;mso-ascii-theme-font:\nminor-fareast;mso-fareast-font-family:宋体;mso-fareast-theme-font:minor-fareast;\nmso-hansi-font-family:宋体;mso-hansi-theme-font:minor-fareast;mso-bidi-font-family:\n&quot;Times New Roman&quot;;mso-bidi-theme-font:minor-bidi\"><o:p></o:p></span></p><p style=\"margin-top:0cm;margin-right:0cm;margin-bottom:12.0pt;margin-left:\n30.0pt;text-align:justify;text-justify:inter-ideograph;text-indent:-18.0pt;\nmso-list:l0 level1 lfo1;tab-stops:list 36.0pt;background:white\"><!--[if !supportLists]--><span lang=\"EN-US\" style=\"font-size:11.0pt;mso-ascii-font-family:宋体;mso-ascii-theme-font:\nminor-fareast;mso-fareast-font-family:宋体;mso-fareast-theme-font:minor-fareast;\nmso-hansi-font-family:宋体;mso-hansi-theme-font:minor-fareast;mso-bidi-font-family:\n宋体;mso-bidi-theme-font:minor-fareast\"><span>7.<span times=\"\" new=\"\" roman\"\'=\"\">&nbsp; </span></span></span><!--[endif]--><span style=\"font-size:11.0pt;mso-ascii-font-family:宋体;mso-ascii-theme-font:minor-fareast;\nmso-fareast-font-family:宋体;mso-fareast-theme-font:minor-fareast;mso-hansi-font-family:\n宋体;mso-hansi-theme-font:minor-fareast;mso-bidi-font-family:&quot;Times New Roman&quot;;\nmso-bidi-theme-font:minor-bidi\">全局变量<span lang=\"EN-US\">&nbsp;<br>\n7.1 </span>全局变量用</span><span lang=\"EN-USTimes\" new=\"\" roman\";=\"\" mso-bidi-theme-font:minor-bidi\'=\"\">g_</span><span style=\"font-size:11.0pt;\nmso-ascii-font-family:宋体;mso-ascii-theme-font:minor-fareast;mso-fareast-font-family:\n宋体;mso-fareast-theme-font:minor-fareast;mso-hansi-font-family:宋体;mso-hansi-theme-font:\nminor-fareast;mso-bidi-font-family:&quot;Times New Roman&quot;;mso-bidi-theme-font:minor-bidi\">最为前缀。<span lang=\"EN-US\"><o:p></o:p></span></span></p><p style=\"margin-top:0cm;margin-right:0cm;margin-bottom:12.0pt;margin-left:\n30.0pt;text-align:justify;text-justify:inter-ideograph;text-indent:-18.0pt;\nmso-list:l0 level1 lfo1;tab-stops:list 36.0pt;background:white\"><!--[if !supportLists]--><span lang=\"EN-US\" style=\"font-size:11.0pt;mso-ascii-font-family:宋体;mso-ascii-theme-font:\nminor-fareast;mso-fareast-font-family:宋体;mso-fareast-theme-font:minor-fareast;\nmso-hansi-font-family:宋体;mso-hansi-theme-font:minor-fareast;mso-bidi-font-family:\n宋体;mso-bidi-theme-font:minor-fareast\"><span>8.<span times=\"\" new=\"\" roman\"\'=\"\">&nbsp; </span></span></span><!--[endif]--><span style=\"font-size:11.0pt;mso-ascii-font-family:宋体;mso-ascii-theme-font:minor-fareast;\nmso-fareast-font-family:宋体;mso-fareast-theme-font:minor-fareast;mso-hansi-font-family:\n宋体;mso-hansi-theme-font:minor-fareast;mso-bidi-font-family:&quot;Times New Roman&quot;;\nmso-bidi-theme-font:minor-bidi\">类名<span lang=\"EN-US\">&nbsp;<br>\n8.1 </span>类和对象名应是名词。<span lang=\"EN-US\">&nbsp;<br>\n8.2 </span>实现行为的类成员函数名应是动词。<span lang=\"EN-US\">&nbsp;<br>\n8.3 </span>类的存取和查询成员函数名应是名词或形容词。<span lang=\"EN-US\"><o:p></o:p></span></span></p><p>\n<!--[if gte mso 9]><xml>\n <o:OfficeDocumentSettings>\n  <o:AllowPNG/>\n </o:OfficeDocumentSettings>\n</xml><![endif]-->\n\n\n<!--[if gte mso 9]><xml>\n <w:WordDocument>\n  <w:View>Normal</w:View>\n  <w:Zoom>0</w:Zoom>\n  <w:TrackMoves/>\n  <w:TrackFormatting/>\n  <w:PunctuationKerning/>\n  <w:DrawingGridVerticalSpacing>7.8 磅</w:DrawingGridVerticalSpacing>\n  <w:DisplayHorizontalDrawingGridEvery>0</w:DisplayHorizontalDrawingGridEvery>\n  <w:DisplayVerticalDrawingGridEvery>2</w:DisplayVerticalDrawingGridEvery>\n  <w:ValidateAgainstSchemas/>\n  <w:SaveIfXMLInvalid>false</w:SaveIfXMLInvalid>\n  <w:IgnoreMixedContent>false</w:IgnoreMixedContent>\n  <w:AlwaysShowPlaceholderText>false</w:AlwaysShowPlaceholderText>\n  <w:DoNotPromoteQF/>\n  <w:LidThemeOther>EN-US</w:LidThemeOther>\n  <w:LidThemeAsian>ZH-CN</w:LidThemeAsian>\n  <w:LidThemeComplexScript>X-NONE</w:LidThemeComplexScript>\n  <w:Compatibility>\n   <w:SpaceForUL/>\n   <w:BalanceSingleByteDoubleByteWidth/>\n   <w:DoNotLeaveBackslashAlone/>\n   <w:ULTrailSpace/>\n   <w:DoNotExpandShiftReturn/>\n   <w:AdjustLineHeightInTable/>\n   <w:BreakWrappedTables/>\n   <w:SnapToGridInCell/>\n   <w:WrapTextWithPunct/>\n   <w:UseAsianBreakRules/>\n   <w:DontGrowAutofit/>\n   <w:SplitPgBreakAndParaMark/>\n   <w:EnableOpenTypeKerning/>\n   <w:DontFlipMirrorIndents/>\n   <w:OverrideTableStyleHps/>\n   <w:UseFELayout/>\n  </w:Compatibility>\n  <m:mathPr>\n   <m:mathFont m:val=\"Cambria Math\"/>\n   <m:brkBin m:val=\"before\"/>\n   <m:brkBinSub m:val=\"&#45;-\"/>\n   <m:smallFrac m:val=\"off\"/>\n   <m:dispDef/>\n   <m:lMargin m:val=\"0\"/>\n   <m:rMargin m:val=\"0\"/>\n   <m:defJc m:val=\"centerGroup\"/>\n   <m:wrapIndent m:val=\"1440\"/>\n   <m:intLim m:val=\"subSup\"/>\n   <m:naryLim m:val=\"undOvr\"/>\n  </m:mathPr></w:WordDocument>\n</xml><![endif]--><!--[if gte mso 9]><xml>\n <w:LatentStyles DefLockedState=\"false\" DefUnhideWhenUsed=\"true\"\n  DefSemiHidden=\"true\" DefQFormat=\"false\" DefPriority=\"99\"\n  LatentStyleCount=\"267\">\n  <w:LsdException Locked=\"false\" Priority=\"0\" SemiHidden=\"false\"\n   UnhideWhenUsed=\"false\" QFormat=\"true\" Name=\"Normal\"/>\n  <w:LsdException Locked=\"false\" Priority=\"9\" SemiHidden=\"false\"\n   UnhideWhenUsed=\"false\" QFormat=\"true\" Name=\"heading 1\"/>\n  <w:LsdException Locked=\"false\" Priority=\"9\" QFormat=\"true\" Name=\"heading 2\"/>\n  <w:LsdException Locked=\"false\" Priority=\"9\" QFormat=\"true\" Name=\"heading 3\"/>\n  <w:LsdException Locked=\"false\" Priority=\"9\" QFormat=\"true\" Name=\"heading 4\"/>\n  <w:LsdException Locked=\"false\" Priority=\"9\" QFormat=\"true\" Name=\"heading 5\"/>\n  <w:LsdException Locked=\"false\" Priority=\"9\" QFormat=\"true\" Name=\"heading 6\"/>\n  <w:LsdException Locked=\"false\" Priority=\"9\" QFormat=\"true\" Name=\"heading 7\"/>\n  <w:LsdException Locked=\"false\" Priority=\"9\" QFormat=\"true\" Name=\"heading 8\"/>\n  <w:LsdException Locked=\"false\" Priority=\"9\" QFormat=\"true\" Name=\"heading 9\"/>\n  <w:LsdException Locked=\"false\" Priority=\"39\" Name=\"toc 1\"/>\n  <w:LsdException Locked=\"false\" Priority=\"39\" Name=\"toc 2\"/>\n  <w:LsdException Locked=\"false\" Priority=\"39\" Name=\"toc 3\"/>\n  <w:LsdException Locked=\"false\" Priority=\"39\" Name=\"toc 4\"/>\n  <w:LsdException Locked=\"false\" Priority=\"39\" Name=\"toc 5\"/>\n  <w:LsdException Locked=\"false\" Priority=\"39\" Name=\"toc 6\"/>\n  <w:LsdException Locked=\"false\" Priority=\"39\" Name=\"toc 7\"/>\n  <w:LsdException Locked=\"false\" Priority=\"39\" Name=\"toc 8\"/>\n  <w:LsdException Locked=\"false\" Priority=\"39\" Name=\"toc 9\"/>\n  <w:LsdException Locked=\"false\" Priority=\"35\" QFormat=\"true\" Name=\"caption\"/>\n  <w:LsdException Locked=\"false\" Priority=\"10\" SemiHidden=\"false\"\n   UnhideWhenUsed=\"false\" QFormat=\"true\" Name=\"Title\"/>\n  <w:LsdException Locked=\"false\" Priority=\"1\" Name=\"Default Paragraph Font\"/>\n  <w:LsdException Locked=\"false\" Priority=\"11\" SemiHidden=\"false\"\n   UnhideWhenUsed=\"false\" QFormat=\"true\" Name=\"Subtitle\"/>\n  <w:LsdException Locked=\"false\" Priority=\"22\" SemiHidden=\"false\"\n   UnhideWhenUsed=\"false\" QFormat=\"true\" Name=\"Strong\"/>\n  <w:LsdException Locked=\"false\" Priority=\"20\" SemiHidden=\"false\"\n   UnhideWhenUsed=\"false\" QFormat=\"true\" Name=\"Emphasis\"/>\n  <w:LsdException Locked=\"false\" Priority=\"59\" SemiHidden=\"false\"\n   UnhideWhenUsed=\"false\" Name=\"Table Grid\"/>\n  <w:LsdException Locked=\"false\" UnhideWhenUsed=\"false\" Name=\"Placeholder Text\"/>\n  <w:LsdException Locked=\"false\" Priority=\"1\" SemiHidden=\"false\"\n   UnhideWhenUsed=\"false\" QFormat=\"true\" Name=\"No Spacing\"/>\n  <w:LsdException Locked=\"false\" Priority=\"60\" SemiHidden=\"false\"\n   UnhideWhenUsed=\"false\" Name=\"Light Shading\"/>\n  <w:LsdException Locked=\"false\" Priority=\"61\" SemiHidden=\"false\"\n   UnhideWhenUsed=\"false\" Name=\"Light List\"/>\n  <w:LsdException Locked=\"false\" Priority=\"62\" SemiHidden=\"false\"\n   UnhideWhenUsed=\"false\" Name=\"Light Grid\"/>\n  <w:LsdException Locked=\"false\" Priority=\"63\" SemiHidden=\"false\"\n   UnhideWhenUsed=\"false\" Name=\"Medium Shading 1\"/>\n  <w:LsdException Locked=\"false\" Priority=\"64\" SemiHidden=\"false\"\n   UnhideWhenUsed=\"false\" Name=\"Medium Shading 2\"/>\n  <w:LsdException Locked=\"false\" Priority=\"65\" SemiHidden=\"false\"\n   UnhideWhenUsed=\"false\" Name=\"Medium List 1\"/>\n  <w:LsdException Locked=\"false\" Priority=\"66\" SemiHidden=\"false\"\n   UnhideWhenUsed=\"false\" Name=\"Medium List 2\"/>\n  <w:LsdException Locked=\"false\" Priority=\"67\" SemiHidden=\"false\"\n   UnhideWhenUsed=\"false\" Name=\"Medium Grid 1\"/>\n  <w:LsdException Locked=\"false\" Priority=\"68\" SemiHidden=\"false\"\n   UnhideWhenUsed=\"false\" Name=\"Medium Grid 2\"/>\n  <w:LsdException Locked=\"false\" Priority=\"69\" SemiHidden=\"false\"\n   UnhideWhenUsed=\"false\" Name=\"Medium Grid 3\"/>\n  <w:LsdException Locked=\"false\" Priority=\"70\" SemiHidden=\"false\"\n   UnhideWhenUsed=\"false\" Name=\"Dark List\"/>\n  <w:LsdException Locked=\"false\" Priority=\"71\" SemiHidden=\"false\"\n   UnhideWhenUsed=\"false\" Name=\"Colorful Shading\"/>\n  <w:LsdException Locked=\"false\" Priority=\"72\" SemiHidden=\"false\"\n   UnhideWhenUsed=\"false\" Name=\"Colorful List\"/>\n  <w:LsdException Locked=\"false\" Priority=\"73\" SemiHidden=\"false\"\n   UnhideWhenUsed=\"false\" Name=\"Colorful Grid\"/>\n  <w:LsdException Locked=\"false\" Priority=\"60\" SemiHidden=\"false\"\n   UnhideWhenUsed=\"false\" Name=\"Light Shading Accent 1\"/>\n  <w:LsdException Locked=\"false\" Priority=\"61\" SemiHidden=\"false\"\n   UnhideWhenUsed=\"false\" Name=\"Light List Accent 1\"/>\n  <w:LsdException Locked=\"false\" Priority=\"62\" SemiHidden=\"false\"\n   UnhideWhenUsed=\"false\" Name=\"Light Grid Accent 1\"/>\n  <w:LsdException Locked=\"false\" Priority=\"63\" SemiHidden=\"false\"\n   UnhideWhenUsed=\"false\" Name=\"Medium Shading 1 Accent 1\"/>\n  <w:LsdException Locked=\"false\" Priority=\"64\" SemiHidden=\"false\"\n   UnhideWhenUsed=\"false\" Name=\"Medium Shading 2 Accent 1\"/>\n  <w:LsdException Locked=\"false\" Priority=\"65\" SemiHidden=\"false\"\n   UnhideWhenUsed=\"false\" Name=\"Medium List 1 Accent 1\"/>\n  <w:LsdException Locked=\"false\" UnhideWhenUsed=\"false\" Name=\"Revision\"/>\n  <w:LsdException Locked=\"false\" Priority=\"34\" SemiHidden=\"false\"\n   UnhideWhenUsed=\"false\" QFormat=\"true\" Name=\"List Paragraph\"/>\n  <w:LsdException Locked=\"false\" Priority=\"29\" SemiHidden=\"false\"\n   UnhideWhenUsed=\"false\" QFormat=\"true\" Name=\"Quote\"/>\n  <w:LsdException Locked=\"false\" Priority=\"30\" SemiHidden=\"false\"\n   UnhideWhenUsed=\"false\" QFormat=\"true\" Name=\"Intense Quote\"/>\n  <w:LsdException Locked=\"false\" Priority=\"66\" SemiHidden=\"false\"\n   UnhideWhenUsed=\"false\" Name=\"Medium List 2 Accent 1\"/>\n  <w:LsdException Locked=\"false\" Priority=\"67\" SemiHidden=\"false\"\n   UnhideWhenUsed=\"false\" Name=\"Medium Grid 1 Accent 1\"/>\n  <w:LsdException Locked=\"false\" Priority=\"68\" SemiHidden=\"false\"\n   UnhideWhenUsed=\"false\" Name=\"Medium Grid 2 Accent 1\"/>\n  <w:LsdException Locked=\"false\" Priority=\"69\" SemiHidden=\"false\"\n   UnhideWhenUsed=\"false\" Name=\"Medium Grid 3 Accent 1\"/>\n  <w:LsdException Locked=\"false\" Priority=\"70\" SemiHidden=\"false\"\n   UnhideWhenUsed=\"false\" Name=\"Dark List Accent 1\"/>\n  <w:LsdException Locked=\"false\" Priority=\"71\" SemiHidden=\"false\"\n   UnhideWhenUsed=\"false\" Name=\"Colorful Shading Accent 1\"/>\n  <w:LsdException Locked=\"false\" Priority=\"72\" SemiHidden=\"false\"\n   UnhideWhenUsed=\"false\" Name=\"Colorful List Accent 1\"/>\n  <w:LsdException Locked=\"false\" Priority=\"73\" SemiHidden=\"false\"\n   UnhideWhenUsed=\"false\" Name=\"Colorful Grid Accent 1\"/>\n  <w:LsdException Locked=\"false\" Priority=\"60\" SemiHidden=\"false\"\n   UnhideWhenUsed=\"false\" Name=\"Light Shading Accent 2\"/>\n  <w:LsdException Locked=\"false\" Priority=\"61\" SemiHidden=\"false\"\n   UnhideWhenUsed=\"false\" Name=\"Light List Accent 2\"/>\n  <w:LsdException Locked=\"false\" Priority=\"62\" SemiHidden=\"false\"\n   UnhideWhenUsed=\"false\" Name=\"Light Grid Accent 2\"/>\n  <w:LsdException Locked=\"false\" Priority=\"63\" SemiHidden=\"false\"\n   UnhideWhenUsed=\"false\" Name=\"Medium Shading 1 Accent 2\"/>\n  <w:LsdException Locked=\"false\" Priority=\"64\" SemiHidden=\"false\"\n   UnhideWhenUsed=\"false\" Name=\"Medium Shading 2 Accent 2\"/>\n  <w:LsdException Locked=\"false\" Priority=\"65\" SemiHidden=\"false\"\n   UnhideWhenUsed=\"false\" Name=\"Medium List 1 Accent 2\"/>\n  <w:LsdException Locked=\"false\" Priority=\"66\" SemiHidden=\"false\"\n   UnhideWhenUsed=\"false\" Name=\"Medium List 2 Accent 2\"/>\n  <w:LsdException Locked=\"false\" Priority=\"67\" SemiHidden=\"false\"\n   UnhideWhenUsed=\"false\" Name=\"Medium Grid 1 Accent 2\"/>\n  <w:LsdException Locked=\"false\" Priority=\"68\" SemiHidden=\"false\"\n   UnhideWhenUsed=\"false\" Name=\"Medium Grid 2 Accent 2\"/>\n  <w:LsdException Locked=\"false\" Priority=\"69\" SemiHidden=\"false\"\n   UnhideWhenUsed=\"false\" Name=\"Medium Grid 3 Accent 2\"/>\n  <w:LsdException Locked=\"false\" Priority=\"70\" SemiHidden=\"false\"\n   UnhideWhenUsed=\"false\" Name=\"Dark List Accent 2\"/>\n  <w:LsdException Locked=\"false\" Priority=\"71\" SemiHidden=\"false\"\n   UnhideWhenUsed=\"false\" Name=\"Colorful Shading Accent 2\"/>\n  <w:LsdException Locked=\"false\" Priority=\"72\" SemiHidden=\"false\"\n   UnhideWhenUsed=\"false\" Name=\"Colorful List Accent 2\"/>\n  <w:LsdException Locked=\"false\" Priority=\"73\" SemiHidden=\"false\"\n   UnhideWhenUsed=\"false\" Name=\"Colorful Grid Accent 2\"/>\n  <w:LsdException Locked=\"false\" Priority=\"60\" SemiHidden=\"false\"\n   UnhideWhenUsed=\"false\" Name=\"Light Shading Accent 3\"/>\n  <w:LsdException Locked=\"false\" Priority=\"61\" SemiHidden=\"false\"\n   UnhideWhenUsed=\"false\" Name=\"Light List Accent 3\"/>\n  <w:LsdException Locked=\"false\" Priority=\"62\" SemiHidden=\"false\"\n   UnhideWhenUsed=\"false\" Name=\"Light Grid Accent 3\"/>\n  <w:LsdException Locked=\"false\" Priority=\"63\" SemiHidden=\"false\"\n   UnhideWhenUsed=\"false\" Name=\"Medium Shading 1 Accent 3\"/>\n  <w:LsdException Locked=\"false\" Priority=\"64\" SemiHidden=\"false\"\n   UnhideWhenUsed=\"false\" Name=\"Medium Shading 2 Accent 3\"/>\n  <w:LsdException Locked=\"false\" Priority=\"65\" SemiHidden=\"false\"\n   UnhideWhenUsed=\"false\" Name=\"Medium List 1 Accent 3\"/>\n  <w:LsdException Locked=\"false\" Priority=\"66\" SemiHidden=\"false\"\n   UnhideWhenUsed=\"false\" Name=\"Medium List 2 Accent 3\"/>\n  <w:LsdException Locked=\"false\" Priority=\"67\" SemiHidden=\"false\"\n   UnhideWhenUsed=\"false\" Name=\"Medium Grid 1 Accent 3\"/>\n  <w:LsdException Locked=\"false\" Priority=\"68\" SemiHidden=\"false\"\n   UnhideWhenUsed=\"false\" Name=\"Medium Grid 2 Accent 3\"/>\n  <w:LsdException Locked=\"false\" Priority=\"69\" SemiHidden=\"false\"\n   UnhideWhenUsed=\"false\" Name=\"Medium Grid 3 Accent 3\"/>\n  <w:LsdException Locked=\"false\" Priority=\"70\" SemiHidden=\"false\"\n   UnhideWhenUsed=\"false\" Name=\"Dark List Accent 3\"/>\n  <w:LsdException Locked=\"false\" Priority=\"71\" SemiHidden=\"false\"\n   UnhideWhenUsed=\"false\" Name=\"Colorful Shading Accent 3\"/>\n  <w:LsdException Locked=\"false\" Priority=\"72\" SemiHidden=\"false\"\n   UnhideWhenUsed=\"false\" Name=\"Colorful List Accent 3\"/>\n  <w:LsdException Locked=\"false\" Priority=\"73\" SemiHidden=\"false\"\n   UnhideWhenUsed=\"false\" Name=\"Colorful Grid Accent 3\"/>\n  <w:LsdException Locked=\"false\" Priority=\"60\" SemiHidden=\"false\"\n   UnhideWhenUsed=\"false\" Name=\"Light Shading Accent 4\"/>\n  <w:LsdException Locked=\"false\" Priority=\"61\" SemiHidden=\"false\"\n   UnhideWhenUsed=\"false\" Name=\"Light List Accent 4\"/>\n  <w:LsdException Locked=\"false\" Priority=\"62\" SemiHidden=\"false\"\n   UnhideWhenUsed=\"false\" Name=\"Light Grid Accent 4\"/>\n  <w:LsdException Locked=\"false\" Priority=\"63\" SemiHidden=\"false\"\n   UnhideWhenUsed=\"false\" Name=\"Medium Shading 1 Accent 4\"/>\n  <w:LsdException Locked=\"false\" Priority=\"64\" SemiHidden=\"false\"\n   UnhideWhenUsed=\"false\" Name=\"Medium Shading 2 Accent 4\"/>\n  <w:LsdException Locked=\"false\" Priority=\"65\" SemiHidden=\"false\"\n   UnhideWhenUsed=\"false\" Name=\"Medium List 1 Accent 4\"/>\n  <w:LsdException Locked=\"false\" Priority=\"66\" SemiHidden=\"false\"\n   UnhideWhenUsed=\"false\" Name=\"Medium List 2 Accent 4\"/>\n  <w:LsdException Locked=\"false\" Priority=\"67\" SemiHidden=\"false\"\n   UnhideWhenUsed=\"false\" Name=\"Medium Grid 1 Accent 4\"/>\n  <w:LsdException Locked=\"false\" Priority=\"68\" SemiHidden=\"false\"\n   UnhideWhenUsed=\"false\" Name=\"Medium Grid 2 Accent 4\"/>\n  <w:LsdException Locked=\"false\" Priority=\"69\" SemiHidden=\"false\"\n   UnhideWhenUsed=\"false\" Name=\"Medium Grid 3 Accent 4\"/>\n  <w:LsdException Locked=\"false\" Priority=\"70\" SemiHidden=\"false\"\n   UnhideWhenUsed=\"false\" Name=\"Dark List Accent 4\"/>\n  <w:LsdException Locked=\"false\" Priority=\"71\" SemiHidden=\"false\"\n   UnhideWhenUsed=\"false\" Name=\"Colorful Shading Accent 4\"/>\n  <w:LsdException Locked=\"false\" Priority=\"72\" SemiHidden=\"false\"\n   UnhideWhenUsed=\"false\" Name=\"Colorful List Accent 4\"/>\n  <w:LsdException Locked=\"false\" Priority=\"73\" SemiHidden=\"false\"\n   UnhideWhenUsed=\"false\" Name=\"Colorful Grid Accent 4\"/>\n  <w:LsdException Locked=\"false\" Priority=\"60\" SemiHidden=\"false\"\n   UnhideWhenUsed=\"false\" Name=\"Light Shading Accent 5\"/>\n  <w:LsdException Locked=\"false\" Priority=\"61\" SemiHidden=\"false\"\n   UnhideWhenUsed=\"false\" Name=\"Light List Accent 5\"/>\n  <w:LsdException Locked=\"false\" Priority=\"62\" SemiHidden=\"false\"\n   UnhideWhenUsed=\"false\" Name=\"Light Grid Accent 5\"/>\n  <w:LsdException Locked=\"false\" Priority=\"63\" SemiHidden=\"false\"\n   UnhideWhenUsed=\"false\" Name=\"Medium Shading 1 Accent 5\"/>\n  <w:LsdException Locked=\"false\" Priority=\"64\" SemiHidden=\"false\"\n   UnhideWhenUsed=\"false\" Name=\"Medium Shading 2 Accent 5\"/>\n  <w:LsdException Locked=\"false\" Priority=\"65\" SemiHidden=\"false\"\n   UnhideWhenUsed=\"false\" Name=\"Medium List 1 Accent 5\"/>\n  <w:LsdException Locked=\"false\" Priority=\"66\" SemiHidden=\"false\"\n   UnhideWhenUsed=\"false\" Name=\"Medium List 2 Accent 5\"/>\n  <w:LsdException Locked=\"false\" Priority=\"67\" SemiHidden=\"false\"\n   UnhideWhenUsed=\"false\" Name=\"Medium Grid 1 Accent 5\"/>\n  <w:LsdException Locked=\"false\" Priority=\"68\" SemiHidden=\"false\"\n   UnhideWhenUsed=\"false\" Name=\"Medium Grid 2 Accent 5\"/>\n  <w:LsdException Locked=\"false\" Priority=\"69\" SemiHidden=\"false\"\n   UnhideWhenUsed=\"false\" Name=\"Medium Grid 3 Accent 5\"/>\n  <w:LsdException Locked=\"false\" Priority=\"70\" SemiHidden=\"false\"\n   UnhideWhenUsed=\"false\" Name=\"Dark List Accent 5\"/>\n  <w:LsdException Locked=\"false\" Priority=\"71\" SemiHidden=\"false\"\n   UnhideWhenUsed=\"false\" Name=\"Colorful Shading Accent 5\"/>\n  <w:LsdException Locked=\"false\" Priority=\"72\" SemiHidden=\"false\"\n   UnhideWhenUsed=\"false\" Name=\"Colorful List Accent 5\"/>\n  <w:LsdException Locked=\"false\" Priority=\"73\" SemiHidden=\"false\"\n   UnhideWhenUsed=\"false\" Name=\"Colorful Grid Accent 5\"/>\n  <w:LsdException Locked=\"false\" Priority=\"60\" SemiHidden=\"false\"\n   UnhideWhenUsed=\"false\" Name=\"Light Shading Accent 6\"/>\n  <w:LsdException Locked=\"false\" Priority=\"61\" SemiHidden=\"false\"\n   UnhideWhenUsed=\"false\" Name=\"Light List Accent 6\"/>\n  <w:LsdException Locked=\"false\" Priority=\"62\" SemiHidden=\"false\"\n   UnhideWhenUsed=\"false\" Name=\"Light Grid Accent 6\"/>\n  <w:LsdException Locked=\"false\" Priority=\"63\" SemiHidden=\"false\"\n   UnhideWhenUsed=\"false\" Name=\"Medium Shading 1 Accent 6\"/>\n  <w:LsdException Locked=\"false\" Priority=\"64\" SemiHidden=\"false\"\n   UnhideWhenUsed=\"false\" Name=\"Medium Shading 2 Accent 6\"/>\n  <w:LsdException Locked=\"false\" Priority=\"65\" SemiHidden=\"false\"\n   UnhideWhenUsed=\"false\" Name=\"Medium List 1 Accent 6\"/>\n  <w:LsdException Locked=\"false\" Priority=\"66\" SemiHidden=\"false\"\n   UnhideWhenUsed=\"false\" Name=\"Medium List 2 Accent 6\"/>\n  <w:LsdException Locked=\"false\" Priority=\"67\" SemiHidden=\"false\"\n   UnhideWhenUsed=\"false\" Name=\"Medium Grid 1 Accent 6\"/>\n  <w:LsdException Locked=\"false\" Priority=\"68\" SemiHidden=\"false\"\n   UnhideWhenUsed=\"false\" Name=\"Medium Grid 2 Accent 6\"/>\n  <w:LsdException Locked=\"false\" Priority=\"69\" SemiHidden=\"false\"\n   UnhideWhenUsed=\"false\" Name=\"Medium Grid 3 Accent 6\"/>\n  <w:LsdException Locked=\"false\" Priority=\"70\" SemiHidden=\"false\"\n   UnhideWhenUsed=\"false\" Name=\"Dark List Accent 6\"/>\n  <w:LsdException Locked=\"false\" Priority=\"71\" SemiHidden=\"false\"\n   UnhideWhenUsed=\"false\" Name=\"Colorful Shading Accent 6\"/>\n  <w:LsdException Locked=\"false\" Priority=\"72\" SemiHidden=\"false\"\n   UnhideWhenUsed=\"false\" Name=\"Colorful List Accent 6\"/>\n  <w:LsdException Locked=\"false\" Priority=\"73\" SemiHidden=\"false\"\n   UnhideWhenUsed=\"false\" Name=\"Colorful Grid Accent 6\"/>\n  <w:LsdException Locked=\"false\" Priority=\"19\" SemiHidden=\"false\"\n   UnhideWhenUsed=\"false\" QFormat=\"true\" Name=\"Subtle Emphasis\"/>\n  <w:LsdException Locked=\"false\" Priority=\"21\" SemiHidden=\"false\"\n   UnhideWhenUsed=\"false\" QFormat=\"true\" Name=\"Intense Emphasis\"/>\n  <w:LsdException Locked=\"false\" Priority=\"31\" SemiHidden=\"false\"\n   UnhideWhenUsed=\"false\" QFormat=\"true\" Name=\"Subtle Reference\"/>\n  <w:LsdException Locked=\"false\" Priority=\"32\" SemiHidden=\"false\"\n   UnhideWhenUsed=\"false\" QFormat=\"true\" Name=\"Intense Reference\"/>\n  <w:LsdException Locked=\"false\" Priority=\"33\" SemiHidden=\"false\"\n   UnhideWhenUsed=\"false\" QFormat=\"true\" Name=\"Book Title\"/>\n  <w:LsdException Locked=\"false\" Priority=\"37\" Name=\"Bibliography\"/>\n  <w:LsdException Locked=\"false\" Priority=\"39\" QFormat=\"true\" Name=\"TOC Heading\"/>\n </w:LatentStyles>\n</xml><![endif]-->\n<style>\n<!--\n /* Font Definitions */\n @font-face\n	{font-family:宋体;\n	panose-1:2 1 6 0 3 1 1 1 1 1;\n	mso-font-alt:SimSun;\n	mso-font-charset:134;\n	mso-generic-font-family:auto;\n	mso-font-pitch:variable;\n	mso-font-signature:3 680460288 22 0 262145 0;}\n@font-face\n	{font-family:宋体;\n	panose-1:2 1 6 0 3 1 1 1 1 1;\n	mso-font-alt:SimSun;\n	mso-font-charset:134;\n	mso-generic-font-family:auto;\n	mso-font-pitch:variable;\n	mso-font-signature:3 680460288 22 0 262145 0;}\n@font-face\n	{font-family:Calibri;\n	panose-1:2 15 5 2 2 2 4 3 2 4;\n	mso-font-charset:0;\n	mso-generic-font-family:swiss;\n	mso-font-pitch:variable;\n	mso-font-signature:-520092929 1073786111 9 0 415 0;}\n@font-face\n	{font-family:\"\\@宋体\";\n	panose-1:2 1 6 0 3 1 1 1 1 1;\n	mso-font-charset:134;\n	mso-generic-font-family:auto;\n	mso-font-pitch:variable;\n	mso-font-signature:3 680460288 22 0 262145 0;}\n /* Style Definitions */\n p.MsoNormal, li.MsoNormal, div.MsoNormal\n	{mso-style-unhide:no;\n	mso-style-qformat:yes;\n	mso-style-parent:\"\";\n	margin:0cm;\n	margin-bottom:.0001pt;\n	text-align:justify;\n	text-justify:inter-ideograph;\n	mso-pagination:none;\n	font-size:10.5pt;\n	mso-bidi-font-size:11.0pt;\n	font-family:\"Calibri\",\"sans-serif\";\n	mso-ascii-font-family:Calibri;\n	mso-ascii-theme-font:minor-latin;\n	mso-fareast-font-family:宋体;\n	mso-fareast-theme-font:minor-fareast;\n	mso-hansi-font-family:Calibri;\n	mso-hansi-theme-font:minor-latin;\n	mso-bidi-font-family:\"Times New Roman\";\n	mso-bidi-theme-font:minor-bidi;\n	mso-font-kerning:1.0pt;}\np\n	{mso-style-priority:99;\n	mso-margin-top-alt:auto;\n	margin-right:0cm;\n	mso-margin-bottom-alt:auto;\n	margin-left:0cm;\n	mso-pagination:widow-orphan;\n	font-size:12.0pt;\n	font-family:宋体;\n	mso-bidi-font-family:宋体;}\n.MsoChpDefault\n	{mso-style-type:export-only;\n	mso-default-props:yes;\n	font-family:\"Calibri\",\"sans-serif\";\n	mso-bidi-font-family:\"Times New Roman\";\n	mso-bidi-theme-font:minor-bidi;}\n /* Page Definitions */\n @page\n	{mso-page-border-surround-header:no;\n	mso-page-border-surround-footer:no;}\n@page WordSection1\n	{size:612.0pt 792.0pt;\n	margin:72.0pt 90.0pt 72.0pt 90.0pt;\n	mso-header-margin:36.0pt;\n	mso-footer-margin:36.0pt;\n	mso-paper-source:0;}\ndiv.WordSection1\n	{page:WordSection1;}\n /* List Definitions */\n @list l0\n	{mso-list-id:1392341308;\n	mso-list-template-ids:-920851326;}\nol\n	{margin-bottom:0cm;}\nul\n	{margin-bottom:0cm;}\n-->\n</style>\n<!--[if gte mso 10]>\n<style>\n /* Style Definitions */\n table.MsoNormalTable\n	{mso-style-name:普通表格;\n	mso-tstyle-rowband-size:0;\n	mso-tstyle-colband-size:0;\n	mso-style-noshow:yes;\n	mso-style-priority:99;\n	mso-style-parent:\"\";\n	mso-padding-alt:0cm 5.4pt 0cm 5.4pt;\n	mso-para-margin:0cm;\n	mso-para-margin-bottom:.0001pt;\n	mso-pagination:widow-orphan;\n	font-size:10.5pt;\n	mso-bidi-font-size:11.0pt;\n	font-family:\"Calibri\",\"sans-serif\";\n	mso-ascii-font-family:Calibri;\n	mso-ascii-theme-font:minor-latin;\n	mso-hansi-font-family:Calibri;\n	mso-hansi-theme-font:minor-latin;\n	mso-bidi-font-family:\"Times New Roman\";\n	mso-bidi-theme-font:minor-bidi;\n	mso-font-kerning:1.0pt;}\n</style>\n<![endif]-->\n\n\n\n\n\n\n\n\n\n\n\n\n\n\n\n\n\n\n\n\n\n</p><p style=\"margin: 0cm 0cm 12pt 30pt; text-align: justify; text-indent: -18pt; background-image: initial; background-position: initial; background-size: initial; background-repeat: initial; background-attachment: initial; background-origin: initial; background-clip: initial;\"><!--[if !supportLists]--><span lang=\"EN-US\" style=\"font-size:11.0pt;mso-ascii-font-family:宋体;mso-ascii-theme-font:\nminor-fareast;mso-fareast-font-family:宋体;mso-fareast-theme-font:minor-fareast;\nmso-hansi-font-family:宋体;mso-hansi-theme-font:minor-fareast;mso-bidi-font-family:\n宋体;mso-bidi-theme-font:minor-fareast\">9.<span times=\"\" new=\"\" roman\"\'=\"\">&nbsp; </span></span><!--[endif]--><span style=\"font-size:11.0pt;mso-ascii-font-family:宋体;mso-ascii-theme-font:minor-fareast;\nmso-fareast-font-family:宋体;mso-fareast-theme-font:minor-fareast;mso-hansi-font-family:\n宋体;mso-hansi-theme-font:minor-fareast;mso-bidi-font-family:&quot;Times New Roman&quot;;\nmso-bidi-theme-font:minor-bidi\">风格兼容性<span lang=\"EN-US\">&nbsp;<br>\n9.1 </span>对于移植的或者开源的代码，可以沿用原有风格，不用<span lang=\"EN-US\">C++</span>的命名规范。<span lang=\"EN-US\"><o:p></o:p></span></span></p>','',1,7,'2018-07-12 09:58:14.255606',1),(18,'C++文件排版方面','<p style=\"margin-top:0cm;margin-right:0cm;margin-bottom:12.0pt;margin-left:\n30.0pt;text-align:justify;text-justify:inter-ideograph;text-indent:-18.0pt;\nmso-list:l0 level1 lfo1;tab-stops:list 36.0pt;background:white\"><!--[if !supportLists]--><span lang=\"EN-US\" style=\"font-size:11.0pt;mso-ascii-font-family:宋体;mso-ascii-theme-font:\nminor-fareast;mso-fareast-font-family:宋体;mso-fareast-theme-font:minor-fareast;\nmso-hansi-font-family:宋体;mso-hansi-theme-font:minor-fareast;mso-bidi-font-family:\n宋体;mso-bidi-theme-font:minor-fareast\"><span>1.<span times=\"\" new=\"\" roman\"\'=\"\">&nbsp; </span></span></span><!--[endif]--><span style=\"font-size:11.0pt;mso-ascii-font-family:宋体;mso-ascii-theme-font:minor-fareast;\nmso-fareast-font-family:宋体;mso-fareast-theme-font:minor-fareast;mso-hansi-font-family:\n宋体;mso-hansi-theme-font:minor-fareast;mso-bidi-font-family:&quot;Times New Roman&quot;;\nmso-bidi-theme-font:minor-bidi\">包含头文件<span lang=\"EN-US\">&nbsp;<br>\n1.1 </span>先系统头文件，后用户头文件。<span lang=\"EN-US\">&nbsp;<br>\n1.2 </span>系统头文件，稳定的目录结构，应采用包含子路径方式。<span lang=\"EN-US\">&nbsp;<br>\n1.3 </span>自定义头文件，不稳定目录结构，应在<span lang=\"EN-US\">dsp</span>中指定包含路径。<span lang=\"EN-US\">&nbsp;<br>\n1.4 </span>系统头文件应用：</span><span lang=\"EN-USTimes\" new=\"\" roman\";=\"\" mso-bidi-theme-font:minor-bidi\'=\"\">#include &lt;xxx.h&gt;</span><span lang=\"EN-US\" style=\"font-size:11.0pt;mso-ascii-font-family:宋体;mso-ascii-theme-font:minor-fareast;\nmso-fareast-font-family:宋体;mso-fareast-theme-font:minor-fareast;mso-hansi-font-family:\n宋体;mso-hansi-theme-font:minor-fareast;mso-bidi-font-family:&quot;Times New Roman&quot;;\nmso-bidi-theme-font:minor-bidi\">&nbsp;<br>\n1.5 </span><span style=\"font-size:11.0pt;mso-ascii-font-family:宋体;mso-ascii-theme-font:\nminor-fareast;mso-fareast-font-family:宋体;mso-fareast-theme-font:minor-fareast;\nmso-hansi-font-family:宋体;mso-hansi-theme-font:minor-fareast;mso-bidi-font-family:\n&quot;Times New Roman&quot;;mso-bidi-theme-font:minor-bidi\">自定义同文件应用：</span><span lang=\"EN-USTimes\" new=\"\" roman\";mso-bidi-theme-font:=\"\" minor-bidi\'=\"\">#include \"xxx.h\"</span><span lang=\"EN-US\" style=\"font-size:\n11.0pt;mso-ascii-font-family:宋体;mso-ascii-theme-font:minor-fareast;mso-fareast-font-family:\n宋体;mso-fareast-theme-font:minor-fareast;mso-hansi-font-family:宋体;mso-hansi-theme-font:\nminor-fareast;mso-bidi-font-family:&quot;Times New Roman&quot;;mso-bidi-theme-font:minor-bidi\">&nbsp;<br>\n1.6 </span><span style=\"font-size:11.0pt;mso-ascii-font-family:宋体;mso-ascii-theme-font:\nminor-fareast;mso-fareast-font-family:宋体;mso-fareast-theme-font:minor-fareast;\nmso-hansi-font-family:宋体;mso-hansi-theme-font:minor-fareast;mso-bidi-font-family:\n&quot;Times New Roman&quot;;mso-bidi-theme-font:minor-bidi\">只引用需要的头文件。<span lang=\"EN-US\"><o:p></o:p></span></span></p><p style=\"margin-top:0cm;margin-right:0cm;margin-bottom:12.0pt;margin-left:\n30.0pt;text-align:justify;text-justify:inter-ideograph;text-indent:-18.0pt;\nmso-list:l0 level1 lfo1;tab-stops:list 36.0pt;background:white\"><!--[if !supportLists]--><span lang=\"EN-US\" style=\"font-size:11.0pt;mso-ascii-font-family:宋体;mso-ascii-theme-font:\nminor-fareast;mso-fareast-font-family:宋体;mso-fareast-theme-font:minor-fareast;\nmso-hansi-font-family:宋体;mso-hansi-theme-font:minor-fareast;mso-bidi-font-family:\n宋体;mso-bidi-theme-font:minor-fareast\"><span>2.<span times=\"\" new=\"\" roman\"\'=\"\">&nbsp; </span></span></span><!--[endif]--><span lang=\"EN-US\" style=\"font-size:11.0pt;mso-ascii-font-family:宋体;mso-ascii-theme-font:\nminor-fareast;mso-fareast-font-family:宋体;mso-fareast-theme-font:minor-fareast;\nmso-hansi-font-family:宋体;mso-hansi-theme-font:minor-fareast;mso-bidi-font-family:\n&quot;Times New Roman&quot;;mso-bidi-theme-font:minor-bidi\">h</span><span style=\"font-size:11.0pt;mso-ascii-font-family:宋体;mso-ascii-theme-font:minor-fareast;\nmso-fareast-font-family:宋体;mso-fareast-theme-font:minor-fareast;mso-hansi-font-family:\n宋体;mso-hansi-theme-font:minor-fareast;mso-bidi-font-family:&quot;Times New Roman&quot;;\nmso-bidi-theme-font:minor-bidi\">和<span lang=\"EN-US\">cpp</span>文件<span lang=\"EN-US\">&nbsp;<br>\n2.1 </span>头文件命名为</span><span lang=\"EN-USTimes\" new=\"\" roman\";=\"\" mso-bidi-theme-font:minor-bidi\'=\"\">*.h</span><span style=\"font-size:11.0pt;\nmso-ascii-font-family:宋体;mso-ascii-theme-font:minor-fareast;mso-fareast-font-family:\n宋体;mso-fareast-theme-font:minor-fareast;mso-hansi-font-family:宋体;mso-hansi-theme-font:\nminor-fareast;mso-bidi-font-family:&quot;Times New Roman&quot;;mso-bidi-theme-font:minor-bidi\">，内联文件命名为</span><span lang=\"EN-USTimes\" new=\"\" roman\";mso-bidi-theme-font:=\"\" minor-bidi\'=\"\">*.inl</span><span style=\"font-size:11.0pt;mso-ascii-font-family:\n宋体;mso-ascii-theme-font:minor-fareast;mso-fareast-font-family:宋体;mso-fareast-theme-font:\nminor-fareast;mso-hansi-font-family:宋体;mso-hansi-theme-font:minor-fareast;\nmso-bidi-font-family:&quot;Times New Roman&quot;;mso-bidi-theme-font:minor-bidi\">；<span lang=\"EN-US\">C++</span>文件命名为</span><span lang=\"EN-US\" style=\"mso-bidi-font-family:\n&quot;Times New Roman&quot;;mso-bidi-theme-font:minor-bidi\">*.cpp</span><span lang=\"EN-US\" style=\"font-size:11.0pt;mso-ascii-font-family:宋体;mso-ascii-theme-font:minor-fareast;\nmso-fareast-font-family:宋体;mso-fareast-theme-font:minor-fareast;mso-hansi-font-family:\n宋体;mso-hansi-theme-font:minor-fareast;mso-bidi-font-family:&quot;Times New Roman&quot;;\nmso-bidi-theme-font:minor-bidi\">&nbsp;<br>\n2.2 </span><span style=\"font-size:11.0pt;mso-ascii-font-family:宋体;mso-ascii-theme-font:\nminor-fareast;mso-fareast-font-family:宋体;mso-fareast-theme-font:minor-fareast;\nmso-hansi-font-family:宋体;mso-hansi-theme-font:minor-fareast;mso-bidi-font-family:\n&quot;Times New Roman&quot;;mso-bidi-theme-font:minor-bidi\">文件名用大小写混合，或者小写混合。例如</span><span lang=\"EN-USTimes\" new=\"\" roman\";mso-bidi-theme-font:=\"\" minor-bidi\'=\"\">DiyMainView.cpp</span><span style=\"font-size:11.0pt;mso-ascii-font-family:\n宋体;mso-ascii-theme-font:minor-fareast;mso-fareast-font-family:宋体;mso-fareast-theme-font:\nminor-fareast;mso-hansi-font-family:宋体;mso-hansi-theme-font:minor-fareast;\nmso-bidi-font-family:&quot;Times New Roman&quot;;mso-bidi-theme-font:minor-bidi\">，</span><span lang=\"EN-USTimes\" new=\"\" roman\";mso-bidi-theme-font:=\"\" minor-bidi\'=\"\">infoview.cpp</span><span style=\"font-size:11.0pt;mso-ascii-font-family:\n宋体;mso-ascii-theme-font:minor-fareast;mso-fareast-font-family:宋体;mso-fareast-theme-font:\nminor-fareast;mso-hansi-font-family:宋体;mso-hansi-theme-font:minor-fareast;\nmso-bidi-font-family:&quot;Times New Roman&quot;;mso-bidi-theme-font:minor-bidi\">。不要用无意义的名称：例如</span><span lang=\"EN-USTimes\" new=\"\" roman\";mso-bidi-theme-font:=\"\" minor-bidi\'=\"\">XImage.cpp</span><span style=\"font-size:11.0pt;mso-ascii-font-family:\n宋体;mso-ascii-theme-font:minor-fareast;mso-fareast-font-family:宋体;mso-fareast-theme-font:\nminor-fareast;mso-hansi-font-family:宋体;mso-hansi-theme-font:minor-fareast;\nmso-bidi-font-family:&quot;Times New Roman&quot;;mso-bidi-theme-font:minor-bidi\">；</span><span lang=\"EN-USTimes\" new=\"\" roman\";mso-bidi-theme-font:=\"\" minor-bidi\'=\"\">SView.cpp</span><span style=\"font-size:11.0pt;mso-ascii-font-family:\n宋体;mso-ascii-theme-font:minor-fareast;mso-fareast-font-family:宋体;mso-fareast-theme-font:\nminor-fareast;mso-hansi-font-family:宋体;mso-hansi-theme-font:minor-fareast;\nmso-bidi-font-family:&quot;Times New Roman&quot;;mso-bidi-theme-font:minor-bidi\">；</span><span lang=\"EN-USTimes\" new=\"\" roman\";mso-bidi-theme-font:=\"\" minor-bidi\'=\"\">xlog.cpp</span><span style=\"font-size:11.0pt;mso-ascii-font-family:\n宋体;mso-ascii-theme-font:minor-fareast;mso-fareast-font-family:宋体;mso-fareast-theme-font:\nminor-fareast;mso-hansi-font-family:宋体;mso-hansi-theme-font:minor-fareast;\nmso-bidi-font-family:&quot;Times New Roman&quot;;mso-bidi-theme-font:minor-bidi\">；<span lang=\"EN-US\">&nbsp;<br>\n2.3 </span>头文件除了特殊情况，应使用</span><span lang=\"EN-US\" style=\"mso-bidi-font-family:\n&quot;Times New Roman&quot;;mso-bidi-theme-font:minor-bidi\">#ifdef</span><span style=\"font-size:11.0pt;mso-ascii-font-family:宋体;mso-ascii-theme-font:minor-fareast;\nmso-fareast-font-family:宋体;mso-fareast-theme-font:minor-fareast;mso-hansi-font-family:\n宋体;mso-hansi-theme-font:minor-fareast;mso-bidi-font-family:&quot;Times New Roman&quot;;\nmso-bidi-theme-font:minor-bidi\">控制块。<span lang=\"EN-US\">&nbsp;<br>\n2.4 </span>头文件</span><span lang=\"EN-USTimes\" new=\"\" roman\";=\"\" mso-bidi-theme-font:minor-bidi\'=\"\">#endif</span><span style=\"font-size:11.0pt;\nmso-ascii-font-family:宋体;mso-ascii-theme-font:minor-fareast;mso-fareast-font-family:\n宋体;mso-fareast-theme-font:minor-fareast;mso-hansi-font-family:宋体;mso-hansi-theme-font:\nminor-fareast;mso-bidi-font-family:&quot;Times New Roman&quot;;mso-bidi-theme-font:minor-bidi\">应采用行尾注释。<span lang=\"EN-US\">&nbsp;<br>\n2.5 </span>头文件，首先是包含代码块，其次是宏定义代码块，然后是全局变量，全局常量，类型定义，类定义，内联部分。<span lang=\"EN-US\">&nbsp;<br>\n2.6 CPP</span>文件，包含指令，宏定义，全局变量，函数定义。<span lang=\"EN-US\"><o:p></o:p></span></span></p><p style=\"margin-top:0cm;margin-right:0cm;margin-bottom:12.0pt;margin-left:\n30.0pt;text-align:justify;text-justify:inter-ideograph;text-indent:-18.0pt;\nmso-list:l0 level1 lfo1;tab-stops:list 36.0pt;background:white\"><!--[if !supportLists]--><span lang=\"EN-US\" style=\"font-size:11.0pt;mso-ascii-font-family:宋体;mso-ascii-theme-font:\nminor-fareast;mso-fareast-font-family:宋体;mso-fareast-theme-font:minor-fareast;\nmso-hansi-font-family:宋体;mso-hansi-theme-font:minor-fareast;mso-bidi-font-family:\n宋体;mso-bidi-theme-font:minor-fareast\"><span>3.<span times=\"\" new=\"\" roman\"\'=\"\">&nbsp; </span></span></span><!--[endif]--><span style=\"font-size:11.0pt;mso-ascii-font-family:宋体;mso-ascii-theme-font:minor-fareast;\nmso-fareast-font-family:宋体;mso-fareast-theme-font:minor-fareast;mso-hansi-font-family:\n宋体;mso-hansi-theme-font:minor-fareast;mso-bidi-font-family:&quot;Times New Roman&quot;;\nmso-bidi-theme-font:minor-bidi\">文件结构<span lang=\"EN-US\">&nbsp;<br>\n3.1 </span>文件应包含文件头注释和内容。<span lang=\"EN-US\">&nbsp;<br>\n3.2 </span>函数体类体之间原则上用<span lang=\"EN-US\">2</span>个空行，特殊情况下可用一个或者不需要空行。<span lang=\"EN-US\"><o:p></o:p></span></span></p><p>\n<!--[if gte mso 9]><xml>\n <o:OfficeDocumentSettings>\n  <o:AllowPNG/>\n </o:OfficeDocumentSettings>\n</xml><![endif]-->\n\n\n<!--[if gte mso 9]><xml>\n <w:WordDocument>\n  <w:View>Normal</w:View>\n  <w:Zoom>0</w:Zoom>\n  <w:TrackMoves/>\n  <w:TrackFormatting/>\n  <w:PunctuationKerning/>\n  <w:DrawingGridVerticalSpacing>7.8 磅</w:DrawingGridVerticalSpacing>\n  <w:DisplayHorizontalDrawingGridEvery>0</w:DisplayHorizontalDrawingGridEvery>\n  <w:DisplayVerticalDrawingGridEvery>2</w:DisplayVerticalDrawingGridEvery>\n  <w:ValidateAgainstSchemas/>\n  <w:SaveIfXMLInvalid>false</w:SaveIfXMLInvalid>\n  <w:IgnoreMixedContent>false</w:IgnoreMixedContent>\n  <w:AlwaysShowPlaceholderText>false</w:AlwaysShowPlaceholderText>\n  <w:DoNotPromoteQF/>\n  <w:LidThemeOther>EN-US</w:LidThemeOther>\n  <w:LidThemeAsian>ZH-CN</w:LidThemeAsian>\n  <w:LidThemeComplexScript>X-NONE</w:LidThemeComplexScript>\n  <w:Compatibility>\n   <w:SpaceForUL/>\n   <w:BalanceSingleByteDoubleByteWidth/>\n   <w:DoNotLeaveBackslashAlone/>\n   <w:ULTrailSpace/>\n   <w:DoNotExpandShiftReturn/>\n   <w:AdjustLineHeightInTable/>\n   <w:BreakWrappedTables/>\n   <w:SnapToGridInCell/>\n   <w:WrapTextWithPunct/>\n   <w:UseAsianBreakRules/>\n   <w:DontGrowAutofit/>\n   <w:SplitPgBreakAndParaMark/>\n   <w:EnableOpenTypeKerning/>\n   <w:DontFlipMirrorIndents/>\n   <w:OverrideTableStyleHps/>\n   <w:UseFELayout/>\n  </w:Compatibility>\n  <m:mathPr>\n   <m:mathFont m:val=\"Cambria Math\"/>\n   <m:brkBin m:val=\"before\"/>\n   <m:brkBinSub m:val=\"&#45;-\"/>\n   <m:smallFrac m:val=\"off\"/>\n   <m:dispDef/>\n   <m:lMargin m:val=\"0\"/>\n   <m:rMargin m:val=\"0\"/>\n   <m:defJc m:val=\"centerGroup\"/>\n   <m:wrapIndent m:val=\"1440\"/>\n   <m:intLim m:val=\"subSup\"/>\n   <m:naryLim m:val=\"undOvr\"/>\n  </m:mathPr></w:WordDocument>\n</xml><![endif]--><!--[if gte mso 9]><xml>\n <w:LatentStyles DefLockedState=\"false\" DefUnhideWhenUsed=\"true\"\n  DefSemiHidden=\"true\" DefQFormat=\"false\" DefPriority=\"99\"\n  LatentStyleCount=\"267\">\n  <w:LsdException Locked=\"false\" Priority=\"0\" SemiHidden=\"false\"\n   UnhideWhenUsed=\"false\" QFormat=\"true\" Name=\"Normal\"/>\n  <w:LsdException Locked=\"false\" Priority=\"9\" SemiHidden=\"false\"\n   UnhideWhenUsed=\"false\" QFormat=\"true\" Name=\"heading 1\"/>\n  <w:LsdException Locked=\"false\" Priority=\"9\" QFormat=\"true\" Name=\"heading 2\"/>\n  <w:LsdException Locked=\"false\" Priority=\"9\" QFormat=\"true\" Name=\"heading 3\"/>\n  <w:LsdException Locked=\"false\" Priority=\"9\" QFormat=\"true\" Name=\"heading 4\"/>\n  <w:LsdException Locked=\"false\" Priority=\"9\" QFormat=\"true\" Name=\"heading 5\"/>\n  <w:LsdException Locked=\"false\" Priority=\"9\" QFormat=\"true\" Name=\"heading 6\"/>\n  <w:LsdException Locked=\"false\" Priority=\"9\" QFormat=\"true\" Name=\"heading 7\"/>\n  <w:LsdException Locked=\"false\" Priority=\"9\" QFormat=\"true\" Name=\"heading 8\"/>\n  <w:LsdException Locked=\"false\" Priority=\"9\" QFormat=\"true\" Name=\"heading 9\"/>\n  <w:LsdException Locked=\"false\" Priority=\"39\" Name=\"toc 1\"/>\n  <w:LsdException Locked=\"false\" Priority=\"39\" Name=\"toc 2\"/>\n  <w:LsdException Locked=\"false\" Priority=\"39\" Name=\"toc 3\"/>\n  <w:LsdException Locked=\"false\" Priority=\"39\" Name=\"toc 4\"/>\n  <w:LsdException Locked=\"false\" Priority=\"39\" Name=\"toc 5\"/>\n  <w:LsdException Locked=\"false\" Priority=\"39\" Name=\"toc 6\"/>\n  <w:LsdException Locked=\"false\" Priority=\"39\" Name=\"toc 7\"/>\n  <w:LsdException Locked=\"false\" Priority=\"39\" Name=\"toc 8\"/>\n  <w:LsdException Locked=\"false\" Priority=\"39\" Name=\"toc 9\"/>\n  <w:LsdException Locked=\"false\" Priority=\"35\" QFormat=\"true\" Name=\"caption\"/>\n  <w:LsdException Locked=\"false\" Priority=\"10\" SemiHidden=\"false\"\n   UnhideWhenUsed=\"false\" QFormat=\"true\" Name=\"Title\"/>\n  <w:LsdException Locked=\"false\" Priority=\"1\" Name=\"Default Paragraph Font\"/>\n  <w:LsdException Locked=\"false\" Priority=\"11\" SemiHidden=\"false\"\n   UnhideWhenUsed=\"false\" QFormat=\"true\" Name=\"Subtitle\"/>\n  <w:LsdException Locked=\"false\" Priority=\"22\" SemiHidden=\"false\"\n   UnhideWhenUsed=\"false\" QFormat=\"true\" Name=\"Strong\"/>\n  <w:LsdException Locked=\"false\" Priority=\"20\" SemiHidden=\"false\"\n   UnhideWhenUsed=\"false\" QFormat=\"true\" Name=\"Emphasis\"/>\n  <w:LsdException Locked=\"false\" Priority=\"59\" SemiHidden=\"false\"\n   UnhideWhenUsed=\"false\" Name=\"Table Grid\"/>\n  <w:LsdException Locked=\"false\" UnhideWhenUsed=\"false\" Name=\"Placeholder Text\"/>\n  <w:LsdException Locked=\"false\" Priority=\"1\" SemiHidden=\"false\"\n   UnhideWhenUsed=\"false\" QFormat=\"true\" Name=\"No Spacing\"/>\n  <w:LsdException Locked=\"false\" Priority=\"60\" SemiHidden=\"false\"\n   UnhideWhenUsed=\"false\" Name=\"Light Shading\"/>\n  <w:LsdException Locked=\"false\" Priority=\"61\" SemiHidden=\"false\"\n   UnhideWhenUsed=\"false\" Name=\"Light List\"/>\n  <w:LsdException Locked=\"false\" Priority=\"62\" SemiHidden=\"false\"\n   UnhideWhenUsed=\"false\" Name=\"Light Grid\"/>\n  <w:LsdException Locked=\"false\" Priority=\"63\" SemiHidden=\"false\"\n   UnhideWhenUsed=\"false\" Name=\"Medium Shading 1\"/>\n  <w:LsdException Locked=\"false\" Priority=\"64\" SemiHidden=\"false\"\n   UnhideWhenUsed=\"false\" Name=\"Medium Shading 2\"/>\n  <w:LsdException Locked=\"false\" Priority=\"65\" SemiHidden=\"false\"\n   UnhideWhenUsed=\"false\" Name=\"Medium List 1\"/>\n  <w:LsdException Locked=\"false\" Priority=\"66\" SemiHidden=\"false\"\n   UnhideWhenUsed=\"false\" Name=\"Medium List 2\"/>\n  <w:LsdException Locked=\"false\" Priority=\"67\" SemiHidden=\"false\"\n   UnhideWhenUsed=\"false\" Name=\"Medium Grid 1\"/>\n  <w:LsdException Locked=\"false\" Priority=\"68\" SemiHidden=\"false\"\n   UnhideWhenUsed=\"false\" Name=\"Medium Grid 2\"/>\n  <w:LsdException Locked=\"false\" Priority=\"69\" SemiHidden=\"false\"\n   UnhideWhenUsed=\"false\" Name=\"Medium Grid 3\"/>\n  <w:LsdException Locked=\"false\" Priority=\"70\" SemiHidden=\"false\"\n   UnhideWhenUsed=\"false\" Name=\"Dark List\"/>\n  <w:LsdException Locked=\"false\" Priority=\"71\" SemiHidden=\"false\"\n   UnhideWhenUsed=\"false\" Name=\"Colorful Shading\"/>\n  <w:LsdException Locked=\"false\" Priority=\"72\" SemiHidden=\"false\"\n   UnhideWhenUsed=\"false\" Name=\"Colorful List\"/>\n  <w:LsdException Locked=\"false\" Priority=\"73\" SemiHidden=\"false\"\n   UnhideWhenUsed=\"false\" Name=\"Colorful Grid\"/>\n  <w:LsdException Locked=\"false\" Priority=\"60\" SemiHidden=\"false\"\n   UnhideWhenUsed=\"false\" Name=\"Light Shading Accent 1\"/>\n  <w:LsdException Locked=\"false\" Priority=\"61\" SemiHidden=\"false\"\n   UnhideWhenUsed=\"false\" Name=\"Light List Accent 1\"/>\n  <w:LsdException Locked=\"false\" Priority=\"62\" SemiHidden=\"false\"\n   UnhideWhenUsed=\"false\" Name=\"Light Grid Accent 1\"/>\n  <w:LsdException Locked=\"false\" Priority=\"63\" SemiHidden=\"false\"\n   UnhideWhenUsed=\"false\" Name=\"Medium Shading 1 Accent 1\"/>\n  <w:LsdException Locked=\"false\" Priority=\"64\" SemiHidden=\"false\"\n   UnhideWhenUsed=\"false\" Name=\"Medium Shading 2 Accent 1\"/>\n  <w:LsdException Locked=\"false\" Priority=\"65\" SemiHidden=\"false\"\n   UnhideWhenUsed=\"false\" Name=\"Medium List 1 Accent 1\"/>\n  <w:LsdException Locked=\"false\" UnhideWhenUsed=\"false\" Name=\"Revision\"/>\n  <w:LsdException Locked=\"false\" Priority=\"34\" SemiHidden=\"false\"\n   UnhideWhenUsed=\"false\" QFormat=\"true\" Name=\"List Paragraph\"/>\n  <w:LsdException Locked=\"false\" Priority=\"29\" SemiHidden=\"false\"\n   UnhideWhenUsed=\"false\" QFormat=\"true\" Name=\"Quote\"/>\n  <w:LsdException Locked=\"false\" Priority=\"30\" SemiHidden=\"false\"\n   UnhideWhenUsed=\"false\" QFormat=\"true\" Name=\"Intense Quote\"/>\n  <w:LsdException Locked=\"false\" Priority=\"66\" SemiHidden=\"false\"\n   UnhideWhenUsed=\"false\" Name=\"Medium List 2 Accent 1\"/>\n  <w:LsdException Locked=\"false\" Priority=\"67\" SemiHidden=\"false\"\n   UnhideWhenUsed=\"false\" Name=\"Medium Grid 1 Accent 1\"/>\n  <w:LsdException Locked=\"false\" Priority=\"68\" SemiHidden=\"false\"\n   UnhideWhenUsed=\"false\" Name=\"Medium Grid 2 Accent 1\"/>\n  <w:LsdException Locked=\"false\" Priority=\"69\" SemiHidden=\"false\"\n   UnhideWhenUsed=\"false\" Name=\"Medium Grid 3 Accent 1\"/>\n  <w:LsdException Locked=\"false\" Priority=\"70\" SemiHidden=\"false\"\n   UnhideWhenUsed=\"false\" Name=\"Dark List Accent 1\"/>\n  <w:LsdException Locked=\"false\" Priority=\"71\" SemiHidden=\"false\"\n   UnhideWhenUsed=\"false\" Name=\"Colorful Shading Accent 1\"/>\n  <w:LsdException Locked=\"false\" Priority=\"72\" SemiHidden=\"false\"\n   UnhideWhenUsed=\"false\" Name=\"Colorful List Accent 1\"/>\n  <w:LsdException Locked=\"false\" Priority=\"73\" SemiHidden=\"false\"\n   UnhideWhenUsed=\"false\" Name=\"Colorful Grid Accent 1\"/>\n  <w:LsdException Locked=\"false\" Priority=\"60\" SemiHidden=\"false\"\n   UnhideWhenUsed=\"false\" Name=\"Light Shading Accent 2\"/>\n  <w:LsdException Locked=\"false\" Priority=\"61\" SemiHidden=\"false\"\n   UnhideWhenUsed=\"false\" Name=\"Light List Accent 2\"/>\n  <w:LsdException Locked=\"false\" Priority=\"62\" SemiHidden=\"false\"\n   UnhideWhenUsed=\"false\" Name=\"Light Grid Accent 2\"/>\n  <w:LsdException Locked=\"false\" Priority=\"63\" SemiHidden=\"false\"\n   UnhideWhenUsed=\"false\" Name=\"Medium Shading 1 Accent 2\"/>\n  <w:LsdException Locked=\"false\" Priority=\"64\" SemiHidden=\"false\"\n   UnhideWhenUsed=\"false\" Name=\"Medium Shading 2 Accent 2\"/>\n  <w:LsdException Locked=\"false\" Priority=\"65\" SemiHidden=\"false\"\n   UnhideWhenUsed=\"false\" Name=\"Medium List 1 Accent 2\"/>\n  <w:LsdException Locked=\"false\" Priority=\"66\" SemiHidden=\"false\"\n   UnhideWhenUsed=\"false\" Name=\"Medium List 2 Accent 2\"/>\n  <w:LsdException Locked=\"false\" Priority=\"67\" SemiHidden=\"false\"\n   UnhideWhenUsed=\"false\" Name=\"Medium Grid 1 Accent 2\"/>\n  <w:LsdException Locked=\"false\" Priority=\"68\" SemiHidden=\"false\"\n   UnhideWhenUsed=\"false\" Name=\"Medium Grid 2 Accent 2\"/>\n  <w:LsdException Locked=\"false\" Priority=\"69\" SemiHidden=\"false\"\n   UnhideWhenUsed=\"false\" Name=\"Medium Grid 3 Accent 2\"/>\n  <w:LsdException Locked=\"false\" Priority=\"70\" SemiHidden=\"false\"\n   UnhideWhenUsed=\"false\" Name=\"Dark List Accent 2\"/>\n  <w:LsdException Locked=\"false\" Priority=\"71\" SemiHidden=\"false\"\n   UnhideWhenUsed=\"false\" Name=\"Colorful Shading Accent 2\"/>\n  <w:LsdException Locked=\"false\" Priority=\"72\" SemiHidden=\"false\"\n   UnhideWhenUsed=\"false\" Name=\"Colorful List Accent 2\"/>\n  <w:LsdException Locked=\"false\" Priority=\"73\" SemiHidden=\"false\"\n   UnhideWhenUsed=\"false\" Name=\"Colorful Grid Accent 2\"/>\n  <w:LsdException Locked=\"false\" Priority=\"60\" SemiHidden=\"false\"\n   UnhideWhenUsed=\"false\" Name=\"Light Shading Accent 3\"/>\n  <w:LsdException Locked=\"false\" Priority=\"61\" SemiHidden=\"false\"\n   UnhideWhenUsed=\"false\" Name=\"Light List Accent 3\"/>\n  <w:LsdException Locked=\"false\" Priority=\"62\" SemiHidden=\"false\"\n   UnhideWhenUsed=\"false\" Name=\"Light Grid Accent 3\"/>\n  <w:LsdException Locked=\"false\" Priority=\"63\" SemiHidden=\"false\"\n   UnhideWhenUsed=\"false\" Name=\"Medium Shading 1 Accent 3\"/>\n  <w:LsdException Locked=\"false\" Priority=\"64\" SemiHidden=\"false\"\n   UnhideWhenUsed=\"false\" Name=\"Medium Shading 2 Accent 3\"/>\n  <w:LsdException Locked=\"false\" Priority=\"65\" SemiHidden=\"false\"\n   UnhideWhenUsed=\"false\" Name=\"Medium List 1 Accent 3\"/>\n  <w:LsdException Locked=\"false\" Priority=\"66\" SemiHidden=\"false\"\n   UnhideWhenUsed=\"false\" Name=\"Medium List 2 Accent 3\"/>\n  <w:LsdException Locked=\"false\" Priority=\"67\" SemiHidden=\"false\"\n   UnhideWhenUsed=\"false\" Name=\"Medium Grid 1 Accent 3\"/>\n  <w:LsdException Locked=\"false\" Priority=\"68\" SemiHidden=\"false\"\n   UnhideWhenUsed=\"false\" Name=\"Medium Grid 2 Accent 3\"/>\n  <w:LsdException Locked=\"false\" Priority=\"69\" SemiHidden=\"false\"\n   UnhideWhenUsed=\"false\" Name=\"Medium Grid 3 Accent 3\"/>\n  <w:LsdException Locked=\"false\" Priority=\"70\" SemiHidden=\"false\"\n   UnhideWhenUsed=\"false\" Name=\"Dark List Accent 3\"/>\n  <w:LsdException Locked=\"false\" Priority=\"71\" SemiHidden=\"false\"\n   UnhideWhenUsed=\"false\" Name=\"Colorful Shading Accent 3\"/>\n  <w:LsdException Locked=\"false\" Priority=\"72\" SemiHidden=\"false\"\n   UnhideWhenUsed=\"false\" Name=\"Colorful List Accent 3\"/>\n  <w:LsdException Locked=\"false\" Priority=\"73\" SemiHidden=\"false\"\n   UnhideWhenUsed=\"false\" Name=\"Colorful Grid Accent 3\"/>\n  <w:LsdException Locked=\"false\" Priority=\"60\" SemiHidden=\"false\"\n   UnhideWhenUsed=\"false\" Name=\"Light Shading Accent 4\"/>\n  <w:LsdException Locked=\"false\" Priority=\"61\" SemiHidden=\"false\"\n   UnhideWhenUsed=\"false\" Name=\"Light List Accent 4\"/>\n  <w:LsdException Locked=\"false\" Priority=\"62\" SemiHidden=\"false\"\n   UnhideWhenUsed=\"false\" Name=\"Light Grid Accent 4\"/>\n  <w:LsdException Locked=\"false\" Priority=\"63\" SemiHidden=\"false\"\n   UnhideWhenUsed=\"false\" Name=\"Medium Shading 1 Accent 4\"/>\n  <w:LsdException Locked=\"false\" Priority=\"64\" SemiHidden=\"false\"\n   UnhideWhenUsed=\"false\" Name=\"Medium Shading 2 Accent 4\"/>\n  <w:LsdException Locked=\"false\" Priority=\"65\" SemiHidden=\"false\"\n   UnhideWhenUsed=\"false\" Name=\"Medium List 1 Accent 4\"/>\n  <w:LsdException Locked=\"false\" Priority=\"66\" SemiHidden=\"false\"\n   UnhideWhenUsed=\"false\" Name=\"Medium List 2 Accent 4\"/>\n  <w:LsdException Locked=\"false\" Priority=\"67\" SemiHidden=\"false\"\n   UnhideWhenUsed=\"false\" Name=\"Medium Grid 1 Accent 4\"/>\n  <w:LsdException Locked=\"false\" Priority=\"68\" SemiHidden=\"false\"\n   UnhideWhenUsed=\"false\" Name=\"Medium Grid 2 Accent 4\"/>\n  <w:LsdException Locked=\"false\" Priority=\"69\" SemiHidden=\"false\"\n   UnhideWhenUsed=\"false\" Name=\"Medium Grid 3 Accent 4\"/>\n  <w:LsdException Locked=\"false\" Priority=\"70\" SemiHidden=\"false\"\n   UnhideWhenUsed=\"false\" Name=\"Dark List Accent 4\"/>\n  <w:LsdException Locked=\"false\" Priority=\"71\" SemiHidden=\"false\"\n   UnhideWhenUsed=\"false\" Name=\"Colorful Shading Accent 4\"/>\n  <w:LsdException Locked=\"false\" Priority=\"72\" SemiHidden=\"false\"\n   UnhideWhenUsed=\"false\" Name=\"Colorful List Accent 4\"/>\n  <w:LsdException Locked=\"false\" Priority=\"73\" SemiHidden=\"false\"\n   UnhideWhenUsed=\"false\" Name=\"Colorful Grid Accent 4\"/>\n  <w:LsdException Locked=\"false\" Priority=\"60\" SemiHidden=\"false\"\n   UnhideWhenUsed=\"false\" Name=\"Light Shading Accent 5\"/>\n  <w:LsdException Locked=\"false\" Priority=\"61\" SemiHidden=\"false\"\n   UnhideWhenUsed=\"false\" Name=\"Light List Accent 5\"/>\n  <w:LsdException Locked=\"false\" Priority=\"62\" SemiHidden=\"false\"\n   UnhideWhenUsed=\"false\" Name=\"Light Grid Accent 5\"/>\n  <w:LsdException Locked=\"false\" Priority=\"63\" SemiHidden=\"false\"\n   UnhideWhenUsed=\"false\" Name=\"Medium Shading 1 Accent 5\"/>\n  <w:LsdException Locked=\"false\" Priority=\"64\" SemiHidden=\"false\"\n   UnhideWhenUsed=\"false\" Name=\"Medium Shading 2 Accent 5\"/>\n  <w:LsdException Locked=\"false\" Priority=\"65\" SemiHidden=\"false\"\n   UnhideWhenUsed=\"false\" Name=\"Medium List 1 Accent 5\"/>\n  <w:LsdException Locked=\"false\" Priority=\"66\" SemiHidden=\"false\"\n   UnhideWhenUsed=\"false\" Name=\"Medium List 2 Accent 5\"/>\n  <w:LsdException Locked=\"false\" Priority=\"67\" SemiHidden=\"false\"\n   UnhideWhenUsed=\"false\" Name=\"Medium Grid 1 Accent 5\"/>\n  <w:LsdException Locked=\"false\" Priority=\"68\" SemiHidden=\"false\"\n   UnhideWhenUsed=\"false\" Name=\"Medium Grid 2 Accent 5\"/>\n  <w:LsdException Locked=\"false\" Priority=\"69\" SemiHidden=\"false\"\n   UnhideWhenUsed=\"false\" Name=\"Medium Grid 3 Accent 5\"/>\n  <w:LsdException Locked=\"false\" Priority=\"70\" SemiHidden=\"false\"\n   UnhideWhenUsed=\"false\" Name=\"Dark List Accent 5\"/>\n  <w:LsdException Locked=\"false\" Priority=\"71\" SemiHidden=\"false\"\n   UnhideWhenUsed=\"false\" Name=\"Colorful Shading Accent 5\"/>\n  <w:LsdException Locked=\"false\" Priority=\"72\" SemiHidden=\"false\"\n   UnhideWhenUsed=\"false\" Name=\"Colorful List Accent 5\"/>\n  <w:LsdException Locked=\"false\" Priority=\"73\" SemiHidden=\"false\"\n   UnhideWhenUsed=\"false\" Name=\"Colorful Grid Accent 5\"/>\n  <w:LsdException Locked=\"false\" Priority=\"60\" SemiHidden=\"false\"\n   UnhideWhenUsed=\"false\" Name=\"Light Shading Accent 6\"/>\n  <w:LsdException Locked=\"false\" Priority=\"61\" SemiHidden=\"false\"\n   UnhideWhenUsed=\"false\" Name=\"Light List Accent 6\"/>\n  <w:LsdException Locked=\"false\" Priority=\"62\" SemiHidden=\"false\"\n   UnhideWhenUsed=\"false\" Name=\"Light Grid Accent 6\"/>\n  <w:LsdException Locked=\"false\" Priority=\"63\" SemiHidden=\"false\"\n   UnhideWhenUsed=\"false\" Name=\"Medium Shading 1 Accent 6\"/>\n  <w:LsdException Locked=\"false\" Priority=\"64\" SemiHidden=\"false\"\n   UnhideWhenUsed=\"false\" Name=\"Medium Shading 2 Accent 6\"/>\n  <w:LsdException Locked=\"false\" Priority=\"65\" SemiHidden=\"false\"\n   UnhideWhenUsed=\"false\" Name=\"Medium List 1 Accent 6\"/>\n  <w:LsdException Locked=\"false\" Priority=\"66\" SemiHidden=\"false\"\n   UnhideWhenUsed=\"false\" Name=\"Medium List 2 Accent 6\"/>\n  <w:LsdException Locked=\"false\" Priority=\"67\" SemiHidden=\"false\"\n   UnhideWhenUsed=\"false\" Name=\"Medium Grid 1 Accent 6\"/>\n  <w:LsdException Locked=\"false\" Priority=\"68\" SemiHidden=\"false\"\n   UnhideWhenUsed=\"false\" Name=\"Medium Grid 2 Accent 6\"/>\n  <w:LsdException Locked=\"false\" Priority=\"69\" SemiHidden=\"false\"\n   UnhideWhenUsed=\"false\" Name=\"Medium Grid 3 Accent 6\"/>\n  <w:LsdException Locked=\"false\" Priority=\"70\" SemiHidden=\"false\"\n   UnhideWhenUsed=\"false\" Name=\"Dark List Accent 6\"/>\n  <w:LsdException Locked=\"false\" Priority=\"71\" SemiHidden=\"false\"\n   UnhideWhenUsed=\"false\" Name=\"Colorful Shading Accent 6\"/>\n  <w:LsdException Locked=\"false\" Priority=\"72\" SemiHidden=\"false\"\n   UnhideWhenUsed=\"false\" Name=\"Colorful List Accent 6\"/>\n  <w:LsdException Locked=\"false\" Priority=\"73\" SemiHidden=\"false\"\n   UnhideWhenUsed=\"false\" Name=\"Colorful Grid Accent 6\"/>\n  <w:LsdException Locked=\"false\" Priority=\"19\" SemiHidden=\"false\"\n   UnhideWhenUsed=\"false\" QFormat=\"true\" Name=\"Subtle Emphasis\"/>\n  <w:LsdException Locked=\"false\" Priority=\"21\" SemiHidden=\"false\"\n   UnhideWhenUsed=\"false\" QFormat=\"true\" Name=\"Intense Emphasis\"/>\n  <w:LsdException Locked=\"false\" Priority=\"31\" SemiHidden=\"false\"\n   UnhideWhenUsed=\"false\" QFormat=\"true\" Name=\"Subtle Reference\"/>\n  <w:LsdException Locked=\"false\" Priority=\"32\" SemiHidden=\"false\"\n   UnhideWhenUsed=\"false\" QFormat=\"true\" Name=\"Intense Reference\"/>\n  <w:LsdException Locked=\"false\" Priority=\"33\" SemiHidden=\"false\"\n   UnhideWhenUsed=\"false\" QFormat=\"true\" Name=\"Book Title\"/>\n  <w:LsdException Locked=\"false\" Priority=\"37\" Name=\"Bibliography\"/>\n  <w:LsdException Locked=\"false\" Priority=\"39\" QFormat=\"true\" Name=\"TOC Heading\"/>\n </w:LatentStyles>\n</xml><![endif]-->\n<style>\n<!--\n /* Font Definitions */\n @font-face\n	{font-family:宋体;\n	panose-1:2 1 6 0 3 1 1 1 1 1;\n	mso-font-alt:SimSun;\n	mso-font-charset:134;\n	mso-generic-font-family:auto;\n	mso-font-pitch:variable;\n	mso-font-signature:3 680460288 22 0 262145 0;}\n@font-face\n	{font-family:宋体;\n	panose-1:2 1 6 0 3 1 1 1 1 1;\n	mso-font-alt:SimSun;\n	mso-font-charset:134;\n	mso-generic-font-family:auto;\n	mso-font-pitch:variable;\n	mso-font-signature:3 680460288 22 0 262145 0;}\n@font-face\n	{font-family:Calibri;\n	panose-1:2 15 5 2 2 2 4 3 2 4;\n	mso-font-charset:0;\n	mso-generic-font-family:swiss;\n	mso-font-pitch:variable;\n	mso-font-signature:-520092929 1073786111 9 0 415 0;}\n@font-face\n	{font-family:\"\\@宋体\";\n	panose-1:2 1 6 0 3 1 1 1 1 1;\n	mso-font-charset:134;\n	mso-generic-font-family:auto;\n	mso-font-pitch:variable;\n	mso-font-signature:3 680460288 22 0 262145 0;}\n /* Style Definitions */\n p.MsoNormal, li.MsoNormal, div.MsoNormal\n	{mso-style-unhide:no;\n	mso-style-qformat:yes;\n	mso-style-parent:\"\";\n	margin:0cm;\n	margin-bottom:.0001pt;\n	text-align:justify;\n	text-justify:inter-ideograph;\n	mso-pagination:none;\n	font-size:10.5pt;\n	mso-bidi-font-size:11.0pt;\n	font-family:\"Calibri\",\"sans-serif\";\n	mso-ascii-font-family:Calibri;\n	mso-ascii-theme-font:minor-latin;\n	mso-fareast-font-family:宋体;\n	mso-fareast-theme-font:minor-fareast;\n	mso-hansi-font-family:Calibri;\n	mso-hansi-theme-font:minor-latin;\n	mso-bidi-font-family:\"Times New Roman\";\n	mso-bidi-theme-font:minor-bidi;\n	mso-font-kerning:1.0pt;}\np\n	{mso-style-priority:99;\n	mso-margin-top-alt:auto;\n	margin-right:0cm;\n	mso-margin-bottom-alt:auto;\n	margin-left:0cm;\n	mso-pagination:widow-orphan;\n	font-size:12.0pt;\n	font-family:宋体;\n	mso-bidi-font-family:宋体;}\n.MsoChpDefault\n	{mso-style-type:export-only;\n	mso-default-props:yes;\n	font-family:\"Calibri\",\"sans-serif\";\n	mso-bidi-font-family:\"Times New Roman\";\n	mso-bidi-theme-font:minor-bidi;}\n /* Page Definitions */\n @page\n	{mso-page-border-surround-header:no;\n	mso-page-border-surround-footer:no;}\n@page WordSection1\n	{size:612.0pt 792.0pt;\n	margin:72.0pt 90.0pt 72.0pt 90.0pt;\n	mso-header-margin:36.0pt;\n	mso-footer-margin:36.0pt;\n	mso-paper-source:0;}\ndiv.WordSection1\n	{page:WordSection1;}\n /* List Definitions */\n @list l0\n	{mso-list-id:1082214433;\n	mso-list-template-ids:-1027541454;}\nol\n	{margin-bottom:0cm;}\nul\n	{margin-bottom:0cm;}\n-->\n</style>\n<!--[if gte mso 10]>\n<style>\n /* Style Definitions */\n table.MsoNormalTable\n	{mso-style-name:普通表格;\n	mso-tstyle-rowband-size:0;\n	mso-tstyle-colband-size:0;\n	mso-style-noshow:yes;\n	mso-style-priority:99;\n	mso-style-parent:\"\";\n	mso-padding-alt:0cm 5.4pt 0cm 5.4pt;\n	mso-para-margin:0cm;\n	mso-para-margin-bottom:.0001pt;\n	mso-pagination:widow-orphan;\n	font-size:10.5pt;\n	mso-bidi-font-size:11.0pt;\n	font-family:\"Calibri\",\"sans-serif\";\n	mso-ascii-font-family:Calibri;\n	mso-ascii-theme-font:minor-latin;\n	mso-hansi-font-family:Calibri;\n	mso-hansi-theme-font:minor-latin;\n	mso-bidi-font-family:\"Times New Roman\";\n	mso-bidi-theme-font:minor-bidi;\n	mso-font-kerning:1.0pt;}\n</style>\n<![endif]-->\n\n\n\n\n\n\n\n\n\n\n\n</p><p style=\"margin: 0cm 0cm 12pt 30pt; text-align: justify; text-indent: -18pt; background-image: initial; background-position: initial; background-size: initial; background-repeat: initial; background-attachment: initial; background-origin: initial; background-clip: initial;\"><!--[if !supportLists]--><span lang=\"EN-US\" style=\"font-size:11.0pt;mso-ascii-font-family:宋体;mso-ascii-theme-font:\nminor-fareast;mso-fareast-font-family:宋体;mso-fareast-theme-font:minor-fareast;\nmso-hansi-font-family:宋体;mso-hansi-theme-font:minor-fareast;mso-bidi-font-family:\n宋体;mso-bidi-theme-font:minor-fareast\">4.<span times=\"\" new=\"\" roman\"\'=\"\">&nbsp; </span></span><!--[endif]--><span style=\"font-size:11.0pt;mso-ascii-font-family:宋体;mso-ascii-theme-font:minor-fareast;\nmso-fareast-font-family:宋体;mso-fareast-theme-font:minor-fareast;mso-hansi-font-family:\n宋体;mso-hansi-theme-font:minor-fareast;mso-bidi-font-family:&quot;Times New Roman&quot;;\nmso-bidi-theme-font:minor-bidi\">空行<span lang=\"EN-US\">&nbsp;<br>\n4.1 </span>文件头、控制块，</span><span lang=\"EN-USTimes\" new=\"\" roman\";=\"\" mso-bidi-theme-font:minor-bidi\'=\"\">#include</span><span style=\"font-size:11.0pt;\nmso-ascii-font-family:宋体;mso-ascii-theme-font:minor-fareast;mso-fareast-font-family:\n宋体;mso-fareast-theme-font:minor-fareast;mso-hansi-font-family:宋体;mso-hansi-theme-font:\nminor-fareast;mso-bidi-font-family:&quot;Times New Roman&quot;;mso-bidi-theme-font:minor-bidi\">部分、宏定义部分、</span><span lang=\"EN-USTimes\" new=\"\" roman\";mso-bidi-theme-font:=\"\" minor-bidi\'=\"\">class</span><span style=\"font-size:11.0pt;mso-ascii-font-family:\n宋体;mso-ascii-theme-font:minor-fareast;mso-fareast-font-family:宋体;mso-fareast-theme-font:\nminor-fareast;mso-hansi-font-family:宋体;mso-hansi-theme-font:minor-fareast;\nmso-bidi-font-family:&quot;Times New Roman&quot;;mso-bidi-theme-font:minor-bidi\">部分、全局常量部分、全局变量部分、函数和函数之间，用两个空行。<span lang=\"EN-US\"><o:p></o:p></span></span></p>','',1,7,'2018-07-12 09:59:15.541866',1),(19,'C语言代码风格','<p style=\"margin-top:0cm;margin-right:0cm;margin-bottom:12.0pt;margin-left:\n0cm;text-align:justify;text-justify:inter-ideograph;background:white\"><span lang=\"EN-US\" style=\"font-size:11.0pt;mso-ascii-font-family:宋体;mso-ascii-theme-font:\nminor-fareast;mso-fareast-font-family:宋体;mso-fareast-theme-font:minor-fareast;\nmso-hansi-font-family:宋体;mso-hansi-theme-font:minor-fareast;mso-bidi-font-family:\n&quot;Times New Roman&quot;;mso-bidi-theme-font:minor-bidi\">Tab</span><span style=\"font-size:11.0pt;mso-ascii-font-family:宋体;mso-ascii-theme-font:minor-fareast;\nmso-fareast-font-family:宋体;mso-fareast-theme-font:minor-fareast;mso-hansi-font-family:\n宋体;mso-hansi-theme-font:minor-fareast;mso-bidi-font-family:&quot;Times New Roman&quot;;\nmso-bidi-theme-font:minor-bidi\">和空格<span lang=\"EN-US\">&nbsp;<br>\n1.1 </span>每一行开始处的缩进只能用<span lang=\"EN-US\">Tab</span>，不能用空格，输入内容之后统一用空格。除了最开始的缩进控制用<span lang=\"EN-US\">Tab</span>，其他部分为了对齐，需要使用空格进行缩进。这样可以避免在不同的编辑器下显示不对齐的情况。<span lang=\"EN-US\">&nbsp;<br>\n1.2 </span>在代码行的结尾部分不能出现多余的空格。<span lang=\"EN-US\">&nbsp;<br>\n1.3 </span>不要在</span><span lang=\"EN-USTimes\" new=\"\" roman\";=\"\" mso-bidi-theme-font:minor-bidi\'=\"\">\"::\",\"-&gt;\",\".\"</span><span style=\"font-size:11.0pt;mso-ascii-font-family:宋体;mso-ascii-theme-font:minor-fareast;\nmso-fareast-font-family:宋体;mso-fareast-theme-font:minor-fareast;mso-hansi-font-family:\n宋体;mso-hansi-theme-font:minor-fareast;mso-bidi-font-family:&quot;Times New Roman&quot;;\nmso-bidi-theme-font:minor-bidi\">前后加空格。<span lang=\"EN-US\">&nbsp;<br>\n1.4 </span>不要在</span><span lang=\"EN-USTimes\" new=\"\" roman\";=\"\" mso-bidi-theme-font:minor-bidi\'=\"\">\"</span><span style=\"mso-bidi-font-family:\n&quot;Times New Roman&quot;;mso-bidi-theme-font:minor-bidi\">，<span lang=\"EN-US\">\",\"</span>；<span lang=\"EN-US\">\"</span></span><span style=\"font-size:11.0pt;mso-ascii-font-family:\n宋体;mso-ascii-theme-font:minor-fareast;mso-fareast-font-family:宋体;mso-fareast-theme-font:\nminor-fareast;mso-hansi-font-family:宋体;mso-hansi-theme-font:minor-fareast;\nmso-bidi-font-family:&quot;Times New Roman&quot;;mso-bidi-theme-font:minor-bidi\">之前加空格。<span lang=\"EN-US\"><o:p></o:p></span></span></p><p style=\"margin-top:0cm;margin-right:0cm;margin-bottom:12.0pt;margin-left:\n30.0pt;text-align:justify;text-justify:inter-ideograph;text-indent:-18.0pt;\nmso-list:l0 level1 lfo1;tab-stops:list 36.0pt;background:white\"><!--[if !supportLists]--><span lang=\"EN-US\" style=\"font-size:11.0pt;mso-ascii-font-family:宋体;mso-ascii-theme-font:\nminor-fareast;mso-fareast-font-family:宋体;mso-fareast-theme-font:minor-fareast;\nmso-hansi-font-family:宋体;mso-hansi-theme-font:minor-fareast;mso-bidi-font-family:\n宋体;mso-bidi-theme-font:minor-fareast\"><span>1.<span times=\"\" new=\"\" roman\"\'=\"\">&nbsp; </span></span></span><!--[endif]--><span style=\"font-size:11.0pt;mso-ascii-font-family:宋体;mso-ascii-theme-font:minor-fareast;\nmso-fareast-font-family:宋体;mso-fareast-theme-font:minor-fareast;mso-hansi-font-family:\n宋体;mso-hansi-theme-font:minor-fareast;mso-bidi-font-family:&quot;Times New Roman&quot;;\nmso-bidi-theme-font:minor-bidi\">类型定义和<span lang=\"EN-US\">{&nbsp;<br>\n2.1 </span>类，结构，枚举，联合：大括号另起一行<span lang=\"EN-US\"><o:p></o:p></span></span></p><p style=\"margin-top:0cm;margin-right:0cm;margin-bottom:12.0pt;margin-left:\n30.0pt;text-align:justify;text-justify:inter-ideograph;text-indent:-18.0pt;\nmso-list:l0 level1 lfo1;tab-stops:list 36.0pt;background:white\"><!--[if !supportLists]--><span lang=\"EN-US\" style=\"font-size:11.0pt;mso-ascii-font-family:宋体;mso-ascii-theme-font:\nminor-fareast;mso-fareast-font-family:宋体;mso-fareast-theme-font:minor-fareast;\nmso-hansi-font-family:宋体;mso-hansi-theme-font:minor-fareast;mso-bidi-font-family:\n宋体;mso-bidi-theme-font:minor-fareast\"><span>2.<span times=\"\" new=\"\" roman\"\'=\"\">&nbsp; </span></span></span><!--[endif]--><span style=\"font-size:11.0pt;mso-ascii-font-family:宋体;mso-ascii-theme-font:minor-fareast;\nmso-fareast-font-family:宋体;mso-fareast-theme-font:minor-fareast;mso-hansi-font-family:\n宋体;mso-hansi-theme-font:minor-fareast;mso-bidi-font-family:&quot;Times New Roman&quot;;\nmso-bidi-theme-font:minor-bidi\">函数<span lang=\"EN-US\">&nbsp;<br>\n3.1 </span>函数体的<span lang=\"EN-US\">{</span>需要新起一行，在<span lang=\"EN-US\">{</span>之前不能有缩进。<span lang=\"EN-US\">&nbsp;<br>\n3.2 </span>除了特别情况，函数体内不能出现两个空行。<span lang=\"EN-US\">&nbsp;<br>\n3.3 </span>除了特别情况，函数体内不能宏定义指令。<span lang=\"EN-US\">&nbsp;<br>\n3.4 </span>在一个函数体内，逻揖上密切相关的语句之间不加空行，其它地方应加空行分隔。<span lang=\"EN-US\">&nbsp;<br>\n3.5 </span>在头文件定义的</span><span lang=\"EN-USTimes\" new=\"\" roman\";=\"\" mso-bidi-theme-font:minor-bidi\'=\"\">inline</span><span style=\"font-size:11.0pt;\nmso-ascii-font-family:宋体;mso-ascii-theme-font:minor-fareast;mso-fareast-font-family:\n宋体;mso-fareast-theme-font:minor-fareast;mso-hansi-font-family:宋体;mso-hansi-theme-font:\nminor-fareast;mso-bidi-font-family:&quot;Times New Roman&quot;;mso-bidi-theme-font:minor-bidi\">函数，函数之间可以不用空行，推荐用一个空行。<span lang=\"EN-US\"><o:p></o:p></span></span></p><p style=\"margin-top:0cm;margin-right:0cm;margin-bottom:12.0pt;margin-left:\n30.0pt;text-align:justify;text-justify:inter-ideograph;text-indent:-18.0pt;\nmso-list:l0 level1 lfo1;tab-stops:list 36.0pt;background:white\"><!--[if !supportLists]--><span lang=\"EN-US\" style=\"font-size:11.0pt;mso-ascii-font-family:宋体;mso-ascii-theme-font:\nminor-fareast;mso-fareast-font-family:宋体;mso-fareast-theme-font:minor-fareast;\nmso-hansi-font-family:宋体;mso-hansi-theme-font:minor-fareast;mso-bidi-font-family:\n宋体;mso-bidi-theme-font:minor-fareast\"><span>3.<span times=\"\" new=\"\" roman\"\'=\"\">&nbsp; </span></span></span><!--[endif]--><span style=\"font-size:11.0pt;mso-ascii-font-family:宋体;mso-ascii-theme-font:minor-fareast;\nmso-fareast-font-family:宋体;mso-fareast-theme-font:minor-fareast;mso-hansi-font-family:\n宋体;mso-hansi-theme-font:minor-fareast;mso-bidi-font-family:&quot;Times New Roman&quot;;\nmso-bidi-theme-font:minor-bidi\">代码块<span lang=\"EN-US\">&nbsp;<br>\n4.1&nbsp;</span></span><span lang=\"EN-USTimes\" new=\"\" roman\";=\"\" mso-bidi-theme-font:minor-bidi\'=\"\">\"if\"</span><span style=\"mso-bidi-font-family:\n&quot;Times New Roman&quot;;mso-bidi-theme-font:minor-bidi\">、<span lang=\"EN-US\">\"for\"</span>、<span lang=\"EN-US\">\"while\"</span>、<span lang=\"EN-US\">\"do\"</span>、<span lang=\"EN-US\">\"try\"</span>、<span lang=\"EN-US\">\"catch\"</span></span><span lang=\"EN-US\" style=\"font-size:11.0pt;mso-ascii-font-family:宋体;mso-ascii-theme-font:\nminor-fareast;mso-fareast-font-family:宋体;mso-fareast-theme-font:minor-fareast;\nmso-hansi-font-family:宋体;mso-hansi-theme-font:minor-fareast;mso-bidi-font-family:\n&quot;Times New Roman&quot;;mso-bidi-theme-font:minor-bidi\">&nbsp;</span><span style=\"font-size:11.0pt;mso-ascii-font-family:宋体;mso-ascii-theme-font:minor-fareast;\nmso-fareast-font-family:宋体;mso-fareast-theme-font:minor-fareast;mso-hansi-font-family:\n宋体;mso-hansi-theme-font:minor-fareast;mso-bidi-font-family:&quot;Times New Roman&quot;;\nmso-bidi-theme-font:minor-bidi\">等语句自占一行，执行语句不得紧跟其后。不论执行语句有多少都要加<span lang=\"EN-US\">&nbsp;</span></span><span lang=\"EN-US\" style=\"mso-bidi-font-family:\n&quot;Times New Roman&quot;;mso-bidi-theme-font:minor-bidi\">\"{ }\"</span><span lang=\"EN-US\" style=\"font-size:11.0pt;mso-ascii-font-family:宋体;mso-ascii-theme-font:\nminor-fareast;mso-fareast-font-family:宋体;mso-fareast-theme-font:minor-fareast;\nmso-hansi-font-family:宋体;mso-hansi-theme-font:minor-fareast;mso-bidi-font-family:\n&quot;Times New Roman&quot;;mso-bidi-theme-font:minor-bidi\">&nbsp;</span><span style=\"font-size:11.0pt;mso-ascii-font-family:宋体;mso-ascii-theme-font:minor-fareast;\nmso-fareast-font-family:宋体;mso-fareast-theme-font:minor-fareast;mso-hansi-font-family:\n宋体;mso-hansi-theme-font:minor-fareast;mso-bidi-font-family:&quot;Times New Roman&quot;;\nmso-bidi-theme-font:minor-bidi\">。这样可以防止书写和修改代码时出现失误。<span lang=\"EN-US\">&nbsp;<br>\n4.2&nbsp;</span></span><span lang=\"EN-USTimes\" new=\"\" roman\";=\"\" mso-bidi-theme-font:minor-bidi\'=\"\">\"if\"</span><span style=\"mso-bidi-font-family:\n&quot;Times New Roman&quot;;mso-bidi-theme-font:minor-bidi\">、<span lang=\"EN-US\">\"for\"</span>、<span lang=\"EN-US\">\"while\"</span>、<span lang=\"EN-US\">\"do\"</span>、<span lang=\"EN-US\">\"try\"</span>、<span lang=\"EN-US\">\"catch\"</span></span><span lang=\"EN-US\" style=\"font-size:11.0pt;mso-ascii-font-family:宋体;mso-ascii-theme-font:\nminor-fareast;mso-fareast-font-family:宋体;mso-fareast-theme-font:minor-fareast;\nmso-hansi-font-family:宋体;mso-hansi-theme-font:minor-fareast;mso-bidi-font-family:\n&quot;Times New Roman&quot;;mso-bidi-theme-font:minor-bidi\">&nbsp;</span><span style=\"font-size:11.0pt;mso-ascii-font-family:宋体;mso-ascii-theme-font:minor-fareast;\nmso-fareast-font-family:宋体;mso-fareast-theme-font:minor-fareast;mso-hansi-font-family:\n宋体;mso-hansi-theme-font:minor-fareast;mso-bidi-font-family:&quot;Times New Roman&quot;;\nmso-bidi-theme-font:minor-bidi\">的括号和表达式，括号可紧挨关键字，这样强调的是表达式。<span lang=\"EN-US\"><o:p></o:p></span></span></p><p style=\"margin-top:0cm;margin-right:0cm;margin-bottom:12.0pt;margin-left:\n30.0pt;text-align:justify;text-justify:inter-ideograph;text-indent:-18.0pt;\nmso-list:l0 level1 lfo1;tab-stops:list 36.0pt;background:white\"><!--[if !supportLists]--><span lang=\"EN-US\" style=\"font-size:11.0pt;mso-ascii-font-family:宋体;mso-ascii-theme-font:\nminor-fareast;mso-fareast-font-family:宋体;mso-fareast-theme-font:minor-fareast;\nmso-hansi-font-family:宋体;mso-hansi-theme-font:minor-fareast;mso-bidi-font-family:\n宋体;mso-bidi-theme-font:minor-fareast\"><span>4.<span times=\"\" new=\"\" roman\"\'=\"\">&nbsp; </span></span></span><!--[endif]--><span lang=\"EN-US\" style=\"font-size:11.0pt;mso-ascii-font-family:宋体;mso-ascii-theme-font:\nminor-fareast;mso-fareast-font-family:宋体;mso-fareast-theme-font:minor-fareast;\nmso-hansi-font-family:宋体;mso-hansi-theme-font:minor-fareast;mso-bidi-font-family:\n&quot;Times New Roman&quot;;mso-bidi-theme-font:minor-bidi\">else&nbsp;<br>\n5.1 if</span><span style=\"font-size:11.0pt;mso-ascii-font-family:宋体;mso-ascii-theme-font:\nminor-fareast;mso-fareast-font-family:宋体;mso-fareast-theme-font:minor-fareast;\nmso-hansi-font-family:宋体;mso-hansi-theme-font:minor-fareast;mso-bidi-font-family:\n&quot;Times New Roman&quot;;mso-bidi-theme-font:minor-bidi\">语句如果有<span lang=\"EN-US\">else</span>语句，用<span lang=\"EN-US\"> } else { </span>编写为一行，不推荐用<span lang=\"EN-US\"> 3 </span>行代码的方式。<span lang=\"EN-US\"><o:p></o:p></span></span></p><p style=\"margin-top:0cm;margin-right:0cm;margin-bottom:12.0pt;margin-left:\n30.0pt;text-align:justify;text-justify:inter-ideograph;text-indent:-18.0pt;\nmso-list:l0 level1 lfo1;tab-stops:list 36.0pt;background:white\"><!--[if !supportLists]--><span lang=\"EN-US\" style=\"font-size:11.0pt;mso-ascii-font-family:宋体;mso-ascii-theme-font:\nminor-fareast;mso-fareast-font-family:宋体;mso-fareast-theme-font:minor-fareast;\nmso-hansi-font-family:宋体;mso-hansi-theme-font:minor-fareast;mso-bidi-font-family:\n宋体;mso-bidi-theme-font:minor-fareast\"><span>5.<span times=\"\" new=\"\" roman\"\'=\"\">&nbsp; </span></span></span><!--[endif]--><span style=\"font-size:11.0pt;mso-ascii-font-family:宋体;mso-ascii-theme-font:minor-fareast;\nmso-fareast-font-family:宋体;mso-fareast-theme-font:minor-fareast;mso-hansi-font-family:\n宋体;mso-hansi-theme-font:minor-fareast;mso-bidi-font-family:&quot;Times New Roman&quot;;\nmso-bidi-theme-font:minor-bidi\">代码行<span lang=\"EN-US\">&nbsp;<br>\n6.1 </span>一行代码只做一件事情，如只定义一个变量，或只写一条语句。这样的代码容易阅读，并且方便于写注释。<span lang=\"EN-US\">&nbsp;<br>\n6.2 </span>多行变量定义，为了追求代码排版美观，可将变量竖向对齐。<span lang=\"EN-US\">&nbsp;<br>\n6.3 </span>代码行最大长度宜控制在一定个字符以内，能在当前屏幕内全部可见为宜。<span lang=\"EN-US\"><o:p></o:p></span></span></p><p style=\"margin-top:0cm;margin-right:0cm;margin-bottom:12.0pt;margin-left:\n30.0pt;text-align:justify;text-justify:inter-ideograph;text-indent:-18.0pt;\nmso-list:l0 level1 lfo1;tab-stops:list 36.0pt;background:white\"><!--[if !supportLists]--><span lang=\"EN-US\" style=\"font-size:11.0pt;mso-ascii-font-family:宋体;mso-ascii-theme-font:\nminor-fareast;mso-fareast-font-family:宋体;mso-fareast-theme-font:minor-fareast;\nmso-hansi-font-family:宋体;mso-hansi-theme-font:minor-fareast;mso-bidi-font-family:\n宋体;mso-bidi-theme-font:minor-fareast\"><span>6.<span times=\"\" new=\"\" roman\"\'=\"\">&nbsp; </span></span></span><!--[endif]--><span lang=\"EN-US\" style=\"font-size:11.0pt;mso-ascii-font-family:宋体;mso-ascii-theme-font:\nminor-fareast;mso-fareast-font-family:宋体;mso-fareast-theme-font:minor-fareast;\nmso-hansi-font-family:宋体;mso-hansi-theme-font:minor-fareast;mso-bidi-font-family:\n&quot;Times New Roman&quot;;mso-bidi-theme-font:minor-bidi\">switch</span><span style=\"font-size:11.0pt;mso-ascii-font-family:宋体;mso-ascii-theme-font:minor-fareast;\nmso-fareast-font-family:宋体;mso-fareast-theme-font:minor-fareast;mso-hansi-font-family:\n宋体;mso-hansi-theme-font:minor-fareast;mso-bidi-font-family:&quot;Times New Roman&quot;;\nmso-bidi-theme-font:minor-bidi\">语句<span lang=\"EN-US\">&nbsp;<br>\n7.1 case</span>关键字应和<span lang=\"EN-US\">switch</span>对齐。<span lang=\"EN-US\">&nbsp;<br>\n7.2 case</span>子语句如果有变量，应用<span lang=\"EN-US\">{}</span>包含起来。<span lang=\"EN-US\">&nbsp;<br>\n7.3 </span>如果有并列的类似的简单<span lang=\"EN-US\">case</span>语句，可考虑将<span lang=\"EN-US\">case</span>代码块写为一行代码。<span lang=\"EN-US\">&nbsp;<br>\n7.4 </span>简单的<span lang=\"EN-US\">case</span>之间可不用空行，复杂的<span lang=\"EN-US\">case</span>之间应考虑用空行分割开。<span lang=\"EN-US\">&nbsp;<br>\n7.5 case</span>字语句的大括号另起一行，不要和<span lang=\"EN-US\">case</span>写到一行。<span lang=\"EN-US\">&nbsp;<br>\n7.6 </span>为所有<span lang=\"EN-US\">switch</span>语句提供<span lang=\"EN-US\">default</span>分支。<span lang=\"EN-US\">&nbsp;<br>\n7.7 </span>若某个<span lang=\"EN-US\">case</span>不需要<span lang=\"EN-US\">break</span>一定要加注释声明。<span lang=\"EN-US\"><o:p></o:p></span></span></p><p style=\"margin-top:0cm;margin-right:0cm;margin-bottom:12.0pt;margin-left:\n30.0pt;text-align:justify;text-justify:inter-ideograph;text-indent:-18.0pt;\nmso-list:l0 level1 lfo1;tab-stops:list 36.0pt;background:white\"><!--[if !supportLists]--><span lang=\"EN-US\" style=\"font-size:11.0pt;mso-ascii-font-family:宋体;mso-ascii-theme-font:\nminor-fareast;mso-fareast-font-family:宋体;mso-fareast-theme-font:minor-fareast;\nmso-hansi-font-family:宋体;mso-hansi-theme-font:minor-fareast;mso-bidi-font-family:\n宋体;mso-bidi-theme-font:minor-fareast\"><span>7.<span times=\"\" new=\"\" roman\"\'=\"\">&nbsp; </span></span></span><!--[endif]--><span style=\"font-size:11.0pt;mso-ascii-font-family:宋体;mso-ascii-theme-font:minor-fareast;\nmso-fareast-font-family:宋体;mso-fareast-theme-font:minor-fareast;mso-hansi-font-family:\n宋体;mso-hansi-theme-font:minor-fareast;mso-bidi-font-family:&quot;Times New Roman&quot;;\nmso-bidi-theme-font:minor-bidi\">循环<span lang=\"EN-US\">&nbsp;<br>\n8.1 </span>空循环可用<span lang=\"EN-US\">&nbsp;</span></span><span lang=\"EN-US\" times=\"\" new=\"\" roman\";mso-bidi-theme-font:minor-bidi\'=\"\">for(\n;; )</span><span lang=\"EN-US\" style=\"font-size:11.0pt;mso-ascii-font-family:宋体;\nmso-ascii-theme-font:minor-fareast;mso-fareast-font-family:宋体;mso-fareast-theme-font:\nminor-fareast;mso-hansi-font-family:宋体;mso-hansi-theme-font:minor-fareast;\nmso-bidi-font-family:&quot;Times New Roman&quot;;mso-bidi-theme-font:minor-bidi\">&nbsp;</span><span style=\"font-size:11.0pt;mso-ascii-font-family:宋体;mso-ascii-theme-font:minor-fareast;\nmso-fareast-font-family:宋体;mso-fareast-theme-font:minor-fareast;mso-hansi-font-family:\n宋体;mso-hansi-theme-font:minor-fareast;mso-bidi-font-family:&quot;Times New Roman&quot;;\nmso-bidi-theme-font:minor-bidi\">或者<span lang=\"EN-US\">&nbsp;</span></span><span lang=\"EN-USTimes\" new=\"\" roman\";mso-bidi-theme-font:=\"\" minor-bidi\'=\"\">while( 1 )</span><span lang=\"EN-US\" style=\"font-size:11.0pt;\nmso-ascii-font-family:宋体;mso-ascii-theme-font:minor-fareast;mso-fareast-font-family:\n宋体;mso-fareast-theme-font:minor-fareast;mso-hansi-font-family:宋体;mso-hansi-theme-font:\nminor-fareast;mso-bidi-font-family:&quot;Times New Roman&quot;;mso-bidi-theme-font:minor-bidi\">&nbsp;</span><span style=\"font-size:11.0pt;mso-ascii-font-family:宋体;mso-ascii-theme-font:minor-fareast;\nmso-fareast-font-family:宋体;mso-fareast-theme-font:minor-fareast;mso-hansi-font-family:\n宋体;mso-hansi-theme-font:minor-fareast;mso-bidi-font-family:&quot;Times New Roman&quot;;\nmso-bidi-theme-font:minor-bidi\">或者<span lang=\"EN-US\">&nbsp;</span></span><span lang=\"EN-USTimes\" new=\"\" roman\";mso-bidi-theme-font:=\"\" minor-bidi\'=\"\">while( true )</span><span lang=\"EN-US\" style=\"font-size:11.0pt;\nmso-ascii-font-family:宋体;mso-ascii-theme-font:minor-fareast;mso-fareast-font-family:\n宋体;mso-fareast-theme-font:minor-fareast;mso-hansi-font-family:宋体;mso-hansi-theme-font:\nminor-fareast;mso-bidi-font-family:&quot;Times New Roman&quot;;mso-bidi-theme-font:minor-bidi\"><o:p></o:p></span></p><p style=\"margin-top:0cm;margin-right:0cm;margin-bottom:12.0pt;margin-left:\n30.0pt;text-align:justify;text-justify:inter-ideograph;text-indent:-18.0pt;\nmso-list:l0 level1 lfo1;tab-stops:list 36.0pt;background:white\"><!--[if !supportLists]--><span lang=\"EN-US\" style=\"font-size:11.0pt;mso-ascii-font-family:宋体;mso-ascii-theme-font:\nminor-fareast;mso-fareast-font-family:宋体;mso-fareast-theme-font:minor-fareast;\nmso-hansi-font-family:宋体;mso-hansi-theme-font:minor-fareast;mso-bidi-font-family:\n宋体;mso-bidi-theme-font:minor-fareast\"><span>8.<span times=\"\" new=\"\" roman\"\'=\"\">&nbsp; </span></span></span><!--[endif]--><span style=\"font-size:11.0pt;mso-ascii-font-family:宋体;mso-ascii-theme-font:minor-fareast;\nmso-fareast-font-family:宋体;mso-fareast-theme-font:minor-fareast;mso-hansi-font-family:\n宋体;mso-hansi-theme-font:minor-fareast;mso-bidi-font-family:&quot;Times New Roman&quot;;\nmso-bidi-theme-font:minor-bidi\">类<span lang=\"EN-US\">&nbsp;<br>\n9.1 </span>类继承应采用每个基类占据一行的方式。<span lang=\"EN-US\">&nbsp;<br>\n9.2 </span>单继承可将基类放在类定义的同一行。如果用多行，则应用<span lang=\"EN-US\">Tab</span>缩进。<span lang=\"EN-US\">&nbsp;<br>\n9.3 </span>多继承在基类比较多的情况下，应将基类分行，并采用<span lang=\"EN-US\">Tab</span>缩进对齐。<span lang=\"EN-US\">&nbsp;<br>\n9.4 </span>重载基类虚函数，应在该组虚函数前写注释<span lang=\"EN-US\">&nbsp;</span></span><span lang=\"EN-USTimes\" new=\"\" roman\";mso-bidi-theme-font:=\"\" minor-bidi\'=\"\">// implement XXX</span><span lang=\"EN-US\" style=\"font-size:11.0pt;\nmso-ascii-font-family:宋体;mso-ascii-theme-font:minor-fareast;mso-fareast-font-family:\n宋体;mso-fareast-theme-font:minor-fareast;mso-hansi-font-family:宋体;mso-hansi-theme-font:\nminor-fareast;mso-bidi-font-family:&quot;Times New Roman&quot;;mso-bidi-theme-font:minor-bidi\">&nbsp;<br>\n9.5 </span><span style=\"font-size:11.0pt;mso-ascii-font-family:宋体;mso-ascii-theme-font:\nminor-fareast;mso-fareast-font-family:宋体;mso-fareast-theme-font:minor-fareast;\nmso-hansi-font-family:宋体;mso-hansi-theme-font:minor-fareast;mso-bidi-font-family:\n&quot;Times New Roman&quot;;mso-bidi-theme-font:minor-bidi\">友元声明放到类的末尾。<span lang=\"EN-US\"><o:p></o:p></span></span></p><p style=\"margin-top:0cm;margin-right:0cm;margin-bottom:12.0pt;margin-left:\n30.0pt;text-align:justify;text-justify:inter-ideograph;text-indent:-18.0pt;\nmso-list:l0 level1 lfo1;tab-stops:list 36.0pt;background:white\"><!--[if !supportLists]--><span lang=\"EN-US\" style=\"font-size:11.0pt;mso-ascii-font-family:宋体;mso-ascii-theme-font:\nminor-fareast;mso-fareast-font-family:宋体;mso-fareast-theme-font:minor-fareast;\nmso-hansi-font-family:宋体;mso-hansi-theme-font:minor-fareast;mso-bidi-font-family:\n宋体;mso-bidi-theme-font:minor-fareast\"><span>9.<span times=\"\" new=\"\" roman\"\'=\"\">&nbsp; </span></span></span><!--[endif]--><span style=\"font-size:11.0pt;mso-ascii-font-family:宋体;mso-ascii-theme-font:minor-fareast;\nmso-fareast-font-family:宋体;mso-fareast-theme-font:minor-fareast;mso-hansi-font-family:\n宋体;mso-hansi-theme-font:minor-fareast;mso-bidi-font-family:&quot;Times New Roman&quot;;\nmso-bidi-theme-font:minor-bidi\">宏<span lang=\"EN-US\">&nbsp;<br>\n10.1 </span>不要用分号结束宏定义。<span lang=\"EN-US\">&nbsp;<br>\n10.2 </span>函数宏的每个参数都要括起来。<span lang=\"EN-US\">&nbsp;<br>\n10.3 </span>不带参数的宏函数也要定义成函数形式。<span lang=\"EN-US\"><o:p></o:p></span></span></p><p>\n<!--[if gte mso 9]><xml>\n <o:OfficeDocumentSettings>\n  <o:AllowPNG/>\n </o:OfficeDocumentSettings>\n</xml><![endif]-->\n\n\n<!--[if gte mso 9]><xml>\n <w:WordDocument>\n  <w:View>Normal</w:View>\n  <w:Zoom>0</w:Zoom>\n  <w:TrackMoves/>\n  <w:TrackFormatting/>\n  <w:PunctuationKerning/>\n  <w:DrawingGridVerticalSpacing>7.8 磅</w:DrawingGridVerticalSpacing>\n  <w:DisplayHorizontalDrawingGridEvery>0</w:DisplayHorizontalDrawingGridEvery>\n  <w:DisplayVerticalDrawingGridEvery>2</w:DisplayVerticalDrawingGridEvery>\n  <w:ValidateAgainstSchemas/>\n  <w:SaveIfXMLInvalid>false</w:SaveIfXMLInvalid>\n  <w:IgnoreMixedContent>false</w:IgnoreMixedContent>\n  <w:AlwaysShowPlaceholderText>false</w:AlwaysShowPlaceholderText>\n  <w:DoNotPromoteQF/>\n  <w:LidThemeOther>EN-US</w:LidThemeOther>\n  <w:LidThemeAsian>ZH-CN</w:LidThemeAsian>\n  <w:LidThemeComplexScript>X-NONE</w:LidThemeComplexScript>\n  <w:Compatibility>\n   <w:SpaceForUL/>\n   <w:BalanceSingleByteDoubleByteWidth/>\n   <w:DoNotLeaveBackslashAlone/>\n   <w:ULTrailSpace/>\n   <w:DoNotExpandShiftReturn/>\n   <w:AdjustLineHeightInTable/>\n   <w:BreakWrappedTables/>\n   <w:SnapToGridInCell/>\n   <w:WrapTextWithPunct/>\n   <w:UseAsianBreakRules/>\n   <w:DontGrowAutofit/>\n   <w:SplitPgBreakAndParaMark/>\n   <w:EnableOpenTypeKerning/>\n   <w:DontFlipMirrorIndents/>\n   <w:OverrideTableStyleHps/>\n   <w:UseFELayout/>\n  </w:Compatibility>\n  <m:mathPr>\n   <m:mathFont m:val=\"Cambria Math\"/>\n   <m:brkBin m:val=\"before\"/>\n   <m:brkBinSub m:val=\"&#45;-\"/>\n   <m:smallFrac m:val=\"off\"/>\n   <m:dispDef/>\n   <m:lMargin m:val=\"0\"/>\n   <m:rMargin m:val=\"0\"/>\n   <m:defJc m:val=\"centerGroup\"/>\n   <m:wrapIndent m:val=\"1440\"/>\n   <m:intLim m:val=\"subSup\"/>\n   <m:naryLim m:val=\"undOvr\"/>\n  </m:mathPr></w:WordDocument>\n</xml><![endif]--><!--[if gte mso 9]><xml>\n <w:LatentStyles DefLockedState=\"false\" DefUnhideWhenUsed=\"true\"\n  DefSemiHidden=\"true\" DefQFormat=\"false\" DefPriority=\"99\"\n  LatentStyleCount=\"267\">\n  <w:LsdException Locked=\"false\" Priority=\"0\" SemiHidden=\"false\"\n   UnhideWhenUsed=\"false\" QFormat=\"true\" Name=\"Normal\"/>\n  <w:LsdException Locked=\"false\" Priority=\"9\" SemiHidden=\"false\"\n   UnhideWhenUsed=\"false\" QFormat=\"true\" Name=\"heading 1\"/>\n  <w:LsdException Locked=\"false\" Priority=\"9\" QFormat=\"true\" Name=\"heading 2\"/>\n  <w:LsdException Locked=\"false\" Priority=\"9\" QFormat=\"true\" Name=\"heading 3\"/>\n  <w:LsdException Locked=\"false\" Priority=\"9\" QFormat=\"true\" Name=\"heading 4\"/>\n  <w:LsdException Locked=\"false\" Priority=\"9\" QFormat=\"true\" Name=\"heading 5\"/>\n  <w:LsdException Locked=\"false\" Priority=\"9\" QFormat=\"true\" Name=\"heading 6\"/>\n  <w:LsdException Locked=\"false\" Priority=\"9\" QFormat=\"true\" Name=\"heading 7\"/>\n  <w:LsdException Locked=\"false\" Priority=\"9\" QFormat=\"true\" Name=\"heading 8\"/>\n  <w:LsdException Locked=\"false\" Priority=\"9\" QFormat=\"true\" Name=\"heading 9\"/>\n  <w:LsdException Locked=\"false\" Priority=\"39\" Name=\"toc 1\"/>\n  <w:LsdException Locked=\"false\" Priority=\"39\" Name=\"toc 2\"/>\n  <w:LsdException Locked=\"false\" Priority=\"39\" Name=\"toc 3\"/>\n  <w:LsdException Locked=\"false\" Priority=\"39\" Name=\"toc 4\"/>\n  <w:LsdException Locked=\"false\" Priority=\"39\" Name=\"toc 5\"/>\n  <w:LsdException Locked=\"false\" Priority=\"39\" Name=\"toc 6\"/>\n  <w:LsdException Locked=\"false\" Priority=\"39\" Name=\"toc 7\"/>\n  <w:LsdException Locked=\"false\" Priority=\"39\" Name=\"toc 8\"/>\n  <w:LsdException Locked=\"false\" Priority=\"39\" Name=\"toc 9\"/>\n  <w:LsdException Locked=\"false\" Priority=\"35\" QFormat=\"true\" Name=\"caption\"/>\n  <w:LsdException Locked=\"false\" Priority=\"10\" SemiHidden=\"false\"\n   UnhideWhenUsed=\"false\" QFormat=\"true\" Name=\"Title\"/>\n  <w:LsdException Locked=\"false\" Priority=\"1\" Name=\"Default Paragraph Font\"/>\n  <w:LsdException Locked=\"false\" Priority=\"11\" SemiHidden=\"false\"\n   UnhideWhenUsed=\"false\" QFormat=\"true\" Name=\"Subtitle\"/>\n  <w:LsdException Locked=\"false\" Priority=\"22\" SemiHidden=\"false\"\n   UnhideWhenUsed=\"false\" QFormat=\"true\" Name=\"Strong\"/>\n  <w:LsdException Locked=\"false\" Priority=\"20\" SemiHidden=\"false\"\n   UnhideWhenUsed=\"false\" QFormat=\"true\" Name=\"Emphasis\"/>\n  <w:LsdException Locked=\"false\" Priority=\"59\" SemiHidden=\"false\"\n   UnhideWhenUsed=\"false\" Name=\"Table Grid\"/>\n  <w:LsdException Locked=\"false\" UnhideWhenUsed=\"false\" Name=\"Placeholder Text\"/>\n  <w:LsdException Locked=\"false\" Priority=\"1\" SemiHidden=\"false\"\n   UnhideWhenUsed=\"false\" QFormat=\"true\" Name=\"No Spacing\"/>\n  <w:LsdException Locked=\"false\" Priority=\"60\" SemiHidden=\"false\"\n   UnhideWhenUsed=\"false\" Name=\"Light Shading\"/>\n  <w:LsdException Locked=\"false\" Priority=\"61\" SemiHidden=\"false\"\n   UnhideWhenUsed=\"false\" Name=\"Light List\"/>\n  <w:LsdException Locked=\"false\" Priority=\"62\" SemiHidden=\"false\"\n   UnhideWhenUsed=\"false\" Name=\"Light Grid\"/>\n  <w:LsdException Locked=\"false\" Priority=\"63\" SemiHidden=\"false\"\n   UnhideWhenUsed=\"false\" Name=\"Medium Shading 1\"/>\n  <w:LsdException Locked=\"false\" Priority=\"64\" SemiHidden=\"false\"\n   UnhideWhenUsed=\"false\" Name=\"Medium Shading 2\"/>\n  <w:LsdException Locked=\"false\" Priority=\"65\" SemiHidden=\"false\"\n   UnhideWhenUsed=\"false\" Name=\"Medium List 1\"/>\n  <w:LsdException Locked=\"false\" Priority=\"66\" SemiHidden=\"false\"\n   UnhideWhenUsed=\"false\" Name=\"Medium List 2\"/>\n  <w:LsdException Locked=\"false\" Priority=\"67\" SemiHidden=\"false\"\n   UnhideWhenUsed=\"false\" Name=\"Medium Grid 1\"/>\n  <w:LsdException Locked=\"false\" Priority=\"68\" SemiHidden=\"false\"\n   UnhideWhenUsed=\"false\" Name=\"Medium Grid 2\"/>\n  <w:LsdException Locked=\"false\" Priority=\"69\" SemiHidden=\"false\"\n   UnhideWhenUsed=\"false\" Name=\"Medium Grid 3\"/>\n  <w:LsdException Locked=\"false\" Priority=\"70\" SemiHidden=\"false\"\n   UnhideWhenUsed=\"false\" Name=\"Dark List\"/>\n  <w:LsdException Locked=\"false\" Priority=\"71\" SemiHidden=\"false\"\n   UnhideWhenUsed=\"false\" Name=\"Colorful Shading\"/>\n  <w:LsdException Locked=\"false\" Priority=\"72\" SemiHidden=\"false\"\n   UnhideWhenUsed=\"false\" Name=\"Colorful List\"/>\n  <w:LsdException Locked=\"false\" Priority=\"73\" SemiHidden=\"false\"\n   UnhideWhenUsed=\"false\" Name=\"Colorful Grid\"/>\n  <w:LsdException Locked=\"false\" Priority=\"60\" SemiHidden=\"false\"\n   UnhideWhenUsed=\"false\" Name=\"Light Shading Accent 1\"/>\n  <w:LsdException Locked=\"false\" Priority=\"61\" SemiHidden=\"false\"\n   UnhideWhenUsed=\"false\" Name=\"Light List Accent 1\"/>\n  <w:LsdException Locked=\"false\" Priority=\"62\" SemiHidden=\"false\"\n   UnhideWhenUsed=\"false\" Name=\"Light Grid Accent 1\"/>\n  <w:LsdException Locked=\"false\" Priority=\"63\" SemiHidden=\"false\"\n   UnhideWhenUsed=\"false\" Name=\"Medium Shading 1 Accent 1\"/>\n  <w:LsdException Locked=\"false\" Priority=\"64\" SemiHidden=\"false\"\n   UnhideWhenUsed=\"false\" Name=\"Medium Shading 2 Accent 1\"/>\n  <w:LsdException Locked=\"false\" Priority=\"65\" SemiHidden=\"false\"\n   UnhideWhenUsed=\"false\" Name=\"Medium List 1 Accent 1\"/>\n  <w:LsdException Locked=\"false\" UnhideWhenUsed=\"false\" Name=\"Revision\"/>\n  <w:LsdException Locked=\"false\" Priority=\"34\" SemiHidden=\"false\"\n   UnhideWhenUsed=\"false\" QFormat=\"true\" Name=\"List Paragraph\"/>\n  <w:LsdException Locked=\"false\" Priority=\"29\" SemiHidden=\"false\"\n   UnhideWhenUsed=\"false\" QFormat=\"true\" Name=\"Quote\"/>\n  <w:LsdException Locked=\"false\" Priority=\"30\" SemiHidden=\"false\"\n   UnhideWhenUsed=\"false\" QFormat=\"true\" Name=\"Intense Quote\"/>\n  <w:LsdException Locked=\"false\" Priority=\"66\" SemiHidden=\"false\"\n   UnhideWhenUsed=\"false\" Name=\"Medium List 2 Accent 1\"/>\n  <w:LsdException Locked=\"false\" Priority=\"67\" SemiHidden=\"false\"\n   UnhideWhenUsed=\"false\" Name=\"Medium Grid 1 Accent 1\"/>\n  <w:LsdException Locked=\"false\" Priority=\"68\" SemiHidden=\"false\"\n   UnhideWhenUsed=\"false\" Name=\"Medium Grid 2 Accent 1\"/>\n  <w:LsdException Locked=\"false\" Priority=\"69\" SemiHidden=\"false\"\n   UnhideWhenUsed=\"false\" Name=\"Medium Grid 3 Accent 1\"/>\n  <w:LsdException Locked=\"false\" Priority=\"70\" SemiHidden=\"false\"\n   UnhideWhenUsed=\"false\" Name=\"Dark List Accent 1\"/>\n  <w:LsdException Locked=\"false\" Priority=\"71\" SemiHidden=\"false\"\n   UnhideWhenUsed=\"false\" Name=\"Colorful Shading Accent 1\"/>\n  <w:LsdException Locked=\"false\" Priority=\"72\" SemiHidden=\"false\"\n   UnhideWhenUsed=\"false\" Name=\"Colorful List Accent 1\"/>\n  <w:LsdException Locked=\"false\" Priority=\"73\" SemiHidden=\"false\"\n   UnhideWhenUsed=\"false\" Name=\"Colorful Grid Accent 1\"/>\n  <w:LsdException Locked=\"false\" Priority=\"60\" SemiHidden=\"false\"\n   UnhideWhenUsed=\"false\" Name=\"Light Shading Accent 2\"/>\n  <w:LsdException Locked=\"false\" Priority=\"61\" SemiHidden=\"false\"\n   UnhideWhenUsed=\"false\" Name=\"Light List Accent 2\"/>\n  <w:LsdException Locked=\"false\" Priority=\"62\" SemiHidden=\"false\"\n   UnhideWhenUsed=\"false\" Name=\"Light Grid Accent 2\"/>\n  <w:LsdException Locked=\"false\" Priority=\"63\" SemiHidden=\"false\"\n   UnhideWhenUsed=\"false\" Name=\"Medium Shading 1 Accent 2\"/>\n  <w:LsdException Locked=\"false\" Priority=\"64\" SemiHidden=\"false\"\n   UnhideWhenUsed=\"false\" Name=\"Medium Shading 2 Accent 2\"/>\n  <w:LsdException Locked=\"false\" Priority=\"65\" SemiHidden=\"false\"\n   UnhideWhenUsed=\"false\" Name=\"Medium List 1 Accent 2\"/>\n  <w:LsdException Locked=\"false\" Priority=\"66\" SemiHidden=\"false\"\n   UnhideWhenUsed=\"false\" Name=\"Medium List 2 Accent 2\"/>\n  <w:LsdException Locked=\"false\" Priority=\"67\" SemiHidden=\"false\"\n   UnhideWhenUsed=\"false\" Name=\"Medium Grid 1 Accent 2\"/>\n  <w:LsdException Locked=\"false\" Priority=\"68\" SemiHidden=\"false\"\n   UnhideWhenUsed=\"false\" Name=\"Medium Grid 2 Accent 2\"/>\n  <w:LsdException Locked=\"false\" Priority=\"69\" SemiHidden=\"false\"\n   UnhideWhenUsed=\"false\" Name=\"Medium Grid 3 Accent 2\"/>\n  <w:LsdException Locked=\"false\" Priority=\"70\" SemiHidden=\"false\"\n   UnhideWhenUsed=\"false\" Name=\"Dark List Accent 2\"/>\n  <w:LsdException Locked=\"false\" Priority=\"71\" SemiHidden=\"false\"\n   UnhideWhenUsed=\"false\" Name=\"Colorful Shading Accent 2\"/>\n  <w:LsdException Locked=\"false\" Priority=\"72\" SemiHidden=\"false\"\n   UnhideWhenUsed=\"false\" Name=\"Colorful List Accent 2\"/>\n  <w:LsdException Locked=\"false\" Priority=\"73\" SemiHidden=\"false\"\n   UnhideWhenUsed=\"false\" Name=\"Colorful Grid Accent 2\"/>\n  <w:LsdException Locked=\"false\" Priority=\"60\" SemiHidden=\"false\"\n   UnhideWhenUsed=\"false\" Name=\"Light Shading Accent 3\"/>\n  <w:LsdException Locked=\"false\" Priority=\"61\" SemiHidden=\"false\"\n   UnhideWhenUsed=\"false\" Name=\"Light List Accent 3\"/>\n  <w:LsdException Locked=\"false\" Priority=\"62\" SemiHidden=\"false\"\n   UnhideWhenUsed=\"false\" Name=\"Light Grid Accent 3\"/>\n  <w:LsdException Locked=\"false\" Priority=\"63\" SemiHidden=\"false\"\n   UnhideWhenUsed=\"false\" Name=\"Medium Shading 1 Accent 3\"/>\n  <w:LsdException Locked=\"false\" Priority=\"64\" SemiHidden=\"false\"\n   UnhideWhenUsed=\"false\" Name=\"Medium Shading 2 Accent 3\"/>\n  <w:LsdException Locked=\"false\" Priority=\"65\" SemiHidden=\"false\"\n   UnhideWhenUsed=\"false\" Name=\"Medium List 1 Accent 3\"/>\n  <w:LsdException Locked=\"false\" Priority=\"66\" SemiHidden=\"false\"\n   UnhideWhenUsed=\"false\" Name=\"Medium List 2 Accent 3\"/>\n  <w:LsdException Locked=\"false\" Priority=\"67\" SemiHidden=\"false\"\n   UnhideWhenUsed=\"false\" Name=\"Medium Grid 1 Accent 3\"/>\n  <w:LsdException Locked=\"false\" Priority=\"68\" SemiHidden=\"false\"\n   UnhideWhenUsed=\"false\" Name=\"Medium Grid 2 Accent 3\"/>\n  <w:LsdException Locked=\"false\" Priority=\"69\" SemiHidden=\"false\"\n   UnhideWhenUsed=\"false\" Name=\"Medium Grid 3 Accent 3\"/>\n  <w:LsdException Locked=\"false\" Priority=\"70\" SemiHidden=\"false\"\n   UnhideWhenUsed=\"false\" Name=\"Dark List Accent 3\"/>\n  <w:LsdException Locked=\"false\" Priority=\"71\" SemiHidden=\"false\"\n   UnhideWhenUsed=\"false\" Name=\"Colorful Shading Accent 3\"/>\n  <w:LsdException Locked=\"false\" Priority=\"72\" SemiHidden=\"false\"\n   UnhideWhenUsed=\"false\" Name=\"Colorful List Accent 3\"/>\n  <w:LsdException Locked=\"false\" Priority=\"73\" SemiHidden=\"false\"\n   UnhideWhenUsed=\"false\" Name=\"Colorful Grid Accent 3\"/>\n  <w:LsdException Locked=\"false\" Priority=\"60\" SemiHidden=\"false\"\n   UnhideWhenUsed=\"false\" Name=\"Light Shading Accent 4\"/>\n  <w:LsdException Locked=\"false\" Priority=\"61\" SemiHidden=\"false\"\n   UnhideWhenUsed=\"false\" Name=\"Light List Accent 4\"/>\n  <w:LsdException Locked=\"false\" Priority=\"62\" SemiHidden=\"false\"\n   UnhideWhenUsed=\"false\" Name=\"Light Grid Accent 4\"/>\n  <w:LsdException Locked=\"false\" Priority=\"63\" SemiHidden=\"false\"\n   UnhideWhenUsed=\"false\" Name=\"Medium Shading 1 Accent 4\"/>\n  <w:LsdException Locked=\"false\" Priority=\"64\" SemiHidden=\"false\"\n   UnhideWhenUsed=\"false\" Name=\"Medium Shading 2 Accent 4\"/>\n  <w:LsdException Locked=\"false\" Priority=\"65\" SemiHidden=\"false\"\n   UnhideWhenUsed=\"false\" Name=\"Medium List 1 Accent 4\"/>\n  <w:LsdException Locked=\"false\" Priority=\"66\" SemiHidden=\"false\"\n   UnhideWhenUsed=\"false\" Name=\"Medium List 2 Accent 4\"/>\n  <w:LsdException Locked=\"false\" Priority=\"67\" SemiHidden=\"false\"\n   UnhideWhenUsed=\"false\" Name=\"Medium Grid 1 Accent 4\"/>\n  <w:LsdException Locked=\"false\" Priority=\"68\" SemiHidden=\"false\"\n   UnhideWhenUsed=\"false\" Name=\"Medium Grid 2 Accent 4\"/>\n  <w:LsdException Locked=\"false\" Priority=\"69\" SemiHidden=\"false\"\n   UnhideWhenUsed=\"false\" Name=\"Medium Grid 3 Accent 4\"/>\n  <w:LsdException Locked=\"false\" Priority=\"70\" SemiHidden=\"false\"\n   UnhideWhenUsed=\"false\" Name=\"Dark List Accent 4\"/>\n  <w:LsdException Locked=\"false\" Priority=\"71\" SemiHidden=\"false\"\n   UnhideWhenUsed=\"false\" Name=\"Colorful Shading Accent 4\"/>\n  <w:LsdException Locked=\"false\" Priority=\"72\" SemiHidden=\"false\"\n   UnhideWhenUsed=\"false\" Name=\"Colorful List Accent 4\"/>\n  <w:LsdException Locked=\"false\" Priority=\"73\" SemiHidden=\"false\"\n   UnhideWhenUsed=\"false\" Name=\"Colorful Grid Accent 4\"/>\n  <w:LsdException Locked=\"false\" Priority=\"60\" SemiHidden=\"false\"\n   UnhideWhenUsed=\"false\" Name=\"Light Shading Accent 5\"/>\n  <w:LsdException Locked=\"false\" Priority=\"61\" SemiHidden=\"false\"\n   UnhideWhenUsed=\"false\" Name=\"Light List Accent 5\"/>\n  <w:LsdException Locked=\"false\" Priority=\"62\" SemiHidden=\"false\"\n   UnhideWhenUsed=\"false\" Name=\"Light Grid Accent 5\"/>\n  <w:LsdException Locked=\"false\" Priority=\"63\" SemiHidden=\"false\"\n   UnhideWhenUsed=\"false\" Name=\"Medium Shading 1 Accent 5\"/>\n  <w:LsdException Locked=\"false\" Priority=\"64\" SemiHidden=\"false\"\n   UnhideWhenUsed=\"false\" Name=\"Medium Shading 2 Accent 5\"/>\n  <w:LsdException Locked=\"false\" Priority=\"65\" SemiHidden=\"false\"\n   UnhideWhenUsed=\"false\" Name=\"Medium List 1 Accent 5\"/>\n  <w:LsdException Locked=\"false\" Priority=\"66\" SemiHidden=\"false\"\n   UnhideWhenUsed=\"false\" Name=\"Medium List 2 Accent 5\"/>\n  <w:LsdException Locked=\"false\" Priority=\"67\" SemiHidden=\"false\"\n   UnhideWhenUsed=\"false\" Name=\"Medium Grid 1 Accent 5\"/>\n  <w:LsdException Locked=\"false\" Priority=\"68\" SemiHidden=\"false\"\n   UnhideWhenUsed=\"false\" Name=\"Medium Grid 2 Accent 5\"/>\n  <w:LsdException Locked=\"false\" Priority=\"69\" SemiHidden=\"false\"\n   UnhideWhenUsed=\"false\" Name=\"Medium Grid 3 Accent 5\"/>\n  <w:LsdException Locked=\"false\" Priority=\"70\" SemiHidden=\"false\"\n   UnhideWhenUsed=\"false\" Name=\"Dark List Accent 5\"/>\n  <w:LsdException Locked=\"false\" Priority=\"71\" SemiHidden=\"false\"\n   UnhideWhenUsed=\"false\" Name=\"Colorful Shading Accent 5\"/>\n  <w:LsdException Locked=\"false\" Priority=\"72\" SemiHidden=\"false\"\n   UnhideWhenUsed=\"false\" Name=\"Colorful List Accent 5\"/>\n  <w:LsdException Locked=\"false\" Priority=\"73\" SemiHidden=\"false\"\n   UnhideWhenUsed=\"false\" Name=\"Colorful Grid Accent 5\"/>\n  <w:LsdException Locked=\"false\" Priority=\"60\" SemiHidden=\"false\"\n   UnhideWhenUsed=\"false\" Name=\"Light Shading Accent 6\"/>\n  <w:LsdException Locked=\"false\" Priority=\"61\" SemiHidden=\"false\"\n   UnhideWhenUsed=\"false\" Name=\"Light List Accent 6\"/>\n  <w:LsdException Locked=\"false\" Priority=\"62\" SemiHidden=\"false\"\n   UnhideWhenUsed=\"false\" Name=\"Light Grid Accent 6\"/>\n  <w:LsdException Locked=\"false\" Priority=\"63\" SemiHidden=\"false\"\n   UnhideWhenUsed=\"false\" Name=\"Medium Shading 1 Accent 6\"/>\n  <w:LsdException Locked=\"false\" Priority=\"64\" SemiHidden=\"false\"\n   UnhideWhenUsed=\"false\" Name=\"Medium Shading 2 Accent 6\"/>\n  <w:LsdException Locked=\"false\" Priority=\"65\" SemiHidden=\"false\"\n   UnhideWhenUsed=\"false\" Name=\"Medium List 1 Accent 6\"/>\n  <w:LsdException Locked=\"false\" Priority=\"66\" SemiHidden=\"false\"\n   UnhideWhenUsed=\"false\" Name=\"Medium List 2 Accent 6\"/>\n  <w:LsdException Locked=\"false\" Priority=\"67\" SemiHidden=\"false\"\n   UnhideWhenUsed=\"false\" Name=\"Medium Grid 1 Accent 6\"/>\n  <w:LsdException Locked=\"false\" Priority=\"68\" SemiHidden=\"false\"\n   UnhideWhenUsed=\"false\" Name=\"Medium Grid 2 Accent 6\"/>\n  <w:LsdException Locked=\"false\" Priority=\"69\" SemiHidden=\"false\"\n   UnhideWhenUsed=\"false\" Name=\"Medium Grid 3 Accent 6\"/>\n  <w:LsdException Locked=\"false\" Priority=\"70\" SemiHidden=\"false\"\n   UnhideWhenUsed=\"false\" Name=\"Dark List Accent 6\"/>\n  <w:LsdException Locked=\"false\" Priority=\"71\" SemiHidden=\"false\"\n   UnhideWhenUsed=\"false\" Name=\"Colorful Shading Accent 6\"/>\n  <w:LsdException Locked=\"false\" Priority=\"72\" SemiHidden=\"false\"\n   UnhideWhenUsed=\"false\" Name=\"Colorful List Accent 6\"/>\n  <w:LsdException Locked=\"false\" Priority=\"73\" SemiHidden=\"false\"\n   UnhideWhenUsed=\"false\" Name=\"Colorful Grid Accent 6\"/>\n  <w:LsdException Locked=\"false\" Priority=\"19\" SemiHidden=\"false\"\n   UnhideWhenUsed=\"false\" QFormat=\"true\" Name=\"Subtle Emphasis\"/>\n  <w:LsdException Locked=\"false\" Priority=\"21\" SemiHidden=\"false\"\n   UnhideWhenUsed=\"false\" QFormat=\"true\" Name=\"Intense Emphasis\"/>\n  <w:LsdException Locked=\"false\" Priority=\"31\" SemiHidden=\"false\"\n   UnhideWhenUsed=\"false\" QFormat=\"true\" Name=\"Subtle Reference\"/>\n  <w:LsdException Locked=\"false\" Priority=\"32\" SemiHidden=\"false\"\n   UnhideWhenUsed=\"false\" QFormat=\"true\" Name=\"Intense Reference\"/>\n  <w:LsdException Locked=\"false\" Priority=\"33\" SemiHidden=\"false\"\n   UnhideWhenUsed=\"false\" QFormat=\"true\" Name=\"Book Title\"/>\n  <w:LsdException Locked=\"false\" Priority=\"37\" Name=\"Bibliography\"/>\n  <w:LsdException Locked=\"false\" Priority=\"39\" QFormat=\"true\" Name=\"TOC Heading\"/>\n </w:LatentStyles>\n</xml><![endif]-->\n<style>\n<!--\n /* Font Definitions */\n @font-face\n	{font-family:宋体;\n	panose-1:2 1 6 0 3 1 1 1 1 1;\n	mso-font-alt:SimSun;\n	mso-font-charset:134;\n	mso-generic-font-family:auto;\n	mso-font-pitch:variable;\n	mso-font-signature:3 680460288 22 0 262145 0;}\n@font-face\n	{font-family:宋体;\n	panose-1:2 1 6 0 3 1 1 1 1 1;\n	mso-font-alt:SimSun;\n	mso-font-charset:134;\n	mso-generic-font-family:auto;\n	mso-font-pitch:variable;\n	mso-font-signature:3 680460288 22 0 262145 0;}\n@font-face\n	{font-family:Calibri;\n	panose-1:2 15 5 2 2 2 4 3 2 4;\n	mso-font-charset:0;\n	mso-generic-font-family:swiss;\n	mso-font-pitch:variable;\n	mso-font-signature:-520092929 1073786111 9 0 415 0;}\n@font-face\n	{font-family:\"\\@宋体\";\n	panose-1:2 1 6 0 3 1 1 1 1 1;\n	mso-font-charset:134;\n	mso-generic-font-family:auto;\n	mso-font-pitch:variable;\n	mso-font-signature:3 680460288 22 0 262145 0;}\n /* Style Definitions */\n p.MsoNormal, li.MsoNormal, div.MsoNormal\n	{mso-style-unhide:no;\n	mso-style-qformat:yes;\n	mso-style-parent:\"\";\n	margin:0cm;\n	margin-bottom:.0001pt;\n	text-align:justify;\n	text-justify:inter-ideograph;\n	mso-pagination:none;\n	font-size:10.5pt;\n	mso-bidi-font-size:11.0pt;\n	font-family:\"Calibri\",\"sans-serif\";\n	mso-ascii-font-family:Calibri;\n	mso-ascii-theme-font:minor-latin;\n	mso-fareast-font-family:宋体;\n	mso-fareast-theme-font:minor-fareast;\n	mso-hansi-font-family:Calibri;\n	mso-hansi-theme-font:minor-latin;\n	mso-bidi-font-family:\"Times New Roman\";\n	mso-bidi-theme-font:minor-bidi;\n	mso-font-kerning:1.0pt;}\np\n	{mso-style-priority:99;\n	mso-margin-top-alt:auto;\n	margin-right:0cm;\n	mso-margin-bottom-alt:auto;\n	margin-left:0cm;\n	mso-pagination:widow-orphan;\n	font-size:12.0pt;\n	font-family:宋体;\n	mso-bidi-font-family:宋体;}\n.MsoChpDefault\n	{mso-style-type:export-only;\n	mso-default-props:yes;\n	font-family:\"Calibri\",\"sans-serif\";\n	mso-bidi-font-family:\"Times New Roman\";\n	mso-bidi-theme-font:minor-bidi;}\n /* Page Definitions */\n @page\n	{mso-page-border-surround-header:no;\n	mso-page-border-surround-footer:no;}\n@page WordSection1\n	{size:612.0pt 792.0pt;\n	margin:72.0pt 90.0pt 72.0pt 90.0pt;\n	mso-header-margin:36.0pt;\n	mso-footer-margin:36.0pt;\n	mso-paper-source:0;}\ndiv.WordSection1\n	{page:WordSection1;}\n /* List Definitions */\n @list l0\n	{mso-list-id:59796425;\n	mso-list-template-ids:2045794548;}\nol\n	{margin-bottom:0cm;}\nul\n	{margin-bottom:0cm;}\n-->\n</style>\n<!--[if gte mso 10]>\n<style>\n /* Style Definitions */\n table.MsoNormalTable\n	{mso-style-name:普通表格;\n	mso-tstyle-rowband-size:0;\n	mso-tstyle-colband-size:0;\n	mso-style-noshow:yes;\n	mso-style-priority:99;\n	mso-style-parent:\"\";\n	mso-padding-alt:0cm 5.4pt 0cm 5.4pt;\n	mso-para-margin:0cm;\n	mso-para-margin-bottom:.0001pt;\n	mso-pagination:widow-orphan;\n	font-size:10.5pt;\n	mso-bidi-font-size:11.0pt;\n	font-family:\"Calibri\",\"sans-serif\";\n	mso-ascii-font-family:Calibri;\n	mso-ascii-theme-font:minor-latin;\n	mso-hansi-font-family:Calibri;\n	mso-hansi-theme-font:minor-latin;\n	mso-bidi-font-family:\"Times New Roman\";\n	mso-bidi-theme-font:minor-bidi;\n	mso-font-kerning:1.0pt;}\n</style>\n<![endif]-->\n\n\n\n\n\n\n\n\n\n\n\n\n\n\n\n\n\n\n\n\n\n\n\n\n\n</p><p style=\"margin: 0cm 0cm 12pt 30pt; text-align: justify; text-indent: -18pt; background-image: initial; background-position: initial; background-size: initial; background-repeat: initial; background-attachment: initial; background-origin: initial; background-clip: initial;\"><!--[if !supportLists]--><span lang=\"EN-US\" style=\"font-size:11.0pt;mso-ascii-font-family:宋体;mso-ascii-theme-font:\nminor-fareast;mso-fareast-font-family:宋体;mso-fareast-theme-font:minor-fareast;\nmso-hansi-font-family:宋体;mso-hansi-theme-font:minor-fareast;mso-bidi-font-family:\n宋体;mso-bidi-theme-font:minor-fareast\">10.</span><!--[endif]--><span lang=\"EN-US\" style=\"font-size:11.0pt;mso-ascii-font-family:宋体;mso-ascii-theme-font:\nminor-fareast;mso-fareast-font-family:宋体;mso-fareast-theme-font:minor-fareast;\nmso-hansi-font-family:宋体;mso-hansi-theme-font:minor-fareast;mso-bidi-font-family:\n&quot;Times New Roman&quot;;mso-bidi-theme-font:minor-bidi\">goto&nbsp;<br>\n11.1 </span><span style=\"font-size:11.0pt;mso-ascii-font-family:宋体;mso-ascii-theme-font:\nminor-fareast;mso-fareast-font-family:宋体;mso-fareast-theme-font:minor-fareast;\nmso-hansi-font-family:宋体;mso-hansi-theme-font:minor-fareast;mso-bidi-font-family:\n&quot;Times New Roman&quot;;mso-bidi-theme-font:minor-bidi\">尽量不要用<span lang=\"EN-US\">goto</span>。<span lang=\"EN-US\"><o:p></o:p></span></span></p>','',1,7,'2018-07-12 10:03:16.848627',1),(20,'C语言类型','<p class=\"MsoNormal\" align=\"left\" style=\"margin-top:6.0pt;margin-right:0cm;\nmargin-bottom:0cm;margin-left:30.0pt;margin-bottom:.0001pt;text-align:left;\ntext-indent:-18.0pt;mso-pagination:widow-orphan;mso-list:l1 level1 lfo1;\ntab-stops:list 36.0pt;background:white\"><!--[if !supportLists]--><span lang=\"EN-US\" style=\"font-size:11.0pt;font-family:宋体;mso-ascii-theme-font:minor-fareast;\nmso-fareast-font-family:宋体;mso-fareast-theme-font:minor-fareast;mso-hansi-theme-font:\nminor-fareast;mso-bidi-font-family:宋体;mso-bidi-theme-font:minor-fareast\"><span>1.<spantimes new=\"\" roman\"\'=\"\">&nbsp; </spantimes></span></span><!--[endif]--><span style=\"font-size:11.0pt;font-family:宋体;mso-ascii-theme-font:minor-fareast;\nmso-fareast-font-family:宋体;mso-fareast-theme-font:minor-fareast;mso-hansi-theme-font:\nminor-fareast\">定义指针和引用时<span lang=\"EN-US\">*</span>和<span lang=\"EN-US\">&amp;</span>紧跟类型。<span lang=\"EN-US\"><o:p></o:p></span></span></p><p class=\"MsoNormal\" align=\"left\" style=\"margin-top:6.0pt;margin-right:0cm;\nmargin-bottom:0cm;margin-left:30.0pt;margin-bottom:.0001pt;text-align:left;\ntext-indent:-18.0pt;mso-pagination:widow-orphan;mso-list:l1 level1 lfo1;\ntab-stops:list 36.0pt;background:white\"><!--[if !supportLists]--><span lang=\"EN-US\" style=\"font-size:11.0pt;font-family:宋体;mso-ascii-theme-font:minor-fareast;\nmso-fareast-font-family:宋体;mso-fareast-theme-font:minor-fareast;mso-hansi-theme-font:\nminor-fareast;mso-bidi-font-family:宋体;mso-bidi-theme-font:minor-fareast\"><span>2.<spantimes new=\"\" roman\"\'=\"\">&nbsp; </spantimes></span></span><!--[endif]--><span style=\"font-size:11.0pt;font-family:宋体;mso-ascii-theme-font:minor-fareast;\nmso-fareast-font-family:宋体;mso-fareast-theme-font:minor-fareast;mso-hansi-theme-font:\nminor-fareast\">尽量避免使用浮点数，除非必须。<span lang=\"EN-US\"><o:p></o:p></span></span></p><p class=\"MsoNormal\" align=\"left\" style=\"margin-top:6.0pt;margin-right:0cm;\nmargin-bottom:0cm;margin-left:30.0pt;margin-bottom:.0001pt;text-align:left;\ntext-indent:-18.0pt;mso-pagination:widow-orphan;mso-list:l1 level1 lfo1;\ntab-stops:list 36.0pt;background:white\"><!--[if !supportLists]--><span lang=\"EN-US\" style=\"font-size:11.0pt;font-family:宋体;mso-ascii-theme-font:minor-fareast;\nmso-fareast-font-family:宋体;mso-fareast-theme-font:minor-fareast;mso-hansi-theme-font:\nminor-fareast;mso-bidi-font-family:宋体;mso-bidi-theme-font:minor-fareast\"><span>3.<spantimes new=\"\" roman\"\'=\"\">&nbsp; </spantimes></span></span><!--[endif]--><span style=\"font-size:11.0pt;font-family:宋体;mso-ascii-theme-font:minor-fareast;\nmso-fareast-font-family:宋体;mso-fareast-theme-font:minor-fareast;mso-hansi-theme-font:\nminor-fareast\">用<span lang=\"EN-US\">typedef</span>简化程序中的复杂语法。<span lang=\"EN-US\"><o:p></o:p></span></span></p><p class=\"MsoNormal\" align=\"left\" style=\"margin-top:6.0pt;margin-right:0cm;\nmargin-bottom:0cm;margin-left:30.0pt;margin-bottom:.0001pt;text-align:left;\ntext-indent:-18.0pt;mso-pagination:widow-orphan;mso-list:l1 level1 lfo1;\ntab-stops:list 36.0pt;background:white\"><!--[if !supportLists]--><span lang=\"EN-US\" style=\"font-size:11.0pt;font-family:宋体;mso-ascii-theme-font:minor-fareast;\nmso-fareast-font-family:宋体;mso-fareast-theme-font:minor-fareast;mso-hansi-theme-font:\nminor-fareast;mso-bidi-font-family:宋体;mso-bidi-theme-font:minor-fareast\"><span>4.<spantimes new=\"\" roman\"\'=\"\">&nbsp; </spantimes></span></span><!--[endif]--><span style=\"font-size:11.0pt;font-family:宋体;mso-ascii-theme-font:minor-fareast;\nmso-fareast-font-family:宋体;mso-fareast-theme-font:minor-fareast;mso-hansi-theme-font:\nminor-fareast\">避免定义无名称的类型。例如：<span lang=\"EN-US\">typedef enum { EIdle, EActive }\nTState;<o:p></o:p></span></span></p><p class=\"MsoNormal\" align=\"left\" style=\"margin-top:6.0pt;margin-right:0cm;\nmargin-bottom:0cm;margin-left:30.0pt;margin-bottom:.0001pt;text-align:left;\ntext-indent:-18.0pt;mso-pagination:widow-orphan;mso-list:l1 level1 lfo1;\ntab-stops:list 36.0pt;background:white\"><!--[if !supportLists]--><span lang=\"EN-US\" style=\"font-size:11.0pt;font-family:宋体;mso-ascii-theme-font:minor-fareast;\nmso-fareast-font-family:宋体;mso-fareast-theme-font:minor-fareast;mso-hansi-theme-font:\nminor-fareast;mso-bidi-font-family:宋体;mso-bidi-theme-font:minor-fareast\"><span>5.<spantimes new=\"\" roman\"\'=\"\">&nbsp; </spantimes></span></span><!--[endif]--><span style=\"font-size:11.0pt;font-family:宋体;mso-ascii-theme-font:minor-fareast;\nmso-fareast-font-family:宋体;mso-fareast-theme-font:minor-fareast;mso-hansi-theme-font:\nminor-fareast\">少用<span lang=\"EN-US\">union</span>，如果一定要用，则采用简单数据类型成员。<span lang=\"EN-US\"><o:p></o:p></span></span></p><p class=\"MsoNormal\" align=\"left\" style=\"margin-top:6.0pt;margin-right:0cm;\nmargin-bottom:0cm;margin-left:30.0pt;margin-bottom:.0001pt;text-align:left;\ntext-indent:-18.0pt;mso-pagination:widow-orphan;mso-list:l1 level1 lfo1;\ntab-stops:list 36.0pt;background:white\"><!--[if !supportLists]--><span lang=\"EN-US\" style=\"font-size:11.0pt;font-family:宋体;mso-ascii-theme-font:minor-fareast;\nmso-fareast-font-family:宋体;mso-fareast-theme-font:minor-fareast;mso-hansi-theme-font:\nminor-fareast;mso-bidi-font-family:宋体;mso-bidi-theme-font:minor-fareast\"><span>6.<spantimes new=\"\" roman\"\'=\"\">&nbsp; </spantimes></span></span><!--[endif]--><span style=\"font-size:11.0pt;font-family:宋体;mso-ascii-theme-font:minor-fareast;\nmso-fareast-font-family:宋体;mso-fareast-theme-font:minor-fareast;mso-hansi-theme-font:\nminor-fareast\">用<span lang=\"EN-US\">enum</span>取代<span lang=\"EN-US\">(</span>一组相关的<span lang=\"EN-US\">)</span>常量。<span lang=\"EN-US\"><o:p></o:p></span></span></p><p class=\"MsoNormal\" align=\"left\" style=\"margin-top:6.0pt;margin-right:0cm;\nmargin-bottom:0cm;margin-left:30.0pt;margin-bottom:.0001pt;text-align:left;\ntext-indent:-18.0pt;mso-pagination:widow-orphan;mso-list:l1 level1 lfo1;\ntab-stops:list 36.0pt;background:white\"><!--[if !supportLists]--><span lang=\"EN-US\" style=\"font-size:11.0pt;font-family:宋体;mso-ascii-theme-font:minor-fareast;\nmso-fareast-font-family:宋体;mso-fareast-theme-font:minor-fareast;mso-hansi-theme-font:\nminor-fareast;mso-bidi-font-family:宋体;mso-bidi-theme-font:minor-fareast\"><span>7.<spantimes new=\"\" roman\"\'=\"\">&nbsp; </spantimes></span></span><!--[endif]--><span style=\"font-size:11.0pt;font-family:宋体;mso-ascii-theme-font:minor-fareast;\nmso-fareast-font-family:宋体;mso-fareast-theme-font:minor-fareast;mso-hansi-theme-font:\nminor-fareast\">不要使用魔鬼数字。<span lang=\"EN-US\"><o:p></o:p></span></span></p><p class=\"MsoNormal\" align=\"left\" style=\"margin-top:6.0pt;margin-right:0cm;\nmargin-bottom:0cm;margin-left:30.0pt;margin-bottom:.0001pt;text-align:left;\ntext-indent:-18.0pt;mso-pagination:widow-orphan;mso-list:l1 level1 lfo1;\ntab-stops:list 36.0pt;background:white\"><!--[if !supportLists]--><span lang=\"EN-US\" style=\"font-size:11.0pt;font-family:宋体;mso-ascii-theme-font:minor-fareast;\nmso-fareast-font-family:宋体;mso-fareast-theme-font:minor-fareast;mso-hansi-theme-font:\nminor-fareast;mso-bidi-font-family:宋体;mso-bidi-theme-font:minor-fareast\"><span>8.<spantimes new=\"\" roman\"\'=\"\">&nbsp; </spantimes></span></span><!--[endif]--><span style=\"font-size:11.0pt;font-family:宋体;mso-ascii-theme-font:minor-fareast;\nmso-fareast-font-family:宋体;mso-fareast-theme-font:minor-fareast;mso-hansi-theme-font:\nminor-fareast\">尽量用引用取代指针。<span lang=\"EN-US\"><o:p></o:p></span></span></p><p class=\"MsoNormal\" align=\"left\" style=\"margin-top:6.0pt;margin-right:0cm;\nmargin-bottom:0cm;margin-left:30.0pt;margin-bottom:.0001pt;text-align:left;\ntext-indent:-18.0pt;mso-pagination:widow-orphan;mso-list:l1 level1 lfo1;\ntab-stops:list 36.0pt;background:white\"><!--[if !supportLists]--><span lang=\"EN-US\" style=\"font-size:11.0pt;font-family:宋体;mso-ascii-theme-font:minor-fareast;\nmso-fareast-font-family:宋体;mso-fareast-theme-font:minor-fareast;mso-hansi-theme-font:\nminor-fareast;mso-bidi-font-family:宋体;mso-bidi-theme-font:minor-fareast\"><span>9.<spantimes new=\"\" roman\"\'=\"\">&nbsp; </spantimes></span></span><!--[endif]--><span style=\"font-size:11.0pt;font-family:宋体;mso-ascii-theme-font:minor-fareast;\nmso-fareast-font-family:宋体;mso-fareast-theme-font:minor-fareast;mso-hansi-theme-font:\nminor-fareast\">定义变量完成后立即初始化，勿等到使用时才进行。<span lang=\"EN-US\"><o:p></o:p></span></span></p><p class=\"MsoNormal\" align=\"left\" style=\"margin-top:6.0pt;margin-right:0cm;\nmargin-bottom:0cm;margin-left:30.0pt;margin-bottom:.0001pt;text-align:left;\ntext-indent:-18.0pt;mso-pagination:widow-orphan;mso-list:l1 level1 lfo1;\ntab-stops:list 36.0pt;background:white\"><!--[if !supportLists]--><span lang=\"EN-US\" style=\"font-size:11.0pt;font-family:宋体;mso-ascii-theme-font:minor-fareast;\nmso-fareast-font-family:宋体;mso-fareast-theme-font:minor-fareast;mso-hansi-theme-font:\nminor-fareast;mso-bidi-font-family:宋体;mso-bidi-theme-font:minor-fareast\"><span>10.</span></span><!--[endif]--><span style=\"font-size:11.0pt;\nfont-family:宋体;mso-ascii-theme-font:minor-fareast;mso-fareast-font-family:宋体;\nmso-fareast-theme-font:minor-fareast;mso-hansi-theme-font:minor-fareast\">如果有更优雅的解决方案，不要使用强制类型转换。<span lang=\"EN-US\"><o:p></o:p></span></span></p><p class=\"MsoNormal\" style=\"margin-bottom:12.0pt;mso-pagination:widow-orphan;\nbackground:white\"><span style=\"font-size:11.0pt;font-family:宋体;mso-ascii-theme-font:\nminor-fareast;mso-fareast-font-family:宋体;mso-fareast-theme-font:minor-fareast;\nmso-hansi-theme-font:minor-fareast\">表达式<span lang=\"EN-US\"><o:p></o:p></span></span></p><p class=\"MsoNormal\" align=\"left\" style=\"margin-top:6.0pt;margin-right:0cm;\nmargin-bottom:0cm;margin-left:30.0pt;margin-bottom:.0001pt;text-align:left;\ntext-indent:-18.0pt;mso-pagination:widow-orphan;mso-list:l2 level1 lfo2;\ntab-stops:list 36.0pt;background:white\"><!--[if !supportLists]--><span lang=\"EN-US\" style=\"font-size:11.0pt;font-family:宋体;mso-ascii-theme-font:minor-fareast;\nmso-fareast-font-family:宋体;mso-fareast-theme-font:minor-fareast;mso-hansi-theme-font:\nminor-fareast;mso-bidi-font-family:宋体;mso-bidi-theme-font:minor-fareast\"><span>1.<spantimes new=\"\" roman\"\'=\"\">&nbsp; </spantimes></span></span><!--[endif]--><span style=\"font-size:11.0pt;font-family:宋体;mso-ascii-theme-font:minor-fareast;\nmso-fareast-font-family:宋体;mso-fareast-theme-font:minor-fareast;mso-hansi-theme-font:\nminor-fareast\">避免在表达式中用赋值语句。<span lang=\"EN-US\"><o:p></o:p></span></span></p><p class=\"MsoNormal\" align=\"left\" style=\"margin-top:6.0pt;margin-right:0cm;\nmargin-bottom:0cm;margin-left:30.0pt;margin-bottom:.0001pt;text-align:left;\ntext-indent:-18.0pt;mso-pagination:widow-orphan;mso-list:l2 level1 lfo2;\ntab-stops:list 36.0pt;background:white\"><!--[if !supportLists]--><span lang=\"EN-US\" style=\"font-size:11.0pt;font-family:宋体;mso-ascii-theme-font:minor-fareast;\nmso-fareast-font-family:宋体;mso-fareast-theme-font:minor-fareast;mso-hansi-theme-font:\nminor-fareast;mso-bidi-font-family:宋体;mso-bidi-theme-font:minor-fareast\"><span>2.<spantimes new=\"\" roman\"\'=\"\">&nbsp; </spantimes></span></span><!--[endif]--><span style=\"font-size:11.0pt;font-family:宋体;mso-ascii-theme-font:minor-fareast;\nmso-fareast-font-family:宋体;mso-fareast-theme-font:minor-fareast;mso-hansi-theme-font:\nminor-fareast\">避免对浮点类型做等于或不等于判断。<span lang=\"EN-US\"><o:p></o:p></span></span></p><p class=\"MsoNormal\" align=\"left\" style=\"margin-top:6.0pt;margin-right:0cm;\nmargin-bottom:0cm;margin-left:30.0pt;margin-bottom:.0001pt;text-align:left;\ntext-indent:-18.0pt;mso-pagination:widow-orphan;mso-list:l2 level1 lfo2;\ntab-stops:list 36.0pt;background:white\"><!--[if !supportLists]--><span lang=\"EN-US\" style=\"font-size:11.0pt;font-family:宋体;mso-ascii-theme-font:minor-fareast;\nmso-fareast-font-family:宋体;mso-fareast-theme-font:minor-fareast;mso-hansi-theme-font:\nminor-fareast;mso-bidi-font-family:宋体;mso-bidi-theme-font:minor-fareast\"><span>3.<spantimes new=\"\" roman\"\'=\"\">&nbsp; </spantimes></span></span><!--[endif]--><span style=\"font-size:11.0pt;font-family:宋体;mso-ascii-theme-font:minor-fareast;\nmso-fareast-font-family:宋体;mso-fareast-theme-font:minor-fareast;mso-hansi-theme-font:\nminor-fareast\">不能将枚举类型进行运算后再赋给枚举变量。<span lang=\"EN-US\"><o:p></o:p></span></span></p><p class=\"MsoNormal\" align=\"left\" style=\"margin-top:6.0pt;margin-right:0cm;\nmargin-bottom:0cm;margin-left:30.0pt;margin-bottom:.0001pt;text-align:left;\ntext-indent:-18.0pt;mso-pagination:widow-orphan;mso-list:l2 level1 lfo2;\ntab-stops:list 36.0pt;background:white\"><!--[if !supportLists]--><span lang=\"EN-US\" style=\"font-size:11.0pt;font-family:宋体;mso-ascii-theme-font:minor-fareast;\nmso-fareast-font-family:宋体;mso-fareast-theme-font:minor-fareast;mso-hansi-theme-font:\nminor-fareast;mso-bidi-font-family:宋体;mso-bidi-theme-font:minor-fareast\"><span>4.<spantimes new=\"\" roman\"\'=\"\">&nbsp; </spantimes></span></span><!--[endif]--><span style=\"font-size:11.0pt;font-family:宋体;mso-ascii-theme-font:minor-fareast;\nmso-fareast-font-family:宋体;mso-fareast-theme-font:minor-fareast;mso-hansi-theme-font:\nminor-fareast\">在循环过程中不要修改循环计数器。<span lang=\"EN-US\"><o:p></o:p></span></span></p><p class=\"MsoNormal\" align=\"left\" style=\"margin-top:6.0pt;margin-right:0cm;\nmargin-bottom:0cm;margin-left:30.0pt;margin-bottom:.0001pt;text-align:left;\ntext-indent:-18.0pt;mso-pagination:widow-orphan;mso-list:l2 level1 lfo2;\ntab-stops:list 36.0pt;background:white\"><!--[if !supportLists]--><span lang=\"EN-US\" style=\"font-size:11.0pt;font-family:宋体;mso-ascii-theme-font:minor-fareast;\nmso-fareast-font-family:宋体;mso-fareast-theme-font:minor-fareast;mso-hansi-theme-font:\nminor-fareast;mso-bidi-font-family:宋体;mso-bidi-theme-font:minor-fareast\"><span>5.<spantimes new=\"\" roman\"\'=\"\">&nbsp; </spantimes></span></span><!--[endif]--><span style=\"font-size:11.0pt;font-family:宋体;mso-ascii-theme-font:minor-fareast;\nmso-fareast-font-family:宋体;mso-fareast-theme-font:minor-fareast;mso-hansi-theme-font:\nminor-fareast\">检测空指针，用<span lang=\"EN-US\">&nbsp;if( p )<o:p></o:p></span></span></p><p class=\"MsoNormal\" align=\"left\" style=\"margin-top:6.0pt;margin-right:0cm;\nmargin-bottom:0cm;margin-left:30.0pt;margin-bottom:.0001pt;text-align:left;\ntext-indent:-18.0pt;mso-pagination:widow-orphan;mso-list:l2 level1 lfo2;\ntab-stops:list 36.0pt;background:white\"><!--[if !supportLists]--><span lang=\"EN-US\" style=\"font-size:11.0pt;font-family:宋体;mso-ascii-theme-font:minor-fareast;\nmso-fareast-font-family:宋体;mso-fareast-theme-font:minor-fareast;mso-hansi-theme-font:\nminor-fareast;mso-bidi-font-family:宋体;mso-bidi-theme-font:minor-fareast\"><span>6.<spantimes new=\"\" roman\"\'=\"\">&nbsp; </spantimes></span></span><!--[endif]--><span style=\"font-size:11.0pt;font-family:宋体;mso-ascii-theme-font:minor-fareast;\nmso-fareast-font-family:宋体;mso-fareast-theme-font:minor-fareast;mso-hansi-theme-font:\nminor-fareast\">检测非空指针，用<span lang=\"EN-US\">&nbsp;if( ! p )<o:p></o:p></span></span></p><p class=\"MsoNormal\" style=\"margin-bottom:12.0pt;mso-pagination:widow-orphan;\nbackground:white\"><span style=\"font-size:11.0pt;font-family:宋体;mso-ascii-theme-font:\nminor-fareast;mso-fareast-font-family:宋体;mso-fareast-theme-font:minor-fareast;\nmso-hansi-theme-font:minor-fareast\">函数<span lang=\"EN-US\"><o:p></o:p></span></span></p><p class=\"MsoNormal\" style=\"margin-top:0cm;margin-right:0cm;margin-bottom:12.0pt;\nmargin-left:30.0pt;text-indent:-18.0pt;mso-pagination:widow-orphan;mso-list:\nl0 level1 lfo3;tab-stops:list 36.0pt;background:white\"><!--[if !supportLists]--><span lang=\"EN-US\" style=\"font-size:11.0pt;font-family:宋体;mso-ascii-theme-font:minor-fareast;\nmso-fareast-font-family:宋体;mso-fareast-theme-font:minor-fareast;mso-hansi-theme-font:\nminor-fareast;mso-bidi-font-family:宋体;mso-bidi-theme-font:minor-fareast\"><span>1.<spantimes new=\"\" roman\"\'=\"\">&nbsp; </spantimes></span></span><!--[endif]--><span style=\"font-size:11.0pt;font-family:宋体;mso-ascii-theme-font:minor-fareast;\nmso-fareast-font-family:宋体;mso-fareast-theme-font:minor-fareast;mso-hansi-theme-font:\nminor-fareast\">引用<span lang=\"EN-US\">&nbsp;<br>\n1.1 </span>引用类型作为返回值：函数必须返回一个存在的对象。<span lang=\"EN-US\">&nbsp;<br>\n1.2 </span>引用类型作为参数：调用者必须传递一个存在的对象。<span lang=\"EN-US\"><o:p></o:p></span></span></p><p class=\"MsoNormal\" style=\"margin-top:0cm;margin-right:0cm;margin-bottom:12.0pt;\nmargin-left:30.0pt;text-indent:-18.0pt;mso-pagination:widow-orphan;mso-list:\nl0 level1 lfo3;tab-stops:list 36.0pt;background:white\"><!--[if !supportLists]--><span lang=\"EN-US\" style=\"font-size:11.0pt;font-family:宋体;mso-ascii-theme-font:minor-fareast;\nmso-fareast-font-family:宋体;mso-fareast-theme-font:minor-fareast;mso-hansi-theme-font:\nminor-fareast;mso-bidi-font-family:宋体;mso-bidi-theme-font:minor-fareast\"><span>2.<spantimes new=\"\" roman\"\'=\"\">&nbsp; </spantimes></span></span><!--[endif]--><span style=\"font-size:11.0pt;font-family:宋体;mso-ascii-theme-font:minor-fareast;\nmso-fareast-font-family:宋体;mso-fareast-theme-font:minor-fareast;mso-hansi-theme-font:\nminor-fareast\">常量成员函数<span lang=\"EN-US\">&nbsp;<br>\n2.1 </span>表示该函数只读取对象的内容，不会对对象进行修改。<span lang=\"EN-US\"><o:p></o:p></span></span></p><p class=\"MsoNormal\" style=\"margin-top:0cm;margin-right:0cm;margin-bottom:12.0pt;\nmargin-left:30.0pt;text-indent:-18.0pt;mso-pagination:widow-orphan;mso-list:\nl0 level1 lfo3;tab-stops:list 36.0pt;background:white\"><!--[if !supportLists]--><span lang=\"EN-US\" style=\"font-size:11.0pt;font-family:宋体;mso-ascii-theme-font:minor-fareast;\nmso-fareast-font-family:宋体;mso-fareast-theme-font:minor-fareast;mso-hansi-theme-font:\nminor-fareast;mso-bidi-font-family:宋体;mso-bidi-theme-font:minor-fareast\"><span>3.<spantimes new=\"\" roman\"\'=\"\">&nbsp; </spantimes></span></span><!--[endif]--><span style=\"font-size:11.0pt;font-family:宋体;mso-ascii-theme-font:minor-fareast;\nmso-fareast-font-family:宋体;mso-fareast-theme-font:minor-fareast;mso-hansi-theme-font:\nminor-fareast\">返回值<span lang=\"EN-US\">&nbsp;<br>\n3.1 </span>除开<span lang=\"EN-US\">void</span>函数，构造函数，析构函数，其它函数必须要有返回值。<span lang=\"EN-US\">&nbsp;<br>\n3.2 </span>当函数返回引用或指针时，用文字描述其有效期。<span lang=\"EN-US\"><o:p></o:p></span></span></p><p class=\"MsoNormal\" style=\"margin-top:0cm;margin-right:0cm;margin-bottom:12.0pt;\nmargin-left:30.0pt;text-indent:-18.0pt;mso-pagination:widow-orphan;mso-list:\nl0 level1 lfo3;tab-stops:list 36.0pt;background:white\"><!--[if !supportLists]--><span lang=\"EN-US\" style=\"font-size:11.0pt;font-family:宋体;mso-ascii-theme-font:minor-fareast;\nmso-fareast-font-family:宋体;mso-fareast-theme-font:minor-fareast;mso-hansi-theme-font:\nminor-fareast;mso-bidi-font-family:宋体;mso-bidi-theme-font:minor-fareast\"><span>4.<spantimes new=\"\" roman\"\'=\"\">&nbsp; </spantimes></span></span><!--[endif]--><span style=\"font-size:11.0pt;font-family:宋体;mso-ascii-theme-font:minor-fareast;\nmso-fareast-font-family:宋体;mso-fareast-theme-font:minor-fareast;mso-hansi-theme-font:\nminor-fareast\">内联函数<span lang=\"EN-US\">&nbsp;<br>\n4.1 </span>内联函数应将函数体放到类体外。<span lang=\"EN-US\">&nbsp;<br>\n4.2 </span>只有简单的函数才有必要设计为内联函数，复杂业务逻辑的函数不要这么做。<span lang=\"EN-US\">&nbsp;<br>\n4.3 </span>虚函数不要设计为内联函数。<span lang=\"EN-US\"><o:p></o:p></span></span></p><p>\n<!--[if gte mso 9]><xml>\n <o:OfficeDocumentSettings>\n  <o:AllowPNG/>\n </o:OfficeDocumentSettings>\n</xml><![endif]-->\n\n\n<!--[if gte mso 9]><xml>\n <w:WordDocument>\n  <w:View>Normal</w:View>\n  <w:Zoom>0</w:Zoom>\n  <w:TrackMoves/>\n  <w:TrackFormatting/>\n  <w:PunctuationKerning/>\n  <w:DrawingGridVerticalSpacing>7.8 磅</w:DrawingGridVerticalSpacing>\n  <w:DisplayHorizontalDrawingGridEvery>0</w:DisplayHorizontalDrawingGridEvery>\n  <w:DisplayVerticalDrawingGridEvery>2</w:DisplayVerticalDrawingGridEvery>\n  <w:ValidateAgainstSchemas/>\n  <w:SaveIfXMLInvalid>false</w:SaveIfXMLInvalid>\n  <w:IgnoreMixedContent>false</w:IgnoreMixedContent>\n  <w:AlwaysShowPlaceholderText>false</w:AlwaysShowPlaceholderText>\n  <w:DoNotPromoteQF/>\n  <w:LidThemeOther>EN-US</w:LidThemeOther>\n  <w:LidThemeAsian>ZH-CN</w:LidThemeAsian>\n  <w:LidThemeComplexScript>X-NONE</w:LidThemeComplexScript>\n  <w:Compatibility>\n   <w:SpaceForUL/>\n   <w:BalanceSingleByteDoubleByteWidth/>\n   <w:DoNotLeaveBackslashAlone/>\n   <w:ULTrailSpace/>\n   <w:DoNotExpandShiftReturn/>\n   <w:AdjustLineHeightInTable/>\n   <w:BreakWrappedTables/>\n   <w:SnapToGridInCell/>\n   <w:WrapTextWithPunct/>\n   <w:UseAsianBreakRules/>\n   <w:DontGrowAutofit/>\n   <w:SplitPgBreakAndParaMark/>\n   <w:EnableOpenTypeKerning/>\n   <w:DontFlipMirrorIndents/>\n   <w:OverrideTableStyleHps/>\n   <w:UseFELayout/>\n  </w:Compatibility>\n  <m:mathPr>\n   <m:mathFont m:val=\"Cambria Math\"/>\n   <m:brkBin m:val=\"before\"/>\n   <m:brkBinSub m:val=\"&#45;-\"/>\n   <m:smallFrac m:val=\"off\"/>\n   <m:dispDef/>\n   <m:lMargin m:val=\"0\"/>\n   <m:rMargin m:val=\"0\"/>\n   <m:defJc m:val=\"centerGroup\"/>\n   <m:wrapIndent m:val=\"1440\"/>\n   <m:intLim m:val=\"subSup\"/>\n   <m:naryLim m:val=\"undOvr\"/>\n  </m:mathPr></w:WordDocument>\n</xml><![endif]--><!--[if gte mso 9]><xml>\n <w:LatentStyles DefLockedState=\"false\" DefUnhideWhenUsed=\"true\"\n  DefSemiHidden=\"true\" DefQFormat=\"false\" DefPriority=\"99\"\n  LatentStyleCount=\"267\">\n  <w:LsdException Locked=\"false\" Priority=\"0\" SemiHidden=\"false\"\n   UnhideWhenUsed=\"false\" QFormat=\"true\" Name=\"Normal\"/>\n  <w:LsdException Locked=\"false\" Priority=\"9\" SemiHidden=\"false\"\n   UnhideWhenUsed=\"false\" QFormat=\"true\" Name=\"heading 1\"/>\n  <w:LsdException Locked=\"false\" Priority=\"9\" QFormat=\"true\" Name=\"heading 2\"/>\n  <w:LsdException Locked=\"false\" Priority=\"9\" QFormat=\"true\" Name=\"heading 3\"/>\n  <w:LsdException Locked=\"false\" Priority=\"9\" QFormat=\"true\" Name=\"heading 4\"/>\n  <w:LsdException Locked=\"false\" Priority=\"9\" QFormat=\"true\" Name=\"heading 5\"/>\n  <w:LsdException Locked=\"false\" Priority=\"9\" QFormat=\"true\" Name=\"heading 6\"/>\n  <w:LsdException Locked=\"false\" Priority=\"9\" QFormat=\"true\" Name=\"heading 7\"/>\n  <w:LsdException Locked=\"false\" Priority=\"9\" QFormat=\"true\" Name=\"heading 8\"/>\n  <w:LsdException Locked=\"false\" Priority=\"9\" QFormat=\"true\" Name=\"heading 9\"/>\n  <w:LsdException Locked=\"false\" Priority=\"39\" Name=\"toc 1\"/>\n  <w:LsdException Locked=\"false\" Priority=\"39\" Name=\"toc 2\"/>\n  <w:LsdException Locked=\"false\" Priority=\"39\" Name=\"toc 3\"/>\n  <w:LsdException Locked=\"false\" Priority=\"39\" Name=\"toc 4\"/>\n  <w:LsdException Locked=\"false\" Priority=\"39\" Name=\"toc 5\"/>\n  <w:LsdException Locked=\"false\" Priority=\"39\" Name=\"toc 6\"/>\n  <w:LsdException Locked=\"false\" Priority=\"39\" Name=\"toc 7\"/>\n  <w:LsdException Locked=\"false\" Priority=\"39\" Name=\"toc 8\"/>\n  <w:LsdException Locked=\"false\" Priority=\"39\" Name=\"toc 9\"/>\n  <w:LsdException Locked=\"false\" Priority=\"35\" QFormat=\"true\" Name=\"caption\"/>\n  <w:LsdException Locked=\"false\" Priority=\"10\" SemiHidden=\"false\"\n   UnhideWhenUsed=\"false\" QFormat=\"true\" Name=\"Title\"/>\n  <w:LsdException Locked=\"false\" Priority=\"1\" Name=\"Default Paragraph Font\"/>\n  <w:LsdException Locked=\"false\" Priority=\"11\" SemiHidden=\"false\"\n   UnhideWhenUsed=\"false\" QFormat=\"true\" Name=\"Subtitle\"/>\n  <w:LsdException Locked=\"false\" Priority=\"22\" SemiHidden=\"false\"\n   UnhideWhenUsed=\"false\" QFormat=\"true\" Name=\"Strong\"/>\n  <w:LsdException Locked=\"false\" Priority=\"20\" SemiHidden=\"false\"\n   UnhideWhenUsed=\"false\" QFormat=\"true\" Name=\"Emphasis\"/>\n  <w:LsdException Locked=\"false\" Priority=\"59\" SemiHidden=\"false\"\n   UnhideWhenUsed=\"false\" Name=\"Table Grid\"/>\n  <w:LsdException Locked=\"false\" UnhideWhenUsed=\"false\" Name=\"Placeholder Text\"/>\n  <w:LsdException Locked=\"false\" Priority=\"1\" SemiHidden=\"false\"\n   UnhideWhenUsed=\"false\" QFormat=\"true\" Name=\"No Spacing\"/>\n  <w:LsdException Locked=\"false\" Priority=\"60\" SemiHidden=\"false\"\n   UnhideWhenUsed=\"false\" Name=\"Light Shading\"/>\n  <w:LsdException Locked=\"false\" Priority=\"61\" SemiHidden=\"false\"\n   UnhideWhenUsed=\"false\" Name=\"Light List\"/>\n  <w:LsdException Locked=\"false\" Priority=\"62\" SemiHidden=\"false\"\n   UnhideWhenUsed=\"false\" Name=\"Light Grid\"/>\n  <w:LsdException Locked=\"false\" Priority=\"63\" SemiHidden=\"false\"\n   UnhideWhenUsed=\"false\" Name=\"Medium Shading 1\"/>\n  <w:LsdException Locked=\"false\" Priority=\"64\" SemiHidden=\"false\"\n   UnhideWhenUsed=\"false\" Name=\"Medium Shading 2\"/>\n  <w:LsdException Locked=\"false\" Priority=\"65\" SemiHidden=\"false\"\n   UnhideWhenUsed=\"false\" Name=\"Medium List 1\"/>\n  <w:LsdException Locked=\"false\" Priority=\"66\" SemiHidden=\"false\"\n   UnhideWhenUsed=\"false\" Name=\"Medium List 2\"/>\n  <w:LsdException Locked=\"false\" Priority=\"67\" SemiHidden=\"false\"\n   UnhideWhenUsed=\"false\" Name=\"Medium Grid 1\"/>\n  <w:LsdException Locked=\"false\" Priority=\"68\" SemiHidden=\"false\"\n   UnhideWhenUsed=\"false\" Name=\"Medium Grid 2\"/>\n  <w:LsdException Locked=\"false\" Priority=\"69\" SemiHidden=\"false\"\n   UnhideWhenUsed=\"false\" Name=\"Medium Grid 3\"/>\n  <w:LsdException Locked=\"false\" Priority=\"70\" SemiHidden=\"false\"\n   UnhideWhenUsed=\"false\" Name=\"Dark List\"/>\n  <w:LsdException Locked=\"false\" Priority=\"71\" SemiHidden=\"false\"\n   UnhideWhenUsed=\"false\" Name=\"Colorful Shading\"/>\n  <w:LsdException Locked=\"false\" Priority=\"72\" SemiHidden=\"false\"\n   UnhideWhenUsed=\"false\" Name=\"Colorful List\"/>\n  <w:LsdException Locked=\"false\" Priority=\"73\" SemiHidden=\"false\"\n   UnhideWhenUsed=\"false\" Name=\"Colorful Grid\"/>\n  <w:LsdException Locked=\"false\" Priority=\"60\" SemiHidden=\"false\"\n   UnhideWhenUsed=\"false\" Name=\"Light Shading Accent 1\"/>\n  <w:LsdException Locked=\"false\" Priority=\"61\" SemiHidden=\"false\"\n   UnhideWhenUsed=\"false\" Name=\"Light List Accent 1\"/>\n  <w:LsdException Locked=\"false\" Priority=\"62\" SemiHidden=\"false\"\n   UnhideWhenUsed=\"false\" Name=\"Light Grid Accent 1\"/>\n  <w:LsdException Locked=\"false\" Priority=\"63\" SemiHidden=\"false\"\n   UnhideWhenUsed=\"false\" Name=\"Medium Shading 1 Accent 1\"/>\n  <w:LsdException Locked=\"false\" Priority=\"64\" SemiHidden=\"false\"\n   UnhideWhenUsed=\"false\" Name=\"Medium Shading 2 Accent 1\"/>\n  <w:LsdException Locked=\"false\" Priority=\"65\" SemiHidden=\"false\"\n   UnhideWhenUsed=\"false\" Name=\"Medium List 1 Accent 1\"/>\n  <w:LsdException Locked=\"false\" UnhideWhenUsed=\"false\" Name=\"Revision\"/>\n  <w:LsdException Locked=\"false\" Priority=\"34\" SemiHidden=\"false\"\n   UnhideWhenUsed=\"false\" QFormat=\"true\" Name=\"List Paragraph\"/>\n  <w:LsdException Locked=\"false\" Priority=\"29\" SemiHidden=\"false\"\n   UnhideWhenUsed=\"false\" QFormat=\"true\" Name=\"Quote\"/>\n  <w:LsdException Locked=\"false\" Priority=\"30\" SemiHidden=\"false\"\n   UnhideWhenUsed=\"false\" QFormat=\"true\" Name=\"Intense Quote\"/>\n  <w:LsdException Locked=\"false\" Priority=\"66\" SemiHidden=\"false\"\n   UnhideWhenUsed=\"false\" Name=\"Medium List 2 Accent 1\"/>\n  <w:LsdException Locked=\"false\" Priority=\"67\" SemiHidden=\"false\"\n   UnhideWhenUsed=\"false\" Name=\"Medium Grid 1 Accent 1\"/>\n  <w:LsdException Locked=\"false\" Priority=\"68\" SemiHidden=\"false\"\n   UnhideWhenUsed=\"false\" Name=\"Medium Grid 2 Accent 1\"/>\n  <w:LsdException Locked=\"false\" Priority=\"69\" SemiHidden=\"false\"\n   UnhideWhenUsed=\"false\" Name=\"Medium Grid 3 Accent 1\"/>\n  <w:LsdException Locked=\"false\" Priority=\"70\" SemiHidden=\"false\"\n   UnhideWhenUsed=\"false\" Name=\"Dark List Accent 1\"/>\n  <w:LsdException Locked=\"false\" Priority=\"71\" SemiHidden=\"false\"\n   UnhideWhenUsed=\"false\" Name=\"Colorful Shading Accent 1\"/>\n  <w:LsdException Locked=\"false\" Priority=\"72\" SemiHidden=\"false\"\n   UnhideWhenUsed=\"false\" Name=\"Colorful List Accent 1\"/>\n  <w:LsdException Locked=\"false\" Priority=\"73\" SemiHidden=\"false\"\n   UnhideWhenUsed=\"false\" Name=\"Colorful Grid Accent 1\"/>\n  <w:LsdException Locked=\"false\" Priority=\"60\" SemiHidden=\"false\"\n   UnhideWhenUsed=\"false\" Name=\"Light Shading Accent 2\"/>\n  <w:LsdException Locked=\"false\" Priority=\"61\" SemiHidden=\"false\"\n   UnhideWhenUsed=\"false\" Name=\"Light List Accent 2\"/>\n  <w:LsdException Locked=\"false\" Priority=\"62\" SemiHidden=\"false\"\n   UnhideWhenUsed=\"false\" Name=\"Light Grid Accent 2\"/>\n  <w:LsdException Locked=\"false\" Priority=\"63\" SemiHidden=\"false\"\n   UnhideWhenUsed=\"false\" Name=\"Medium Shading 1 Accent 2\"/>\n  <w:LsdException Locked=\"false\" Priority=\"64\" SemiHidden=\"false\"\n   UnhideWhenUsed=\"false\" Name=\"Medium Shading 2 Accent 2\"/>\n  <w:LsdException Locked=\"false\" Priority=\"65\" SemiHidden=\"false\"\n   UnhideWhenUsed=\"false\" Name=\"Medium List 1 Accent 2\"/>\n  <w:LsdException Locked=\"false\" Priority=\"66\" SemiHidden=\"false\"\n   UnhideWhenUsed=\"false\" Name=\"Medium List 2 Accent 2\"/>\n  <w:LsdException Locked=\"false\" Priority=\"67\" SemiHidden=\"false\"\n   UnhideWhenUsed=\"false\" Name=\"Medium Grid 1 Accent 2\"/>\n  <w:LsdException Locked=\"false\" Priority=\"68\" SemiHidden=\"false\"\n   UnhideWhenUsed=\"false\" Name=\"Medium Grid 2 Accent 2\"/>\n  <w:LsdException Locked=\"false\" Priority=\"69\" SemiHidden=\"false\"\n   UnhideWhenUsed=\"false\" Name=\"Medium Grid 3 Accent 2\"/>\n  <w:LsdException Locked=\"false\" Priority=\"70\" SemiHidden=\"false\"\n   UnhideWhenUsed=\"false\" Name=\"Dark List Accent 2\"/>\n  <w:LsdException Locked=\"false\" Priority=\"71\" SemiHidden=\"false\"\n   UnhideWhenUsed=\"false\" Name=\"Colorful Shading Accent 2\"/>\n  <w:LsdException Locked=\"false\" Priority=\"72\" SemiHidden=\"false\"\n   UnhideWhenUsed=\"false\" Name=\"Colorful List Accent 2\"/>\n  <w:LsdException Locked=\"false\" Priority=\"73\" SemiHidden=\"false\"\n   UnhideWhenUsed=\"false\" Name=\"Colorful Grid Accent 2\"/>\n  <w:LsdException Locked=\"false\" Priority=\"60\" SemiHidden=\"false\"\n   UnhideWhenUsed=\"false\" Name=\"Light Shading Accent 3\"/>\n  <w:LsdException Locked=\"false\" Priority=\"61\" SemiHidden=\"false\"\n   UnhideWhenUsed=\"false\" Name=\"Light List Accent 3\"/>\n  <w:LsdException Locked=\"false\" Priority=\"62\" SemiHidden=\"false\"\n   UnhideWhenUsed=\"false\" Name=\"Light Grid Accent 3\"/>\n  <w:LsdException Locked=\"false\" Priority=\"63\" SemiHidden=\"false\"\n   UnhideWhenUsed=\"false\" Name=\"Medium Shading 1 Accent 3\"/>\n  <w:LsdException Locked=\"false\" Priority=\"64\" SemiHidden=\"false\"\n   UnhideWhenUsed=\"false\" Name=\"Medium Shading 2 Accent 3\"/>\n  <w:LsdException Locked=\"false\" Priority=\"65\" SemiHidden=\"false\"\n   UnhideWhenUsed=\"false\" Name=\"Medium List 1 Accent 3\"/>\n  <w:LsdException Locked=\"false\" Priority=\"66\" SemiHidden=\"false\"\n   UnhideWhenUsed=\"false\" Name=\"Medium List 2 Accent 3\"/>\n  <w:LsdException Locked=\"false\" Priority=\"67\" SemiHidden=\"false\"\n   UnhideWhenUsed=\"false\" Name=\"Medium Grid 1 Accent 3\"/>\n  <w:LsdException Locked=\"false\" Priority=\"68\" SemiHidden=\"false\"\n   UnhideWhenUsed=\"false\" Name=\"Medium Grid 2 Accent 3\"/>\n  <w:LsdException Locked=\"false\" Priority=\"69\" SemiHidden=\"false\"\n   UnhideWhenUsed=\"false\" Name=\"Medium Grid 3 Accent 3\"/>\n  <w:LsdException Locked=\"false\" Priority=\"70\" SemiHidden=\"false\"\n   UnhideWhenUsed=\"false\" Name=\"Dark List Accent 3\"/>\n  <w:LsdException Locked=\"false\" Priority=\"71\" SemiHidden=\"false\"\n   UnhideWhenUsed=\"false\" Name=\"Colorful Shading Accent 3\"/>\n  <w:LsdException Locked=\"false\" Priority=\"72\" SemiHidden=\"false\"\n   UnhideWhenUsed=\"false\" Name=\"Colorful List Accent 3\"/>\n  <w:LsdException Locked=\"false\" Priority=\"73\" SemiHidden=\"false\"\n   UnhideWhenUsed=\"false\" Name=\"Colorful Grid Accent 3\"/>\n  <w:LsdException Locked=\"false\" Priority=\"60\" SemiHidden=\"false\"\n   UnhideWhenUsed=\"false\" Name=\"Light Shading Accent 4\"/>\n  <w:LsdException Locked=\"false\" Priority=\"61\" SemiHidden=\"false\"\n   UnhideWhenUsed=\"false\" Name=\"Light List Accent 4\"/>\n  <w:LsdException Locked=\"false\" Priority=\"62\" SemiHidden=\"false\"\n   UnhideWhenUsed=\"false\" Name=\"Light Grid Accent 4\"/>\n  <w:LsdException Locked=\"false\" Priority=\"63\" SemiHidden=\"false\"\n   UnhideWhenUsed=\"false\" Name=\"Medium Shading 1 Accent 4\"/>\n  <w:LsdException Locked=\"false\" Priority=\"64\" SemiHidden=\"false\"\n   UnhideWhenUsed=\"false\" Name=\"Medium Shading 2 Accent 4\"/>\n  <w:LsdException Locked=\"false\" Priority=\"65\" SemiHidden=\"false\"\n   UnhideWhenUsed=\"false\" Name=\"Medium List 1 Accent 4\"/>\n  <w:LsdException Locked=\"false\" Priority=\"66\" SemiHidden=\"false\"\n   UnhideWhenUsed=\"false\" Name=\"Medium List 2 Accent 4\"/>\n  <w:LsdException Locked=\"false\" Priority=\"67\" SemiHidden=\"false\"\n   UnhideWhenUsed=\"false\" Name=\"Medium Grid 1 Accent 4\"/>\n  <w:LsdException Locked=\"false\" Priority=\"68\" SemiHidden=\"false\"\n   UnhideWhenUsed=\"false\" Name=\"Medium Grid 2 Accent 4\"/>\n  <w:LsdException Locked=\"false\" Priority=\"69\" SemiHidden=\"false\"\n   UnhideWhenUsed=\"false\" Name=\"Medium Grid 3 Accent 4\"/>\n  <w:LsdException Locked=\"false\" Priority=\"70\" SemiHidden=\"false\"\n   UnhideWhenUsed=\"false\" Name=\"Dark List Accent 4\"/>\n  <w:LsdException Locked=\"false\" Priority=\"71\" SemiHidden=\"false\"\n   UnhideWhenUsed=\"false\" Name=\"Colorful Shading Accent 4\"/>\n  <w:LsdException Locked=\"false\" Priority=\"72\" SemiHidden=\"false\"\n   UnhideWhenUsed=\"false\" Name=\"Colorful List Accent 4\"/>\n  <w:LsdException Locked=\"false\" Priority=\"73\" SemiHidden=\"false\"\n   UnhideWhenUsed=\"false\" Name=\"Colorful Grid Accent 4\"/>\n  <w:LsdException Locked=\"false\" Priority=\"60\" SemiHidden=\"false\"\n   UnhideWhenUsed=\"false\" Name=\"Light Shading Accent 5\"/>\n  <w:LsdException Locked=\"false\" Priority=\"61\" SemiHidden=\"false\"\n   UnhideWhenUsed=\"false\" Name=\"Light List Accent 5\"/>\n  <w:LsdException Locked=\"false\" Priority=\"62\" SemiHidden=\"false\"\n   UnhideWhenUsed=\"false\" Name=\"Light Grid Accent 5\"/>\n  <w:LsdException Locked=\"false\" Priority=\"63\" SemiHidden=\"false\"\n   UnhideWhenUsed=\"false\" Name=\"Medium Shading 1 Accent 5\"/>\n  <w:LsdException Locked=\"false\" Priority=\"64\" SemiHidden=\"false\"\n   UnhideWhenUsed=\"false\" Name=\"Medium Shading 2 Accent 5\"/>\n  <w:LsdException Locked=\"false\" Priority=\"65\" SemiHidden=\"false\"\n   UnhideWhenUsed=\"false\" Name=\"Medium List 1 Accent 5\"/>\n  <w:LsdException Locked=\"false\" Priority=\"66\" SemiHidden=\"false\"\n   UnhideWhenUsed=\"false\" Name=\"Medium List 2 Accent 5\"/>\n  <w:LsdException Locked=\"false\" Priority=\"67\" SemiHidden=\"false\"\n   UnhideWhenUsed=\"false\" Name=\"Medium Grid 1 Accent 5\"/>\n  <w:LsdException Locked=\"false\" Priority=\"68\" SemiHidden=\"false\"\n   UnhideWhenUsed=\"false\" Name=\"Medium Grid 2 Accent 5\"/>\n  <w:LsdException Locked=\"false\" Priority=\"69\" SemiHidden=\"false\"\n   UnhideWhenUsed=\"false\" Name=\"Medium Grid 3 Accent 5\"/>\n  <w:LsdException Locked=\"false\" Priority=\"70\" SemiHidden=\"false\"\n   UnhideWhenUsed=\"false\" Name=\"Dark List Accent 5\"/>\n  <w:LsdException Locked=\"false\" Priority=\"71\" SemiHidden=\"false\"\n   UnhideWhenUsed=\"false\" Name=\"Colorful Shading Accent 5\"/>\n  <w:LsdException Locked=\"false\" Priority=\"72\" SemiHidden=\"false\"\n   UnhideWhenUsed=\"false\" Name=\"Colorful List Accent 5\"/>\n  <w:LsdException Locked=\"false\" Priority=\"73\" SemiHidden=\"false\"\n   UnhideWhenUsed=\"false\" Name=\"Colorful Grid Accent 5\"/>\n  <w:LsdException Locked=\"false\" Priority=\"60\" SemiHidden=\"false\"\n   UnhideWhenUsed=\"false\" Name=\"Light Shading Accent 6\"/>\n  <w:LsdException Locked=\"false\" Priority=\"61\" SemiHidden=\"false\"\n   UnhideWhenUsed=\"false\" Name=\"Light List Accent 6\"/>\n  <w:LsdException Locked=\"false\" Priority=\"62\" SemiHidden=\"false\"\n   UnhideWhenUsed=\"false\" Name=\"Light Grid Accent 6\"/>\n  <w:LsdException Locked=\"false\" Priority=\"63\" SemiHidden=\"false\"\n   UnhideWhenUsed=\"false\" Name=\"Medium Shading 1 Accent 6\"/>\n  <w:LsdException Locked=\"false\" Priority=\"64\" SemiHidden=\"false\"\n   UnhideWhenUsed=\"false\" Name=\"Medium Shading 2 Accent 6\"/>\n  <w:LsdException Locked=\"false\" Priority=\"65\" SemiHidden=\"false\"\n   UnhideWhenUsed=\"false\" Name=\"Medium List 1 Accent 6\"/>\n  <w:LsdException Locked=\"false\" Priority=\"66\" SemiHidden=\"false\"\n   UnhideWhenUsed=\"false\" Name=\"Medium List 2 Accent 6\"/>\n  <w:LsdException Locked=\"false\" Priority=\"67\" SemiHidden=\"false\"\n   UnhideWhenUsed=\"false\" Name=\"Medium Grid 1 Accent 6\"/>\n  <w:LsdException Locked=\"false\" Priority=\"68\" SemiHidden=\"false\"\n   UnhideWhenUsed=\"false\" Name=\"Medium Grid 2 Accent 6\"/>\n  <w:LsdException Locked=\"false\" Priority=\"69\" SemiHidden=\"false\"\n   UnhideWhenUsed=\"false\" Name=\"Medium Grid 3 Accent 6\"/>\n  <w:LsdException Locked=\"false\" Priority=\"70\" SemiHidden=\"false\"\n   UnhideWhenUsed=\"false\" Name=\"Dark List Accent 6\"/>\n  <w:LsdException Locked=\"false\" Priority=\"71\" SemiHidden=\"false\"\n   UnhideWhenUsed=\"false\" Name=\"Colorful Shading Accent 6\"/>\n  <w:LsdException Locked=\"false\" Priority=\"72\" SemiHidden=\"false\"\n   UnhideWhenUsed=\"false\" Name=\"Colorful List Accent 6\"/>\n  <w:LsdException Locked=\"false\" Priority=\"73\" SemiHidden=\"false\"\n   UnhideWhenUsed=\"false\" Name=\"Colorful Grid Accent 6\"/>\n  <w:LsdException Locked=\"false\" Priority=\"19\" SemiHidden=\"false\"\n   UnhideWhenUsed=\"false\" QFormat=\"true\" Name=\"Subtle Emphasis\"/>\n  <w:LsdException Locked=\"false\" Priority=\"21\" SemiHidden=\"false\"\n   UnhideWhenUsed=\"false\" QFormat=\"true\" Name=\"Intense Emphasis\"/>\n  <w:LsdException Locked=\"false\" Priority=\"31\" SemiHidden=\"false\"\n   UnhideWhenUsed=\"false\" QFormat=\"true\" Name=\"Subtle Reference\"/>\n  <w:LsdException Locked=\"false\" Priority=\"32\" SemiHidden=\"false\"\n   UnhideWhenUsed=\"false\" QFormat=\"true\" Name=\"Intense Reference\"/>\n  <w:LsdException Locked=\"false\" Priority=\"33\" SemiHidden=\"false\"\n   UnhideWhenUsed=\"false\" QFormat=\"true\" Name=\"Book Title\"/>\n  <w:LsdException Locked=\"false\" Priority=\"37\" Name=\"Bibliography\"/>\n  <w:LsdException Locked=\"false\" Priority=\"39\" QFormat=\"true\" Name=\"TOC Heading\"/>\n </w:LatentStyles>\n</xml><![endif]-->\n<style>\n<!--\n /* Font Definitions */\n @font-face\n	{font-family:宋体;\n	panose-1:2 1 6 0 3 1 1 1 1 1;\n	mso-font-alt:SimSun;\n	mso-font-charset:134;\n	mso-generic-font-family:auto;\n	mso-font-pitch:variable;\n	mso-font-signature:3 680460288 22 0 262145 0;}\n@font-face\n	{font-family:宋体;\n	panose-1:2 1 6 0 3 1 1 1 1 1;\n	mso-font-alt:SimSun;\n	mso-font-charset:134;\n	mso-generic-font-family:auto;\n	mso-font-pitch:variable;\n	mso-font-signature:3 680460288 22 0 262145 0;}\n@font-face\n	{font-family:Calibri;\n	panose-1:2 15 5 2 2 2 4 3 2 4;\n	mso-font-charset:0;\n	mso-generic-font-family:swiss;\n	mso-font-pitch:variable;\n	mso-font-signature:-520092929 1073786111 9 0 415 0;}\n@font-face\n	{font-family:\"\\@宋体\";\n	panose-1:2 1 6 0 3 1 1 1 1 1;\n	mso-font-charset:134;\n	mso-generic-font-family:auto;\n	mso-font-pitch:variable;\n	mso-font-signature:3 680460288 22 0 262145 0;}\n /* Style Definitions */\n p.MsoNormal, li.MsoNormal, div.MsoNormal\n	{mso-style-unhide:no;\n	mso-style-qformat:yes;\n	mso-style-parent:\"\";\n	margin:0cm;\n	margin-bottom:.0001pt;\n	text-align:justify;\n	text-justify:inter-ideograph;\n	mso-pagination:none;\n	font-size:10.5pt;\n	mso-bidi-font-size:11.0pt;\n	font-family:\"Calibri\",\"sans-serif\";\n	mso-ascii-font-family:Calibri;\n	mso-ascii-theme-font:minor-latin;\n	mso-fareast-font-family:宋体;\n	mso-fareast-theme-font:minor-fareast;\n	mso-hansi-font-family:Calibri;\n	mso-hansi-theme-font:minor-latin;\n	mso-bidi-font-family:\"Times New Roman\";\n	mso-bidi-theme-font:minor-bidi;\n	mso-font-kerning:1.0pt;}\n.MsoChpDefault\n	{mso-style-type:export-only;\n	mso-default-props:yes;\n	font-family:\"Calibri\",\"sans-serif\";\n	mso-bidi-font-family:\"Times New Roman\";\n	mso-bidi-theme-font:minor-bidi;}\n /* Page Definitions */\n @page\n	{mso-page-border-surround-header:no;\n	mso-page-border-surround-footer:no;}\n@page WordSection1\n	{size:612.0pt 792.0pt;\n	margin:72.0pt 90.0pt 72.0pt 90.0pt;\n	mso-header-margin:36.0pt;\n	mso-footer-margin:36.0pt;\n	mso-paper-source:0;}\ndiv.WordSection1\n	{page:WordSection1;}\n /* List Definitions */\n @list l0\n	{mso-list-id:734009019;\n	mso-list-template-ids:1824309842;}\n@list l1\n	{mso-list-id:1753813352;\n	mso-list-template-ids:-35095524;}\n@list l2\n	{mso-list-id:1836266935;\n	mso-list-template-ids:-195758910;}\nol\n	{margin-bottom:0cm;}\nul\n	{margin-bottom:0cm;}\n-->\n</style>\n<!--[if gte mso 10]>\n<style>\n /* Style Definitions */\n table.MsoNormalTable\n	{mso-style-name:普通表格;\n	mso-tstyle-rowband-size:0;\n	mso-tstyle-colband-size:0;\n	mso-style-noshow:yes;\n	mso-style-priority:99;\n	mso-style-parent:\"\";\n	mso-padding-alt:0cm 5.4pt 0cm 5.4pt;\n	mso-para-margin:0cm;\n	mso-para-margin-bottom:.0001pt;\n	mso-pagination:widow-orphan;\n	font-size:10.5pt;\n	mso-bidi-font-size:11.0pt;\n	font-family:\"Calibri\",\"sans-serif\";\n	mso-ascii-font-family:Calibri;\n	mso-ascii-theme-font:minor-latin;\n	mso-hansi-font-family:Calibri;\n	mso-hansi-theme-font:minor-latin;\n	mso-bidi-font-family:\"Times New Roman\";\n	mso-bidi-theme-font:minor-bidi;\n	mso-font-kerning:1.0pt;}\n</style>\n<![endif]-->\n\n\n\n\n\n\n\n\n\n\n\n\n\n\n\n\n\n\n\n\n\n\n\n\n\n\n\n\n\n\n\n\n\n\n\n\n\n\n\n\n\n\n\n\n\n\n\n\n\n</p><p class=\"MsoNormal\" style=\"margin-bottom: 12pt; margin-left: 30pt; text-indent: -18pt; background-image: initial; background-position: initial; background-size: initial; background-repeat: initial; background-attachment: initial; background-origin: initial; background-clip: initial;\"><!--[if !supportLists]--><span lang=\"EN-US\" style=\"font-size:11.0pt;font-family:宋体;mso-ascii-theme-font:minor-fareast;\nmso-fareast-font-family:宋体;mso-fareast-theme-font:minor-fareast;mso-hansi-theme-font:\nminor-fareast;mso-bidi-font-family:宋体;mso-bidi-theme-font:minor-fareast\">5.<spantimes new=\"\" roman\"\'=\"\">&nbsp; </spantimes></span><!--[endif]--><span style=\"font-size:11.0pt;font-family:宋体;mso-ascii-theme-font:minor-fareast;\nmso-fareast-font-family:宋体;mso-fareast-theme-font:minor-fareast;mso-hansi-theme-font:\nminor-fareast\">函数参数<span lang=\"EN-US\">&nbsp;<br>\n5.1 </span>只读取该参数的内容，不对其内容做修改，用常量引用。<span lang=\"EN-US\">&nbsp;<br>\n5.2 </span>修改参数内容，或需要通过参数返回，用非常量应用。<span lang=\"EN-US\">&nbsp;<br>\n5.3 </span>简单数据类型用传值方式。<span lang=\"EN-US\">&nbsp;<br>\n5.4 </span>复杂数据类型用引用或指针方式。<span lang=\"EN-US\"><o:p></o:p></span></span></p>','',1,7,'2018-07-12 10:03:59.163073',1),(21,'系统崩溃，TCP协议栈','<p>上学那会儿，学的是谭浩强的C语言教材，书里说<strong><em>“访问空指针会造成系统崩溃”</em></strong>。我记得大学老师讲到这里的时候，我就会较真儿什么是系统崩溃，老师便告诉我，访问任意指针，系统的行为将会是未知的，访问空指针系统会直接崩溃，我再问什么是系统，如何崩溃的时候，老师说，系统就是操作系统，崩溃就是蓝屏，司机之类的，反正就是系统不能继续用了…</p><p>那是2003年左右，Windows XP系统刚刚发布不到两年，大红大紫之时啊，我记得只要回到寝室，一有上机时间就会摆弄Windows XP的各种特性，炫酷的UI真的不错…</p><p><img src=\"https://timgsa.baidu.com/timg?image&amp;quality=80&amp;size=b9999_10000&amp;sec=1531375553196&amp;di=1e6fce01bbc3e706a64157574c86a2f0&amp;imgtype=0&amp;src=http%3A%2F%2Foe47lzt6v.bkt.clouddn.com%2FE9D00D24-A026-4C1D-BAF8-7A31D1CADF60.png\" style=\"max-width:100%;\"><br></p><p>那时我们的C语言平台是Turbo C，我用它写了一个访问空指针的程序，看看能不能让Windows XP崩溃，然而，并不能。无论我写一个访问什么指针的程序，系统都不会崩溃，只是简单的程序错误。</p><p>…</p><p>那个时候我还在机械工程系学习机械原理，也就不纠结计算机的事了。时间过了好多年后，我才第一次经历了自己访问空指针造成了Linux操作系统崩溃，那一次，我第一次写Linux内核模块，写的不好，所以操作系统就崩溃了…</p><p>所以，在教授或者学习C语言之前，最好先教授或者学习一些操作系统的基础原理，否则，对于指针错误这种，就很难能描述清楚。即便是普通应用程序里的指针，你想真正了解它，不也得先了解虚拟内核和MMU吗？不然，当程序由于指针出现错误时，很难获得一个根源上的解释。</p><p>我不知道现在大学的老师在讲<strong><em>C语言系统崩溃</em></strong>的时候，还会不会说<strong><em>操作系统崩溃</em></strong>了，反正，跟我差不多时间上大学的人，遇到这个问题时，很多的老师都是在照本宣科<strong><em>操作系统崩溃</em></strong>。</p><hr><p>当我们提到<strong><em>“栈”</em></strong>这个词时，我们说的是<strong><em>带有后入先出这种行为的一种容器</em></strong>。也就是说，它的内容并不是一个东西，而是多个层次化的东西层叠在一起，就像一摞盘子一样。</p><p><strong><em>协议栈</em></strong>，指的是符合某种分层模型约束的多个协议的层叠结构，比如TCP/IP，这是一个典型的协议栈。但是注意，TCP/IP协议栈包含的是<strong><em>一族协议</em></strong>，其中有HTTP，DNS，TCP，UDP，ICMP，IP，ARP，RIP，OSPF等等，而不是某一个协议。</p><p>由于TCP名不副实的地位，人们经常会用<strong><em>“TCP协议栈”</em></strong>这个词来代替TCP这一个协议，有点喧宾夺主，这是不对的。TCP只是一个协议，并不是一个栈。如果非要硬将TCP协议栈指代TCP/IP协议栈，那就必须连带着包含IP协议。</p><p>这就好比，没有任何人可以被称作人类一样。如果要描述TCP，就说TCP好了，把“栈”字去掉。</p><hr><p>昨天看了《恐怖游轮》，本来今天准备用代码写一下逻辑的，然而睡了一觉后就没想法了，而且还有几个BUG需要解释，等全部通了一并搞。今天继续看完《土拨鼠之日》和《Happy Death Day!》，同样精彩的无限循环电影。</p>','TCP协议栈',1,1,'2018-07-12 11:18:54.512787',1),(23,'我的第一篇文章','<div label-module=\"para\"><font color=\"#f9963b\">论文格式就是指进行论文写作时的<a href=\"https://baike.baidu.com/item/%E6%A0%B7%E5%BC%8F/7715901\" target=\"_blank\"><u>样式</u></a>要求，以及写作标准。直观地说，</font></div><div label-module=\"para\">论文格式就是论文达到可公之于众的标准样式和内容要求。论文常用来进行科学研究和描述<a href=\"https://baike.baidu.com/item/%E7%A7%91%E7%A0%94%E6%88%90%E6%9E%9C\" target=\"_blank\"><u><font color=\"#0066cc\">科研成果</font></u></a>文章。<br></div><div label-module=\"para\">它包括<a href=\"https://baike.baidu.com/item/%E5%AD%A6%E5%B9%B4%E8%AE%BA%E6%96%87\" target=\"_blank\"><u><font color=\"#0066cc\">学年论文</font></u></a>、<a href=\"https://baike.baidu.com/item/%E6%AF%95%E4%B8%9A%E8%AE%BA%E6%96%87\" target=\"_blank\"><u><font color=\"#0066cc\">毕业论文</font></u></a>、<a href=\"https://baike.baidu.com/item/%E5%AD%A6%E4%BD%8D%E8%AE%BA%E6%96%87\" target=\"_blank\"><u><font color=\"#0066cc\">学位论文</font></u></a>、<a href=\"https://baike.baidu.com/item/%E7%A7%91%E6%8A%80%E8%AE%BA%E6%96%87\" target=\"_blank\"><u><font color=\"#0066cc\">科技论文</font></u></a>、成果论文等，总称为论文。</div><p><br></p><p><b></b><i></i><u></u><sub></sub><sup></sup><strike></strike><br></p>','我还没想好文章该写什么摘要',3,39,'2018-07-13 10:48:32.941840',1),(24,'我是文章标题','<p>我是文章的内容</p>','我是文章的摘要',7,40,'2018-07-13 11:11:47.794372',1);
/*!40000 ALTER TABLE `index_article` ENABLE KEYS */;
UNLOCK TABLES;

--
-- Table structure for table `index_articlecollection`
--

DROP TABLE IF EXISTS `index_articlecollection`;
/*!40101 SET @saved_cs_client     = @@character_set_client */;
/*!40101 SET character_set_client = utf8 */;
CREATE TABLE `index_articlecollection` (
  `id` int(11) NOT NULL AUTO_INCREMENT,
  `collectionUser_id` int(11) NOT NULL,
  `collectionArticle_id` int(11) NOT NULL,
  PRIMARY KEY (`id`),
  KEY `inde_collectionUser_id_3f13eea2faef99b7_fk_index_person_personID` (`collectionUser_id`),
  KEY `collectionArticle_id_cdc9c77e515c9eb_fk_index_article_articleID` (`collectionArticle_id`),
  CONSTRAINT `collectionArticle_id_cdc9c77e515c9eb_fk_index_article_articleID` FOREIGN KEY (`collectionArticle_id`) REFERENCES `index_article` (`articleID`),
  CONSTRAINT `inde_collectionUser_id_3f13eea2faef99b7_fk_index_person_personID` FOREIGN KEY (`collectionUser_id`) REFERENCES `index_person` (`personID`)
) ENGINE=InnoDB AUTO_INCREMENT=12 DEFAULT CHARSET=utf8;
/*!40101 SET character_set_client = @saved_cs_client */;

--
-- Dumping data for table `index_articlecollection`
--

LOCK TABLES `index_articlecollection` WRITE;
/*!40000 ALTER TABLE `index_articlecollection` DISABLE KEYS */;
INSERT INTO `index_articlecollection` VALUES (3,6,4),(4,6,2),(5,26,7),(6,11,7),(7,1,11),(8,2,11),(9,11,11),(10,7,10),(11,1,7);
/*!40000 ALTER TABLE `index_articlecollection` ENABLE KEYS */;
UNLOCK TABLES;

--
-- Table structure for table `index_articlecomment`
--

DROP TABLE IF EXISTS `index_articlecomment`;
/*!40101 SET @saved_cs_client     = @@character_set_client */;
/*!40101 SET character_set_client = utf8 */;
CREATE TABLE `index_articlecomment` (
  `articleCommentID` int(11) NOT NULL AUTO_INCREMENT,
  `commentContent` varchar(466) NOT NULL,
  `commentUser_id` int(11) NOT NULL,
  `commentArticle_id` int(11) NOT NULL,
  `commentTime` datetime(6) NOT NULL,
  PRIMARY KEY (`articleCommentID`),
  KEY `index_a_commentUser_id_667b21095b4799e0_fk_index_person_personID` (`commentUser_id`),
  KEY `in_commentArticle_id_585372869f65cc40_fk_index_article_articleID` (`commentArticle_id`),
  CONSTRAINT `in_commentArticle_id_585372869f65cc40_fk_index_article_articleID` FOREIGN KEY (`commentArticle_id`) REFERENCES `index_article` (`articleID`),
  CONSTRAINT `index_a_commentUser_id_667b21095b4799e0_fk_index_person_personID` FOREIGN KEY (`commentUser_id`) REFERENCES `index_person` (`personID`)
) ENGINE=InnoDB AUTO_INCREMENT=12 DEFAULT CHARSET=utf8;
/*!40101 SET character_set_client = @saved_cs_client */;

--
-- Dumping data for table `index_articlecomment`
--

LOCK TABLES `index_articlecomment` WRITE;
/*!40000 ALTER TABLE `index_articlecomment` DISABLE KEYS */;
INSERT INTO `index_articlecomment` VALUES (1,'任何研究领域包括计算机视觉的研究，对处在研究初期的学生而言， 更重要的是掌握足够的数学工具，培养一种正式思维（Formal Thinking）的能力，这样，遇到实际的问题就能以一种理论上正确的思路去解决这个问题。',6,2,'2018-07-11 15:09:52.000000'),(2,'这样，遇到实际的问题就能以一种理论上正确的思路去解决这个问题。',6,2,'2018-07-11 15:10:07.000000'),(3,'请教下超市扫码枪是用什么原理读取条码的',15,6,'2018-07-11 16:55:11.000000'),(4,'如果是卡尔曼滤波或者傅里叶变换这种很硬的工科课程应该怎么验证自己的学习成果呢？',15,5,'2018-07-11 16:55:31.000000'),(5,'关于科学研究的事说得很好，re-search, formal thinking, focus small',15,2,'2018-07-11 16:55:57.000000'),(6,'我觉得 人工智能吧 或者让计算机识别实体图像',10,7,'2018-07-11 16:59:20.000000'),(7,'啊！！ 导师竟然被搬上知乎了！',10,7,'2018-07-11 16:59:28.000000'),(8,'已点赞 已收藏 求置顶~！',26,7,'2018-07-11 17:15:28.000000'),(9,'腾讯优图实验室高级研究员，常年招收实习生与正式员工，欢迎勾搭',16,7,'2018-07-11 17:33:03.000000'),(10,'11',2,4,'2018-07-11 18:50:00.000000'),(11,'点赞',7,10,'2018-07-12 09:53:53.000000');
/*!40000 ALTER TABLE `index_articlecomment` ENABLE KEYS */;
UNLOCK TABLES;

--
-- Table structure for table `index_articlerecommend`
--

DROP TABLE IF EXISTS `index_articlerecommend`;
/*!40101 SET @saved_cs_client     = @@character_set_client */;
/*!40101 SET character_set_client = utf8 */;
CREATE TABLE `index_articlerecommend` (
  `id` int(11) NOT NULL AUTO_INCREMENT,
  `recommendtUser_id` int(11) NOT NULL,
  `recommendArticle_id` int(11) NOT NULL,
  PRIMARY KEY (`id`),
  KEY `inde_recommendtUser_id_2b895c33a4cf949f_fk_index_person_personID` (`recommendtUser_id`),
  KEY `i_recommendArticle_id_fb90306e96183fb_fk_index_article_articleID` (`recommendArticle_id`),
  CONSTRAINT `i_recommendArticle_id_fb90306e96183fb_fk_index_article_articleID` FOREIGN KEY (`recommendArticle_id`) REFERENCES `index_article` (`articleID`),
  CONSTRAINT `inde_recommendtUser_id_2b895c33a4cf949f_fk_index_person_personID` FOREIGN KEY (`recommendtUser_id`) REFERENCES `index_person` (`personID`)
) ENGINE=InnoDB DEFAULT CHARSET=utf8;
/*!40101 SET character_set_client = @saved_cs_client */;

--
-- Dumping data for table `index_articlerecommend`
--

LOCK TABLES `index_articlerecommend` WRITE;
/*!40000 ALTER TABLE `index_articlerecommend` DISABLE KEYS */;
/*!40000 ALTER TABLE `index_articlerecommend` ENABLE KEYS */;
UNLOCK TABLES;

--
-- Table structure for table `index_articlethumbup`
--

DROP TABLE IF EXISTS `index_articlethumbup`;
/*!40101 SET @saved_cs_client     = @@character_set_client */;
/*!40101 SET character_set_client = utf8 */;
CREATE TABLE `index_articlethumbup` (
  `id` int(11) NOT NULL AUTO_INCREMENT,
  `likeUser_id` int(11) NOT NULL,
  `likeArticle_id` int(11) NOT NULL,
  PRIMARY KEY (`id`),
  KEY `index_arti_likeUser_id_22c3bc648b4532e0_fk_index_person_personID` (`likeUser_id`),
  KEY `index__likeArticle_id_f02cf467710c8c0_fk_index_article_articleID` (`likeArticle_id`),
  CONSTRAINT `index__likeArticle_id_f02cf467710c8c0_fk_index_article_articleID` FOREIGN KEY (`likeArticle_id`) REFERENCES `index_article` (`articleID`),
  CONSTRAINT `index_arti_likeUser_id_22c3bc648b4532e0_fk_index_person_personID` FOREIGN KEY (`likeUser_id`) REFERENCES `index_person` (`personID`)
) ENGINE=InnoDB AUTO_INCREMENT=16 DEFAULT CHARSET=utf8;
/*!40101 SET character_set_client = @saved_cs_client */;

--
-- Dumping data for table `index_articlethumbup`
--

LOCK TABLES `index_articlethumbup` WRITE;
/*!40000 ALTER TABLE `index_articlethumbup` DISABLE KEYS */;
INSERT INTO `index_articlethumbup` VALUES (1,1,2),(3,26,7),(4,11,7),(5,11,6),(6,11,5),(7,10,7),(8,10,5),(9,10,4),(10,16,7),(11,16,5),(12,1,11),(13,2,11),(14,7,10),(15,7,15);
/*!40000 ALTER TABLE `index_articlethumbup` ENABLE KEYS */;
UNLOCK TABLES;

--
-- Table structure for table `index_dynamic`
--

DROP TABLE IF EXISTS `index_dynamic`;
/*!40101 SET @saved_cs_client     = @@character_set_client */;
/*!40101 SET character_set_client = utf8 */;
CREATE TABLE `index_dynamic` (
  `dynamicID` int(11) NOT NULL AUTO_INCREMENT,
  `sender_id` int(11) NOT NULL,
  `content` longtext NOT NULL,
  `createDate` datetime(6) NOT NULL,
  PRIMARY KEY (`dynamicID`),
  KEY `index_dynami_sender_id_74f6bc901e016bf7_fk_index_person_personID` (`sender_id`),
  CONSTRAINT `index_dynami_sender_id_74f6bc901e016bf7_fk_index_person_personID` FOREIGN KEY (`sender_id`) REFERENCES `index_person` (`personID`)
) ENGINE=InnoDB AUTO_INCREMENT=51 DEFAULT CHARSET=utf8;
/*!40101 SET character_set_client = @saved_cs_client */;

--
-- Dumping data for table `index_dynamic`
--

LOCK TABLES `index_dynamic` WRITE;
/*!40000 ALTER TABLE `index_dynamic` DISABLE KEYS */;
INSERT INTO `index_dynamic` VALUES (25,18,'在2020年的时候，我们的无人车可以实现量产。但我们并不满足，希望能够更早地去生产、去量产无人车。所以，在前不久我们宣布和金龙汽车合作将生产一款无人驾驶的小巴车，并在2018年7月份实现量产。这个小巴车没有方向盘、没有驾驶位，它是一个真正的无人驾驶汽车。当然在明年开始运营的时候，它会先在相对封闭的道路上进行运营。','2018-07-11 15:47:24.213528'),(26,10,'晚了一周才来上评测结果，也是为了等待MACE更加稳定和完善。编译过程和文档质量虽然相比Tencent的ncnn和FeatherCNN框架复杂，但是只要稍微有点android交叉编译基础的工程师，大约2-3小时就能完成demo部署，比起TVM顺利得多啊（笔者花了一周时间尝试在RK3399上部署TVM，失败告终，弃坑，祝仍然在TVM上尝试的小伙伴们好运……）','2018-07-11 15:47:37.023997'),(27,11,'在上大学的时候，老爹经常让我帮他搜集各种材料，今年是“5S管理”，明年变成“6S管理”，再过一年变成“7S”管理...\r\n看了看内容，就是办公室如何归置，物品如何摆放，工作流程如何规范...\r\n老爹所在的单位就是传统的办公室工作，茶杯摆放在何处，垃圾桶摆放在何处，订书机摆放在何处，规定这些有多大意义？\r\n','2018-07-11 15:47:50.992145'),(28,11,'加入创业公司优点：待遇比之前好，晋升空间也很大，薪资也高了许多，新创业的公司有可能你还需要学更多的知识，可以检查你之前学的是否已经忘记了。等等\r\n\r\n缺点：有风险倒闭了就凉了，和领导沟通很麻烦比较不是之前的那群人，有可能会加班，抗压能力要大等，总之好好的考虑一下要过那种生活，以后想怎么去发展。在决定要不要跳槽！\r\n','2018-07-11 15:48:00.736205'),(29,12,'更重要的是，通常自研引擎的功能完整度、性能、稳定性、易用性以及文档化程度都难以在短时间达到商业引擎的水平，因此在同等品质的情况下，自研引擎的游戏制作周期往往都会更长。更长的周期带来的不仅仅是费用的增加，更有可能错过非常宝贵的市场机遇，这种损失是难以估量的。','2018-07-11 15:48:11.229586'),(31,26,'大家好 我是乌蝇哥！\r\n初来乍到，多多关注！','2018-07-11 16:36:20.154973'),(33,27,':) 大家好，我是Lucky,请大家多多关照！','2018-07-11 17:19:09.412433'),(34,27,'这是我的第二条动态哦！^_^','2018-07-11 17:35:23.810396'),(35,27,'实习快结束啦！！！','2018-07-11 17:36:06.376861'),(36,27,'Hello，I am Lucky!','2018-07-11 17:54:06.915691'),(37,2,'今天超级不好开心，睡觉睡觉！','2018-07-11 18:13:36.956723'),(38,1,'team work is important','2018-07-12 06:59:00.976683'),(39,7,'机房蚊子都是Plus版的','2018-07-12 08:31:56.023558'),(40,7,'回家倒数第二天！','2018-07-12 09:56:26.712383'),(41,7,'C++标准库：C++标准库，包括了STL容器，算法和函数等。\r\nC++ Standard Library：是一系列类和函数的集合，使用核心语言编写，也是C++ISO自身标准的一部分。\r\nStandard Template Library：标准模板库\r\nC POSIX library ： POSIX系统的C标准库规范\r\nISO C++ Standards Committee ：C++标准委员会\r\n','2018-07-12 10:00:21.405246'),(42,7,'SGI STL是STL代码的经典实现版本，虽然很多编译器不直接使用这个版本，但是很多却在此基础之上进行改进的。比如GNU C++的标准库就是在此基础之上改进的。这份代码还有一个好处是有注释，代码书写非常规范，只要花些时间读懂它并非难事。','2018-07-12 10:00:39.739093'),(43,7,'muduo 是一个基于 Reactor 模式的现代 C++ 网络库，它采用非阻塞 IO 模型，基于事件驱动和回调，原生支持多核多线程，适合编写 Linux 服务端多线程网络应用程序。','2018-07-12 10:00:58.738008'),(44,7,'人工智能\r\nbtsk ：游戏行为树启动器工具\r\nEvolving Objects：基于模板的，ANSI C++演化计算库，能够帮助你非常快速地编写出自己的随机优化算法。\r\nNeu：C++11框架，编程语言集，用于创建人工智能应用程序的多用途软件系统。\r\n','2018-07-12 10:01:13.694924'),(45,7,'异步事件循环\r\nBoost.Asio：用于网络和底层I/O编程的跨平台的C++库。\r\nlibev ：功能齐全，高性能的时间循环，轻微地仿效libevent，但是不再像libevent一样有局限性，也修复了它的一些bug。\r\nlibevent ：事件通知库\r\nlibuv ：跨平台异步I/O。\r\n','2018-07-12 10:01:38.187311'),(46,8,'muduo 是一个基于 Reactor 模式的现代 C++ 网络库，它采用非阻塞 IO 模型，基于事件驱动和回调，原生支持多核多线程，适合编写 Linux 服务端多线程网络应用程序。','2018-07-12 10:05:54.279892'),(47,34,'回家倒数第二天！','2018-07-12 10:13:27.302113'),(48,7,'今天是回家的倒数第二天，开心','2018-07-12 10:44:57.146319'),(49,26,'答辩完成了，敢敢单单','2018-07-12 11:31:28.963775'),(50,2,'居然又下雨了，超级不开心！！！','2018-07-12 17:03:17.065919');
/*!40000 ALTER TABLE `index_dynamic` ENABLE KEYS */;
UNLOCK TABLES;

--
-- Table structure for table `index_dynamiccomment`
--

DROP TABLE IF EXISTS `index_dynamiccomment`;
/*!40101 SET @saved_cs_client     = @@character_set_client */;
/*!40101 SET character_set_client = utf8 */;
CREATE TABLE `index_dynamiccomment` (
  `dynamicCommentID` int(11) NOT NULL AUTO_INCREMENT,
  `commentContent` varchar(466) NOT NULL,
  `commentUser_id` int(11) NOT NULL,
  `commentDynamic_id` int(11) NOT NULL,
  `commentTime` datetime(6) NOT NULL,
  PRIMARY KEY (`dynamicCommentID`),
  KEY `index_d_commentUser_id_7f3d7640c04c73d9_fk_index_person_personID` (`commentUser_id`),
  KEY `ind_commentDynamic_id_e8e64ca96602302_fk_index_dynamic_dynamicID` (`commentDynamic_id`),
  CONSTRAINT `ind_commentDynamic_id_e8e64ca96602302_fk_index_dynamic_dynamicID` FOREIGN KEY (`commentDynamic_id`) REFERENCES `index_dynamic` (`dynamicID`),
  CONSTRAINT `index_d_commentUser_id_7f3d7640c04c73d9_fk_index_person_personID` FOREIGN KEY (`commentUser_id`) REFERENCES `index_person` (`personID`)
) ENGINE=InnoDB AUTO_INCREMENT=33 DEFAULT CHARSET=utf8;
/*!40101 SET character_set_client = @saved_cs_client */;

--
-- Dumping data for table `index_dynamiccomment`
--

LOCK TABLES `index_dynamiccomment` WRITE;
/*!40000 ALTER TABLE `index_dynamiccomment` DISABLE KEYS */;
INSERT INTO `index_dynamiccomment` VALUES (11,'人类发展离不开测试，那些不看好的人怕多是老司机吧！怕没有工作机会吧！',5,25,'2018-07-11 15:48:46.000000'),(12,'cpu应该是毫无优势了，期待gpu测试',3,26,'2018-07-11 15:49:21.000000'),(13,'acl是有硬伤，必须c++14以上才能把它里面的正则表达式的源码编过。MACE最大的好处是GPU终于可以上车了。我看着手里的3536（MALI-T720）和3559A（MALI-G71）心里乐开了花，上车了上车了',16,27,'2018-07-11 15:49:37.000000'),(14,'科技实际上是停滞的，包装一下就又冒出来了',19,28,'2018-07-11 15:49:49.000000'),(15,'成本是真的低，跑到后面的时候，做一个新项目基本上就是fork一般，然后瞬间就可以爆十几二十个项目出来，时间快，重用率高，这成本是商业引擎没法比的。',20,29,'2018-07-11 15:50:02.000000'),(16,'沙发是我的',26,31,'2018-07-11 16:36:43.000000'),(17,'乌蝇哥牛逼',26,31,'2018-07-11 16:36:53.000000'),(18,'成本是真的低，跑到后面的时候，做一个新项目基本上就是fork一般，然后瞬间就可以爆十几二十个项目出来，时间快，重用率高，这成本是商业引擎没法比的。',15,31,'2018-07-11 16:37:22.000000'),(19,'',1,31,'2018-07-11 16:42:50.000000'),(20,'也有深度学习解不了的问题，像三维重建和识别。” 这个有待商榷：Shape Completion Enabled Grasping 这篇论文就是用3D卷积网从RGBD表面重建完整物体3D模型',10,26,'2018-07-11 16:58:59.000000'),(21,'抢个沙发',26,33,'2018-07-11 17:32:35.000000'),(22,'shafa',1,37,'2018-07-11 18:18:32.000000'),(23,'21321321321321312321321321313',1,37,'2018-07-11 18:22:37.000000'),(24,'123',1,37,'2018-07-11 18:23:39.000000'),(25,'123',1,37,'2018-07-11 18:24:27.000000'),(26,'1111111',26,36,'2018-07-11 18:41:49.000000'),(27,'112233',9,38,'2018-07-12 08:10:24.000000'),(28,'好',1,36,'2018-07-12 10:35:26.000000'),(29,'激动！',1,35,'2018-07-12 10:37:37.000000'),(30,'asdlksjd',7,43,'2018-07-12 11:14:06.000000'),(31,'asdlksjd123',7,43,'2018-07-12 11:14:15.000000'),(32,'乌蝇哥牛逼',26,49,'2018-07-12 11:32:14.000000');
/*!40000 ALTER TABLE `index_dynamiccomment` ENABLE KEYS */;
UNLOCK TABLES;

--
-- Table structure for table `index_dynamicthumbup`
--

DROP TABLE IF EXISTS `index_dynamicthumbup`;
/*!40101 SET @saved_cs_client     = @@character_set_client */;
/*!40101 SET character_set_client = utf8 */;
CREATE TABLE `index_dynamicthumbup` (
  `id` int(11) NOT NULL AUTO_INCREMENT,
  `likeUser_id` int(11) NOT NULL,
  `likeDynamic_id` int(11) NOT NULL,
  PRIMARY KEY (`id`),
  KEY `index_dyna_likeUser_id_56297c801fc2f3c1_fk_index_person_personID` (`likeUser_id`),
  KEY `index_likeDynamic_id_4ba3b009a41bfb42_fk_index_dynamic_dynamicID` (`likeDynamic_id`),
  CONSTRAINT `index_dyna_likeUser_id_56297c801fc2f3c1_fk_index_person_personID` FOREIGN KEY (`likeUser_id`) REFERENCES `index_person` (`personID`),
  CONSTRAINT `index_likeDynamic_id_4ba3b009a41bfb42_fk_index_dynamic_dynamicID` FOREIGN KEY (`likeDynamic_id`) REFERENCES `index_dynamic` (`dynamicID`)
) ENGINE=InnoDB AUTO_INCREMENT=30 DEFAULT CHARSET=utf8;
/*!40101 SET character_set_client = @saved_cs_client */;

--
-- Dumping data for table `index_dynamicthumbup`
--

LOCK TABLES `index_dynamicthumbup` WRITE;
/*!40000 ALTER TABLE `index_dynamicthumbup` DISABLE KEYS */;
INSERT INTO `index_dynamicthumbup` VALUES (16,26,31),(17,1,31),(18,11,25),(19,11,26),(20,10,31),(21,10,29),(22,10,28),(23,16,25),(24,27,36),(25,8,46),(26,33,46),(27,34,46),(28,7,35),(29,26,36);
/*!40000 ALTER TABLE `index_dynamicthumbup` ENABLE KEYS */;
UNLOCK TABLES;

--
-- Table structure for table `index_idea`
--

DROP TABLE IF EXISTS `index_idea`;
/*!40101 SET @saved_cs_client     = @@character_set_client */;
/*!40101 SET character_set_client = utf8 */;
CREATE TABLE `index_idea` (
  `ideaID` int(11) NOT NULL AUTO_INCREMENT,
  `sender_id` int(11) NOT NULL,
  `content` longtext NOT NULL,
  `createDate` datetime(6) NOT NULL,
  `label` bigint(20) NOT NULL,
  PRIMARY KEY (`ideaID`),
  KEY `index_idea_sender_id_4c1ebb685bcd0038_fk_index_person_personID` (`sender_id`),
  CONSTRAINT `index_idea_sender_id_4c1ebb685bcd0038_fk_index_person_personID` FOREIGN KEY (`sender_id`) REFERENCES `index_person` (`personID`)
) ENGINE=InnoDB AUTO_INCREMENT=32 DEFAULT CHARSET=utf8;
/*!40101 SET character_set_client = @saved_cs_client */;

--
-- Dumping data for table `index_idea`
--

LOCK TABLES `index_idea` WRITE;
/*!40000 ALTER TABLE `index_idea` DISABLE KEYS */;
INSERT INTO `index_idea` VALUES (7,6,'在学习了有关深度学习的理论课程之后，很多人都会有兴趣尝试构建一个属于自己的项目，如何启动一个深度学习项目？','2018-07-11 11:43:56.000000',136),(8,22,'写一个什么样的程序向喜欢的妹子表白？\r\n如问题所示，要写一个什么样的程序来向自己心仪的妹子表白呢...题主.net程序员= = 能简单看懂PHP还有Java，水平有限\r\n','2018-07-11 15:51:30.000000',17),(9,12,'独立开发者怎样开发一个app？请介绍一下具体的开发流程，请详细描述一下设计和编码阶段。','2018-07-11 15:55:17.000000',4),(10,23,'C++20 即将到来的 coroutine 能否与 Golang 的 goroutine 媲美？或者能否带来 goroutine 一样的影响力？ ','2018-07-11 16:07:39.000000',17),(11,24,'为什么很多人要禁止 Windows 10 自动更新？\r\n本人电脑是一直开着 Windows 10 自动更新的，就个人感觉来说其实并不会影响正常使用，包括网速和运行速度都不会有什么影响。而且近年来的更新也的确是修复了很多 bug。因此一直有个疑问，禁止 Windows 10 自动更新的意义何在？\r\n','2018-07-11 16:11:56.000000',130),(12,25,' C语言现在还有必要学吗？为了c还有用吗？\r\n现在诸多语言，从身边朋友来看，Python跟JAVA比较热，c学了还要用吗？\r\n','2018-07-11 16:16:44.000000',130),(19,2,'人生苦短，我用Python','2018-07-12 09:09:37.000000',2),(20,7,'1.	申请内存用new操作符。\r\n2.	释放内存用delete操作符。\r\n3.	new和delete，new[]和delete[]成对使用。\r\n4.	申请内存完成之后，要检测指针是否申请成功，处理申请失败的情况。\r\n5.	谁申请谁释放。优先级：函数层面，类层面，模块层面。\r\n6.	释放内存完成后将指针赋空，避免出现野指针。\r\n7.	使用指针前进行判断合法性，应考虑到为空的情况的处理。\r\n8.	使用数组时，应先判断索引的有效性，处理无效的索引的情况。\r\n9.	代码不能出现编译警告。\r\n10.	使用错误传递的错误处理思想。\r\n11.	卫句风格：先处理所有可能发生错误的情况，再处理正常情况。\r\n12.	嵌套do-while(0)宏：目的是将一组语句变成一个语句，避免被其他if等中断。\r\n','2018-07-12 09:55:56.000000',4096),(21,7,'1.	遵守ANSI C和ISO C++国际标准。\r\n2.	确保类型转换不会丢失信息。\r\n3.	注意双字节字符的兼容性。\r\n4.	注意运算溢出问题。\r\n5.	不要假设类型的存储尺寸。\r\n6.	不要假设表达式的运算顺序。\r\n7.	不要假设函数参数的计算顺序。\r\n8.	不要假设不同源文件中静态或全局变量的初始化顺序。\r\n9.	不要依赖编译器基于实现、未明确或未定义的功能。\r\n10.	将所有#include的文件名视为大小写敏感。\r\n11.	避免使用全局变量、静态变量、函数静态变量、类静态变量。在使用静态库，动态库，多线程环境时，会导致兼容性问题。\r\n12.	不要重新实现标准库函数,如STL已经存在的。\r\n','2018-07-12 09:59:41.000000',64),(22,7,'C++性能总结\r\n1.	使用前向声明代替#include指令。Class M;\r\n2.	尽量用++i代替i++。即用前缀代替后缀运算。\r\n3.	尽量在for循环之前，先写计算估值表达式。\r\n4.	尽量避免在循环体内部定义对象。\r\n5.	避免对象拷贝，尤其是代价很高的对象拷贝。\r\n6.	避免生成临时对象，尤其是大的临时对象。\r\n7.	注意大尺寸对象数组。\r\n8.	80-20原则。\r\n','2018-07-12 10:01:59.000000',64),(23,7,'音频，声音，音乐，数字化音乐库\r\nFMOD ：易于使用的跨平台的音频引擎和音频内容的游戏创作工具。\r\nMaximilian ：C++音频和音乐数字信号处理库\r\nOpenAL ：开源音频库—跨平台的音频API\r\nOpus：一个完全开放的，免版税的，高度通用的音频编解码器\r\nSpeex：免费编解码器，为Opus所废弃\r\nTonic： C++易用和高效的音频合成\r\nVorbis： Ogg Vorbis是一种完全开放的，非专有的，免版税的通用压缩音频格式。\r\n','2018-07-12 10:02:22.000000',131072),(24,7,'并发执行和多线程\r\no	Boost.Compute ：用于OpenCL的C++GPU计算库\r\no	Bolt ：针对GPU进行优化的C++模板库\r\no	C++React ：用于C++11的反应性编程库\r\no	Intel TBB ：Intel线程构件块\r\no	Libclsph：基于OpenCL的GPU加速SPH流体仿真库\r\no	OpenCL ：并行编程的异构系统的开放标准\r\no	OpenMP：OpenMP API\r\no	Thrust ：类似于C++标准模板库的并行算法库\r\no	HPX ：用于任何规模的并行和分布式应用程序的通用C++运行时系统\r\no	VexCL ：用于OpenCL/CUDA 的C++向量表达式模板库。\r\n','2018-07-12 10:02:39.000000',16),(25,35,'大数据（big data），指无法在一定时间范围内用常规软件工具进行捕捉、管理和处理的数据集合，是需要新处理模式才能具有更强的决策力、洞察发现力和流程优化能力的海量、高增长率和多样化的信息资产。\r\n在维克托·迈尔-舍恩伯格及肯尼斯·库克耶编写的《大数据时代》  中大数据指不用随机分析法（抽样调查）这样捷径，而采用所有数据进行分析处理。大数据的5V特点（IBM提出）：Volume（大量）、Velocity（高速）、Variety（多样）、Value（低价值密度）、Veracity（真实性）。','2018-07-12 10:15:50.000000',32),(26,36,'云计算 （cloud computing）是基于互联网的相关服务的增加、使用和交付模式，通常涉及通过互联网来提供动态易扩展且经常是虚拟化的资源。云是网络、互联网的一种比喻说法。过去在图中往往用云来表示电信网，后来也用来表示互联网和底层基础设施的抽象。因此，云计算甚至可以让你体验每秒10万亿次的运算能力，拥有这么强大的计算能力可以模拟核爆炸、预测气候变化和市场发展趋势。用户通过电脑、笔记本、手机等方式接入数据中心，按自己的需求进行运算。','2018-07-12 10:18:20.000000',32),(27,37,'C++错误处理\r\n 谁申请谁释放。优先级：函数层面，类层面，模块层面。\r\n释放内存完成后将指针赋空，避免出现野指针。\r\n使用指针前进行判断合法性，应考虑到为空的情况的处理。\r\n使用数组时，应先判断索引的有效性，处理无效的索引的情况。\r\n代码不能出现编译警告。使用错误传递的错误处理思想。\r\n卫句风格：先处理所有可能发生错误的情况，再处理正常情况。\r\n','2018-07-12 10:20:36.000000',4096),(28,38,'人工智能（Artificial Intelligence），英文缩写为AI。它是研究、开发用于模拟、延伸和扩展人的智能的理论、方法、技术及应用系统的一门新的技术科学。\r\n人工智能是计算机科学的一个分支，它企图了解智能的实质，并生产出一种新的能以人类智能相似的方式做出反应的智能机器，该领域的研究包括机器人、语言识别、图像识别、自然语言处理和专家系统等。人工智能从诞生以来，理论和技术日益成熟，应用领域也不断扩大，可以设想，未来人工智能带来的科技产品，将会是人类智慧的“容器”。人工智能可以对人的意识、思维的信息过程的模拟。人工智能不是人的智能，但能像人那样思考、也可能超过人的智能。','2018-07-12 10:23:05.000000',2),(29,34,'人工智能是一门极富挑战性的科学，从事这项工作的人必须懂得计算机知识，心理学和哲学。人工智能是包括十分广泛的科学，它由不同的领域组成，如机器学习，计算机视觉等等，总的说来，人工智能研究的一个主要目标是使机器能够胜任一些通常需要人类智能才能完成的复杂工作。但不同的时代、不同的人对这种“复杂工作”的理解是不同的。2017年12月，人工智能入选“2017年度中国媒体十大流行语”。','2018-07-12 10:24:34.000000',2),(30,33,'智能系统（Intelligence system）是指能产生人类智能行为的计算机系统。智能系统不仅可自组织性与自适应性地在传统的诺依曼的计算机上运行，而且也可自组织性与自适应性地在新一代的非诺依曼结构的计算机上运行。“智能”的含义很广，其本质有待进一步探索，因而，对：“智能”这一词也难于给出一个完整确切的定义，但一般可作这样的表述：智能是人类大脑的较高级活动的体现，它至少应具备自动地获取和应用知识的能力、思维与推理的能力、问题求解的能力和自动学习的能力。\r\n','2018-07-12 10:28:47.000000',2),(31,2,'准备搞一个Django社交网站，不知道有没有好的建议。','2018-07-12 17:04:00.000000',84);
/*!40000 ALTER TABLE `index_idea` ENABLE KEYS */;
UNLOCK TABLES;

--
-- Table structure for table `index_ideacollection`
--

DROP TABLE IF EXISTS `index_ideacollection`;
/*!40101 SET @saved_cs_client     = @@character_set_client */;
/*!40101 SET character_set_client = utf8 */;
CREATE TABLE `index_ideacollection` (
  `id` int(11) NOT NULL AUTO_INCREMENT,
  `collectionUser_id` int(11) NOT NULL,
  `collectionIdea_id` int(11) NOT NULL,
  PRIMARY KEY (`id`),
  KEY `inde_collectionUser_id_30a2fae8bceaa1f0_fk_index_person_personID` (`collectionUser_id`),
  KEY `index_id_collectionIdea_id_42451750e4fdf2d2_fk_index_idea_ideaID` (`collectionIdea_id`),
  CONSTRAINT `inde_collectionUser_id_30a2fae8bceaa1f0_fk_index_person_personID` FOREIGN KEY (`collectionUser_id`) REFERENCES `index_person` (`personID`),
  CONSTRAINT `index_id_collectionIdea_id_42451750e4fdf2d2_fk_index_idea_ideaID` FOREIGN KEY (`collectionIdea_id`) REFERENCES `index_idea` (`ideaID`)
) ENGINE=InnoDB AUTO_INCREMENT=40 DEFAULT CHARSET=utf8;
/*!40101 SET character_set_client = @saved_cs_client */;

--
-- Dumping data for table `index_ideacollection`
--

LOCK TABLES `index_ideacollection` WRITE;
/*!40000 ALTER TABLE `index_ideacollection` DISABLE KEYS */;
INSERT INTO `index_ideacollection` VALUES (9,1,12),(10,15,9),(11,26,12),(14,26,7),(19,11,11),(20,11,9),(21,11,7),(22,11,12),(23,7,19),(24,2,24),(25,2,23),(26,2,22),(27,2,21),(28,8,24),(29,8,23),(30,8,22),(31,33,20),(32,37,20),(33,34,20),(34,34,19),(35,7,21),(36,1,30),(37,7,20),(38,7,10),(39,35,25);
/*!40000 ALTER TABLE `index_ideacollection` ENABLE KEYS */;
UNLOCK TABLES;

--
-- Table structure for table `index_ideamember`
--

DROP TABLE IF EXISTS `index_ideamember`;
/*!40101 SET @saved_cs_client     = @@character_set_client */;
/*!40101 SET character_set_client = utf8 */;
CREATE TABLE `index_ideamember` (
  `id` int(11) NOT NULL AUTO_INCREMENT,
  `idea_id` int(11) NOT NULL,
  `member_id` int(11) NOT NULL,
  PRIMARY KEY (`id`),
  KEY `index_ideamember_idea_id_5ae8ea53ee2cc020_fk_index_idea_ideaID` (`idea_id`),
  KEY `index_ideame_member_id_6d2c1e6af7c0a76c_fk_index_person_personID` (`member_id`),
  CONSTRAINT `index_ideame_member_id_6d2c1e6af7c0a76c_fk_index_person_personID` FOREIGN KEY (`member_id`) REFERENCES `index_person` (`personID`),
  CONSTRAINT `index_ideamember_idea_id_5ae8ea53ee2cc020_fk_index_idea_ideaID` FOREIGN KEY (`idea_id`) REFERENCES `index_idea` (`ideaID`)
) ENGINE=InnoDB AUTO_INCREMENT=26 DEFAULT CHARSET=utf8;
/*!40101 SET character_set_client = @saved_cs_client */;

--
-- Dumping data for table `index_ideamember`
--

LOCK TABLES `index_ideamember` WRITE;
/*!40000 ALTER TABLE `index_ideamember` DISABLE KEYS */;
INSERT INTO `index_ideamember` VALUES (1,7,1),(2,8,21),(3,7,16),(4,12,1),(5,12,26),(6,9,12),(7,7,12),(8,7,26),(9,9,11),(12,7,11),(13,7,15),(14,10,15),(15,12,15),(16,12,10),(17,8,10),(18,11,11),(19,10,11),(20,10,7),(23,24,2),(24,20,33),(25,30,27);
/*!40000 ALTER TABLE `index_ideamember` ENABLE KEYS */;
UNLOCK TABLES;

--
-- Table structure for table `index_ideamessage`
--

DROP TABLE IF EXISTS `index_ideamessage`;
/*!40101 SET @saved_cs_client     = @@character_set_client */;
/*!40101 SET character_set_client = utf8 */;
CREATE TABLE `index_ideamessage` (
  `id` int(11) NOT NULL AUTO_INCREMENT,
  `sender_id` int(11) NOT NULL,
  `idea_id` int(11) NOT NULL,
  `content` varchar(466) NOT NULL,
  `publishDate` datetime(6) NOT NULL,
  PRIMARY KEY (`id`),
  KEY `index_ideame_sender_id_27bf737f64c85b8e_fk_index_person_personID` (`sender_id`),
  KEY `index_ideamessage_idea_id_7afd414cffe5c7c3_fk_index_idea_ideaID` (`idea_id`),
  CONSTRAINT `index_ideame_sender_id_27bf737f64c85b8e_fk_index_person_personID` FOREIGN KEY (`sender_id`) REFERENCES `index_person` (`personID`),
  CONSTRAINT `index_ideamessage_idea_id_7afd414cffe5c7c3_fk_index_idea_ideaID` FOREIGN KEY (`idea_id`) REFERENCES `index_idea` (`ideaID`)
) ENGINE=InnoDB AUTO_INCREMENT=46 DEFAULT CHARSET=utf8;
/*!40101 SET character_set_client = @saved_cs_client */;

--
-- Dumping data for table `index_ideamessage`
--

LOCK TABLES `index_ideamessage` WRITE;
/*!40000 ALTER TABLE `index_ideamessage` DISABLE KEYS */;
INSERT INTO `index_ideamessage` VALUES (16,6,7,'训练深度学习模型需要数百万次的迭代，因此查找 bug 的过程非常艰难，而且容易崩坏。因此我们要从简单的地方着手，循序渐进，','2018-07-11 11:46:04.000000'),(18,21,8,'可以写个小游戏','2018-07-11 15:57:49.000000'),(19,16,7,'很多人工智能项目其实并没有那么严肃，做起来还很有趣。2017 年初，我着手启动了一个为日本漫画上色的项目，并作为我对生成对抗网络 ( GAN ) 研究的一部分。这个问题很难解决，但却很吸引人，尤其是对于我这种不会画画的人来说！在寻找项目时，不要局限于增量性改进，去做一款适销对路的产品，或者创建一种学习速度更快、质量更高的新模型。','2018-07-11 16:21:08.000000'),(21,26,12,'当然有用啦，作为一个初入编程的人来说，c无疑是最好的入门语言。\r\nc学好了之后，再去学其他语言就得心印手许多。\r\n\r\n\r\n\r\n-------------来自无敌的乌蝇哥','2018-07-11 16:29:34.000000'),(22,12,9,'很多人工智能项目其实并没有那么严肃，做起来还很有趣。2017 年初，我着手启动了一个为日本漫画上色的项目，并作为我对生成对抗网络 ( GAN ) 研究的一部分。这个问题很难解决，但却很吸引人，尤其是对于我这种不会画画的人来说！在寻找项目时，不要局限于增量性改进，去做一款适销对路的产品，或者创建一种学习速度更快、质量更高的新模型。','2018-07-11 16:33:07.000000'),(23,12,7,'练深度学习模型需要数百万次的迭代，因此查找 bug 的过程非常艰难，而且容易崩坏。因此我们要从简单的地方着手，循序渐进，例如模型的优化（如正则化）始终可以在代码调试完成后进行。此外，我们还需要经常可视化预测结果和模型度量标准，并且我们首先需要令模型跑起来，这样就有一个可以后退的基线。我们最好不要陷在一个很大的模型，并尝试将所有的模块都弄好。','2018-07-11 16:33:43.000000'),(25,11,9,'1. 先了解需求。你打算做一个什么样的产品，需求上小众还是大众的，热门还是创新的？关键点在于，一个产品有没有需求？市面上超过80%的app都是没有价值的，你可以感受下。\r\n2. 了解市场。你打算怎么让你的产品去接触用户，硬广还是口碑？渠道流量还是自然流量？\r\n3. 了解商业结构。一个产品出来后，是否需要后续运营的投入，人力和资源的要求是如何的？后续的商业计划能否跟得上？你可以不急于确定具体的商业计划，但是心里得有谱。\r\n4. 需求阶段：写下来你的产品要解决什么问题，达成什么目标，怎么来实现。要具体，但是不要纠结于细节。\r\n5. 原型阶段：这个时候你有了完整的需求，但是对很多细节还是在斟酌，原型阶段就是让你去排解这种困惑的。你可以在纸上、在电脑上或者现实生活中不断的去小规模的尝试自己的思路，从UI到流程图你都可以做。这些东西没有什么规范，都是非常自然的东西，没有特定的先后关系。切记这些原型是为了你自己做的，不是像PPT一样要做的多好看多规范。原型的意义是通过快速修改各种规则，务求让产品的细节具体清晰、具有可行性。\r\n','2018-07-11 16:34:25.000000'),(28,11,7,'宏伟的项目计划可能带惨烈的失败。多数个人项目的第一个版本会持续两到四个月，这个时间非常短暂，因为研究、调试和实验都需要花费大量的时间。一般我们安排这些复杂的实验，使其通宵运行，到第二天清晨时，我们希望得到足够的信息来采取下一步行动。在早期阶段，这些实验不应超过 12 小时，这是一条良好的经验法则。为了做到这一点，我们将漫画上色项目范围缩小到单个动画人物的上色。此外，我们需要设计很多测试，因此借助它们分析模型在实验中的不足之处。一般这些测试不要计划得太远，我们需要快速度量、学习，并为下一步设计提供足够的反馈。','2018-07-11 16:35:58.000000'),(29,15,7,'必须使用 GPU 来训练实际模型。它比 CPU 快 20 到 100 倍。价格最低的亚马逊 GPU p2.xlarge 站点实例要价 7.5 美元/天，而 8 核 GPU 的价格则高达 75 美元/天。在我们的漫画上色项目中，一些实验花费的时间就超过两天，因此平均每周花费至少需要 150 美元。至于更快的 AWS 实例，花费可能高达 1500 美元/周。我们可以购买独立计算机，而不是使用云计算。2018 年 2 月，搭载 Nvidia GeForce GTX 1080 Ti 的台式机售价约为 2200 美元。在训练精调的 VGG 模型时，它比 P2 实例大约要快 5 倍。','2018-07-11 16:36:31.000000'),(30,15,10,'说实话，上面那些说没来得及学C++11/14/17的，你们是认真写C++的吗？用C++写过那么一点点项目吗？就随便说C++17几点吧：nested namespace使用起来不是很符合直觉吗？写两次namespace很爽吗？结构化绑定结构在foreach中解构pair，返回值也是，每次写.first、.second很爽吗？constexpr if。。。被enable_if虐过的人都知道constexpr if用起来有多爽。。。后面不想列了，如果觉得新事物难以接受，那么不管C++变不变都不是适合你的语言，说说C++20吧，concept啊，最好STL用concept修一下啊，我真是看到一坨坨的编译错误头大啊。\r\n\r\n作者：DragonSlayer\r\n链接：https://www.zhihu.com/question/64862901/answer/225185103\r\n来源：知乎\r\n著作权归作者所有。商业转载请联系作者获得授权，非商业转载请注明出处。','2018-07-11 16:56:39.000000'),(31,15,12,'这很大程度上取决于你的目的是什么过计算机二级？看谭浩强的《C语言程序设计》已经足够了。一遍不行就看三遍！最快速找份工作？放弃从C入门吧，苦海无涯回头是岸，何必和自己过意不去，请移步这里：怎么用最短时间高效而踏实地学习 Python？坚持十年磨一剑，给编程打下良好的基础入门推荐：c primer plus  讲的很透彻，一遍不行就看三遍，三遍还没看懂？-->郝斌c语言180个视频自学教程 深入浅出，充满人文关怀，前提是你不嫌啰嗦。\r\n\r\n','2018-07-11 16:57:05.000000'),(32,10,12,'我纯粹推荐一些书本吧。自学最大的问题就是不知道学到的知识能做什么。首先，我推荐清华王爽的《汇编语言》。尽管这本书讲的都是16位的8086汇编，但是作为入门书籍非常连贯，建议看完一章，就做习题对答案，在边看书边上机练习,用的是debug来调试。就算没能做到举一反三，也要将书中的代码敲上一边。看这本书，基本就了解底层寄存器，了解指针。也会知道PUSH POP指令, 了解到栈的实现。汇编分Intel和AT&T，也不用过分在意，懂一个就可以了。其次，我推荐《C primer plus》。这本书是关于C语言的入门书，可以详细看看具体的内容，重点理解C语言的指针（包括数组）和结构体，这样至少可以看看数据结构的知识，链表、栈、队列、树等都要用到指针和结构体。可以和你一起分享实现过程)','2018-07-11 16:57:55.000000'),(33,10,8,'想当年女神过生日，用VB写了一个小程序给她。程序启动后会播放生日歌，然后用72号字体在屏幕上显示一行字：祝xx又老一岁！！下方有两个按钮：第一个是“知道了...”，第二个是“我才不老呢！”想点第二个按钮？？Too simple！在第二个按钮上有OnMouseMove事件，鼠标放上去该按钮就会随机移动到别的位置！并且Hook了键盘消息，禁用了空格和回车键，所以用键盘也是按不到第二个按钮的。\r\n','2018-07-11 16:58:30.000000'),(34,11,11,'我们接着说昨天的经历。我点击了“确定”按钮。很快这一幸福时刻就到来了。在经过了一系列反复重启后，系统停留在了桌面，我合计着，应该已经安好了。这里是第二个吐槽点：没有完成提示，更没有任何关于更新内容相关的说明。看系统费老大劲儿的重启安装重启安装，结束后用户一脸懵逼，更新前后的区别在何方？继续。停留在桌面后，我一眼望去貌似有点违和。怎么分辨率变成1024*768了？？？常识告诉我，这些系统设置，Windows没必要也不会去动它们。最有可能的是显卡驱动出问题了。一看设备管理器果然如此。没错，自动更新把我的显卡驱动更没了。还不止这些。更新后，我的：声音输出被重置（刚才刚说了那句话就被打脸了），需要重新设置；\r\n','2018-07-11 17:00:16.000000'),(35,11,10,'说实话，上面那些说没来得及学C++11/14/17的，你们是认真写C++的吗？用C++写过那么一点点项目吗？就随便说C++17几点吧：nested namespace使用起来不是很符合直觉吗？写两次namespace很爽吗？结构化绑定结构在foreach中解构pair，返回值也是，每次写.first、.second很爽吗？constexpr if。。。被enable_if虐过的人都知道constexpr if用起来有多爽。。。后面不想列了，如果觉得新事物难以接受，那么不管C++变不变都不是适合你的语言，说说C++20吧，concept啊，最好STL用concept修一下啊，我真是看到一坨坨的编译错误头大啊。\r\n','2018-07-11 17:01:38.000000'),(37,7,10,'说得好~~~','2018-07-12 08:31:04.000000'),(40,2,24,'点赞','2018-07-12 10:04:48.000000'),(41,33,20,'对操作符的理解很到位。','2018-07-12 10:10:30.000000'),(42,27,30,'lalala\r\n','2018-07-12 11:35:09.000000'),(43,27,30,'fhkahgfhag','2018-07-12 15:00:26.000000'),(44,27,30,'fagjjajgajgj','2018-07-12 15:00:29.000000'),(45,27,30,'fsdagas gfag','2018-07-12 15:00:32.000000');
/*!40000 ALTER TABLE `index_ideamessage` ENABLE KEYS */;
UNLOCK TABLES;

--
-- Table structure for table `index_idearecommend`
--

DROP TABLE IF EXISTS `index_idearecommend`;
/*!40101 SET @saved_cs_client     = @@character_set_client */;
/*!40101 SET character_set_client = utf8 */;
CREATE TABLE `index_idearecommend` (
  `id` int(11) NOT NULL AUTO_INCREMENT,
  `recommendrecommendUser_id` int(11) NOT NULL,
  `recommendIdea_id` int(11) NOT NULL,
  PRIMARY KEY (`id`),
  KEY `db274b02b58282524d582117b5e3816e` (`recommendrecommendUser_id`),
  KEY `index_ide_recommendIdea_id_68ab96a7455be6db_fk_index_idea_ideaID` (`recommendIdea_id`),
  CONSTRAINT `db274b02b58282524d582117b5e3816e` FOREIGN KEY (`recommendrecommendUser_id`) REFERENCES `index_person` (`personID`),
  CONSTRAINT `index_ide_recommendIdea_id_68ab96a7455be6db_fk_index_idea_ideaID` FOREIGN KEY (`recommendIdea_id`) REFERENCES `index_idea` (`ideaID`)
) ENGINE=InnoDB DEFAULT CHARSET=utf8;
/*!40101 SET character_set_client = @saved_cs_client */;

--
-- Dumping data for table `index_idearecommend`
--

LOCK TABLES `index_idearecommend` WRITE;
/*!40000 ALTER TABLE `index_idearecommend` DISABLE KEYS */;
/*!40000 ALTER TABLE `index_idearecommend` ENABLE KEYS */;
UNLOCK TABLES;

--
-- Table structure for table `index_ideathumbup`
--

DROP TABLE IF EXISTS `index_ideathumbup`;
/*!40101 SET @saved_cs_client     = @@character_set_client */;
/*!40101 SET character_set_client = utf8 */;
CREATE TABLE `index_ideathumbup` (
  `id` int(11) NOT NULL AUTO_INCREMENT,
  `likeUser_id` int(11) NOT NULL,
  `likeIdea_id` int(11) NOT NULL,
  PRIMARY KEY (`id`),
  KEY `index_idea_likeUser_id_3ca134b97c20bac5_fk_index_person_personID` (`likeUser_id`),
  KEY `index_ideathum_likeIdea_id_3427821a591234b9_fk_index_idea_ideaID` (`likeIdea_id`),
  CONSTRAINT `index_idea_likeUser_id_3ca134b97c20bac5_fk_index_person_personID` FOREIGN KEY (`likeUser_id`) REFERENCES `index_person` (`personID`),
  CONSTRAINT `index_ideathum_likeIdea_id_3427821a591234b9_fk_index_idea_ideaID` FOREIGN KEY (`likeIdea_id`) REFERENCES `index_idea` (`ideaID`)
) ENGINE=InnoDB AUTO_INCREMENT=47 DEFAULT CHARSET=utf8;
/*!40101 SET character_set_client = @saved_cs_client */;

--
-- Dumping data for table `index_ideathumbup`
--

LOCK TABLES `index_ideathumbup` WRITE;
/*!40000 ALTER TABLE `index_ideathumbup` DISABLE KEYS */;
INSERT INTO `index_ideathumbup` VALUES (3,6,7),(5,23,10),(6,1,10),(7,24,10),(8,24,11),(9,25,12),(10,26,12),(11,1,11),(13,16,11),(16,1,12),(18,7,10),(21,7,11),(22,7,19),(23,7,21),(24,7,20),(25,2,23),(26,2,22),(27,2,21),(28,2,20),(29,8,24),(30,8,23),(31,8,22),(32,8,21),(33,8,20),(34,8,12),(35,33,24),(36,33,23),(37,33,22),(38,33,21),(39,33,20),(40,35,25),(41,37,20),(42,34,20),(43,34,19),(44,7,30),(45,35,20),(46,35,19);
/*!40000 ALTER TABLE `index_ideathumbup` ENABLE KEYS */;
UNLOCK TABLES;

--
-- Table structure for table `index_person`
--

DROP TABLE IF EXISTS `index_person`;
/*!40101 SET @saved_cs_client     = @@character_set_client */;
/*!40101 SET character_set_client = utf8 */;
CREATE TABLE `index_person` (
  `personID` int(11) NOT NULL AUTO_INCREMENT,
  `personName` varchar(30) NOT NULL,
  `personPassword` varchar(128) NOT NULL,
  `personMobile` varchar(20) NOT NULL,
  `personEmail` varchar(50) NOT NULL,
  `personImage` varchar(100) NOT NULL,
  `personInfo` varchar(100) DEFAULT NULL,
  `personSex` varchar(5) DEFAULT NULL,
  `isActive` tinyint(1) NOT NULL,
  `enrollDate` datetime(6) NOT NULL,
  PRIMARY KEY (`personID`)
) ENGINE=InnoDB AUTO_INCREMENT=41 DEFAULT CHARSET=utf8;
/*!40101 SET character_set_client = @saved_cs_client */;

--
-- Dumping data for table `index_person`
--

LOCK TABLES `index_person` WRITE;
/*!40000 ALTER TABLE `index_person` DISABLE KEYS */;
INSERT INTO `index_person` VALUES (1,'pip','pbkdf2_sha256$20000$0OXXZRg08btq$N6FC9KylOqEZDs1uGj1BJvV+OVlOrRn4PmqmWnBK7Os=','255555','pip@git.com','/static/imgs/userhead/1-1-270x270-52-HF73PYWP_ZyjgyjL.jpg','我是苹果','男',1,'2018-07-05 00:47:06.565107'),(2,'听雪','pbkdf2_sha256$20000$3bV0cq9CzASd$HSIBzbGADtKUqhyWj7naKKpDZ09+mS3Ava22I6RNKTY=','18811112222','tingxue@163.com','/static/imgs/userhead/2-login.jpg','飘呀飘','女',1,'2018-07-05 09:15:56.316211'),(3,'柚子','pbkdf2_sha256$20000$n2VtXD60rduo$fTYxRRlhDQq6rUhr8UHBrw4dmze6AyybFXY8MMPO1/U=','18800001111','youzi@163.com','/static/imgs/123.jpg','柚子柚子柚子',NULL,1,'2018-07-09 12:04:16.201202'),(4,'tom','pbkdf2_sha256$20000$0uvhYwyYV43C$KsffRWOQ3vxZACPbrIPJQCqysj9RzGGMqp+zCEvA+YM=','123','123@qq.com','/imgs/head.png','我是古天乐。',NULL,1,'2018-07-09 14:32:56.973603'),(5,' C莫儿','pbkdf2_sha256$20000$zNxymfu1Yv7X$aLn5jij2vGhqDuEKWnQF4jJDShZTSUc8aM9oQR1pxZU=','18821657609','1751260335@qq.com','/static/imgs/2.jpeg','lalala~',NULL,1,'2018-07-09 14:34:39.794309'),(6,'Lucky_mgf','pbkdf2_sha256$20000$hVbgoeJ5HWhE$o8sqk3y6gcV8IGcCQFnWzliofEW/rvl4ubuXjs4IVtg=','18821657609','1751260335@qq.com','/static/imgs/userhead/6-1.jpg','lalala','女',1,'2018-07-09 14:46:17.712258'),(7,'宝宝','pbkdf2_sha256$20000$LXgDRmYKDwiW$EhtHE8LfP8gUQW8HUX3vfW04FrBt9CjUqkoKj373+y4=','13612111211','baobao@qq.com','/static/imgs/baobao.jpg','好喜欢果果','女',1,'2018-07-09 14:54:20.754896'),(8,'果果','pbkdf2_sha256$20000$EuAvi7tsnqv4$HbYZp73JZF4PuvQIOWJUsplqJPkdC5Ry6+VNZPyzck8=','13613111311','guoguo@163.com','/static/imgs/guoguo.jpg','好喜欢宝宝','女',1,'2018-07-09 14:57:07.704432'),(9,'wxz','pbkdf2_sha256$20000$FjPzXjt4yZ8g$TzVy/cjkHu0RzXbTV8v31cOjTDyKj+df8/jXJHl2gS8=','111111','111111@qq.com','/static/imgs/userhead/9-1.jpg','我是古天乐。',NULL,1,'2018-07-11 14:38:05.840410'),(10,'何钦尧','pbkdf2_sha256$20000$CqO2ZIiU8Xz5$f413Tlm3RrIKQexbjWBtq/LVRHT7gwhoMHJxTkeMRZc=','18558964235','fdsalge@hotmail.com','/static/imgs/userhead/10-2.png','哥伦比亚大学计算机科学硕士在读。\r\n清华大学计算机系本科毕业生。','男',1,'2018-07-11 15:36:25.069145'),(11,'王赟 Maigo','pbkdf2_sha256$20000$8d4zmV8eDVSW$Qn3kHA9NZPSNWNGBlH/Wk61KoSNVrfw+3/gy1tpMPGk=','15668946352','yundl@foxmail.com','/static/imgs/userhead/11-4.png','It takes me a season to understand a season.',NULL,1,'2018-07-11 15:38:47.601303'),(12,'周博磊','pbkdf2_sha256$20000$KG0A3vS1zgff$23o3S+wyrPEiDkdt2zr1BJWN7VsEKGdNHhHAHEU5AFc=','14556325987','zhoubolei@hotmail.com','/static/imgs/userhead/12-3.png','I just get my Ph.D. in CSAIL at MIT, advised by Prof. Antonio Torralba',NULL,1,'2018-07-11 15:39:26.017052'),(13,'文刀叉点','pbkdf2_sha256$20000$9i29TEB8EZzU$kggVswW1buS6FMhVWj3O/gWqYvHG0HB/ew+sDhRrKjA=','1336549875','wendao@hotmail.com','/imgs/head.png','Your internal mediocrity is the moment when you lost the faith of being excellent',NULL,1,'2018-07-11 15:40:27.670075'),(14,'Jacky Yang','pbkdf2_sha256$20000$wJ2EfbJ7D5HK$zWqxfGhGwFruqfzUeRsjUUAK6G4oYvHTRWdrrQCIvg4=','17885462359','qwesx@hotmail.com','/imgs/head.png','毕业于北方交通大学试点班（由电信，计算机及电气工程三个系中选出的22名优秀生组成）',NULL,1,'2018-07-11 15:40:58.064058'),(15,'卢策吾','pbkdf2_sha256$20000$TI1FVd69CWSu$r/PLmaLPfR3KNUHTqqyFr+O/21xZ0OJHnbjI991Pd8M=','14552365987','gregh@hotmail.com','/static/imgs/userhead/15-543.png','我的实验室有一个专门组（十人左右）做增强学习和机器人，学生录了一个粗略视频',NULL,1,'2018-07-11 15:41:41.667276'),(16,'微软亚洲研究院','pbkdf2_sha256$20000$FjNc7W8r7TxF$cNJBXPHpM8jEth10XT3cfLwSEFFgN2/7iXabqSqTxM8=','8745263669','msresearch@hotmail.com','/static/imgs/userhead/16-45.png','专注科研19年，盛产黑科技. 微软（中国）有限公司',NULL,1,'2018-07-11 15:42:11.014727'),(17,'Gashero','pbkdf2_sha256$20000$6Qz75BZK0t3d$g1Vhdgt/UOGszVqyziZfAtapRT5IGD33bqrmzli2kbE=','124458796523','548125487@hotmail.com','/imgs/head.png','做了12年工程师，知识面广，动手能力强。BH1TPC',NULL,1,'2018-07-11 15:42:40.064222'),(18,'王小龙','pbkdf2_sha256$20000$fuzlS2fLSZaH$iF/y3S/pnScge8Yto+rOosC0FHFoCmLSK//JBuIhm/8=','1336542879','78452169@hotmail.com','/static/imgs/userhead/18-543.png','上周末我参加了一个闭门论坛，半桌子期货界的大佬，半桌子搞区块链的年轻人。',NULL,1,'2018-07-11 15:43:08.363523'),(19,'梁亦聪','pbkdf2_sha256$20000$I0lA63tpmW0a$W0jNY7D2UTuVaYRx/UGUQAf3E9RGMlRsJXtOYB9MaI8=','18669587654','fdfg879@hotmail.com','/imgs/head.png','腾讯 • 算法工程师\r\n教育经历\r\n清华大学 • 人工智能\r\n个人简介\r\n骄傲以固本 虚心以开源\r\n',NULL,1,'2018-07-11 15:43:42.561490'),(20,'sjming','pbkdf2_sha256$20000$eVIC86p8UOek$iiYbc3Ewk1+3NAd0KD0GWHwy2x0nXU/8JzI4g/Och8Y=','1874552634','eqwr8877@hotmail.com','/imgs/head.png','个性签名：Blog: http://blog.csdn.net/u014451076\r\nQQ Group for Semantic Segmentation: 704803384\r\n',NULL,1,'2018-07-11 15:44:15.967321'),(21,'计算机视觉life','pbkdf2_sha256$20000$U9KGjHj7WGQg$lWpvHRfyO9TSVqgtNhZsFvMexxbU14Z/SWGoD3itwv8=','18445965236','qwe44552@hotmail.com','/static/imgs/userhead/21-1.png','计算机视觉 / 人工智能 相关技术干货、产业理解',NULL,1,'2018-07-11 15:44:47.309937'),(22,' 罗浩.ZJU','pbkdf2_sha256$20000$LyqL59qgZLfy$0fPIHg+MEbWh0Bo58Y9d5C+EvyXzcJmDX2ktAT7Jrr0=','18745681265','1547896335@qq.com','/static/imgs/userhead/22-3.jpeg','才半页，早晨已变得古老。','男',1,'2018-07-11 15:47:47.820556'),(23,' 王晋东不在家','pbkdf2_sha256$20000$llZDdxw3IVCk$kZhf0A1BBctJZd7rGJjTvYzu+SkB8Pdha/i3Pe8BuJw=','18658796325','1547889652@qq.com','/static/imgs/userhead/23-10.png','勇气就是压力下的优雅。','女',1,'2018-07-11 16:06:22.481774'),(24,'Shusen Wang','pbkdf2_sha256$20000$7gHuuZwzCJo0$5LkvdLCaGYHpMBvaoZwi9ClDWx/Xf5+ObH0iWnsXm48=','18589216325','6987889652@qq.com','/static/imgs/userhead/24-头像1.jpg','在错误面前，个性是那么渺小和无力。','女',1,'2018-07-11 16:10:38.374029'),(25,' 林达华','pbkdf2_sha256$20000$skNfxVJPTkyq$JrbrpoQ+k6kMA6emNBsP3sASstiCTvwYPDy1PD23gqs=','18589546325','3587848952@qq.com','/static/imgs/userhead/25-6.jpg','当我们藏起伤口，我们从一个人，退缩到一个带壳的生命。','男',1,'2018-07-11 16:14:49.459965'),(26,'乌蝇哥','pbkdf2_sha256$20000$LbeQGl7PTrv2$iSP3ycovfE3oOu7MkrKZLqNTBE+0/4l6DexOViS0WTw=','11223344','11223344@qq.com','/static/imgs/userhead/26-timg.jpg','我是乌蝇哥。','男',1,'2018-07-11 16:25:09.623586'),(27,'Lucky','pbkdf2_sha256$20000$dkOb60W3AZlo$KiQljNZi3JEMAZb27rQX+vwqtphOF2BODnO3bdmP5OM=','18821657609','1751265889@qq.com','/static/imgs/userhead/27-15.jpg','I am Lucky','女',1,'2018-07-11 17:13:46.165688'),(33,'白鹿','pbkdf2_sha256$20000$1R0jgNaGHoQw$OqUDhCC8cJcLynl3tidfCbYv4ln9t/L2estXNrRhrc8=','12345678933','12345678933@163.com','/static/imgs/userhead/33-55532.jpg','你是一树一树的花开，是燕在梁间呢喃。你是爱，是暖，是希望，你是人间的四月天。','女',1,'2018-07-12 10:09:04.210184'),(34,'安歌','pbkdf2_sha256$20000$k8JMMIZpSGCW$6XBJhK2UJ98AO5rBsgIozlt77RjRIuk3eoUJgGmjZok=','18811022102','ange11@163.com','/static/imgs/userhead/34-556655.jpg','酒不醉人，人自醉','女',1,'2018-07-12 10:12:39.928061'),(35,'琬琰','pbkdf2_sha256$20000$64EFrEzX9gPC$S4+mJB1kBai4H6iJL3x5hU2YpGF/TPYj8giQbaMyrT4=','18811032103','wanyan@163.com','/static/imgs/userhead/35-22222.jpg','一笑天下醉，回眸尽落殇，丛丛人海无熟影，落雨红尘无破晓','女',1,'2018-07-12 10:14:16.387028'),(36,'鸢尾花','pbkdf2_sha256$20000$6MgwmRYlnDG1$TGPthJyigf8OTemHylC/LEbsRHHSMwYQivSFOOxR3uM=','18811042104','yuanweihua@163.com','/static/imgs/userhead/36-24356.jpg','生如夏花。',NULL,1,'2018-07-12 10:16:42.372150'),(37,'流霜','pbkdf2_sha256$20000$DfUIeiuwEpvh$0giyql8ImIhPsKE7xahQNvk0RIbBQvgH+MTzROvr9n0=','18811062106','liushuang@163.com','/static/imgs/userhead/37-7667.jpg','沉伦锦年只如初见，岁月静好生生欢颜',NULL,1,'2018-07-12 10:19:08.391213'),(38,'寸上珠','pbkdf2_sha256$20000$DwjeF36KAOoa$Ox4FvGP16FPdt4uFOzUvh6hr8OntjRl6Rq3Ksvdh6LE=','18811052105','cunshangzhu@163.com','/static/imgs/userhead/38-8798.jpg','秋末，季末，秋菊凋','女',1,'2018-07-12 10:21:53.951209'),(39,'jile','pbkdf2_sha256$20000$FOZkByA4z5uf$zmPnFVD+39W1mPhX+Z7IqiOZ2SBmOITYb5S3mmuF89E=','18392452486','rensss@gmail.com','/static/imgs/userhead/default.png','我在GitSpace。',NULL,1,'2018-07-13 10:45:12.773659'),(40,'jile1','pbkdf2_sha256$20000$KqgbtTUK7zU3$bWZ3Uti/lgObC5mH095ZPReniCahjHaSnjtXRJn1JPQ=','18392452436','ssss@gmail.com','/static/imgs/userhead/default.png','我在GitSpace。',NULL,1,'2018-07-13 11:11:14.061930');
/*!40000 ALTER TABLE `index_person` ENABLE KEYS */;
UNLOCK TABLES;

--
-- Table structure for table `index_personfollow`
--

DROP TABLE IF EXISTS `index_personfollow`;
/*!40101 SET @saved_cs_client     = @@character_set_client */;
/*!40101 SET character_set_client = utf8 */;
CREATE TABLE `index_personfollow` (
  `id` int(11) NOT NULL AUTO_INCREMENT,
  `follower_id` int(11) NOT NULL,
  `followee_id` int(11) NOT NULL,
  PRIMARY KEY (`id`),
  KEY `index_pers_follower_id_5abcd1c54476dc24_fk_index_person_personID` (`follower_id`),
  KEY `index_pers_followee_id_7418a30f2b4f090e_fk_index_person_personID` (`followee_id`),
  CONSTRAINT `index_pers_followee_id_7418a30f2b4f090e_fk_index_person_personID` FOREIGN KEY (`followee_id`) REFERENCES `index_person` (`personID`),
  CONSTRAINT `index_pers_follower_id_5abcd1c54476dc24_fk_index_person_personID` FOREIGN KEY (`follower_id`) REFERENCES `index_person` (`personID`)
) ENGINE=InnoDB AUTO_INCREMENT=57 DEFAULT CHARSET=utf8;
/*!40101 SET character_set_client = @saved_cs_client */;

--
-- Dumping data for table `index_personfollow`
--

LOCK TABLES `index_personfollow` WRITE;
/*!40000 ALTER TABLE `index_personfollow` DISABLE KEYS */;
INSERT INTO `index_personfollow` VALUES (10,3,1),(11,3,2),(12,4,2),(13,8,7),(14,7,8),(15,8,3),(17,6,3),(18,6,8),(19,7,6),(20,1,2),(23,6,2),(24,9,6),(25,1,23),(26,1,24),(27,6,25),(28,26,25),(29,11,10),(30,11,18),(32,11,15),(33,11,16),(34,26,11),(35,26,16),(36,11,24),(37,11,25),(38,26,27),(42,2,6),(43,9,1),(44,9,25),(45,1,27),(47,1,6),(48,2,1),(49,27,15),(50,27,1),(51,27,25),(53,33,35),(54,1,33),(55,27,24),(56,9,2);
/*!40000 ALTER TABLE `index_personfollow` ENABLE KEYS */;
UNLOCK TABLES;
/*!40103 SET TIME_ZONE=@OLD_TIME_ZONE */;

/*!40101 SET SQL_MODE=@OLD_SQL_MODE */;
/*!40014 SET FOREIGN_KEY_CHECKS=@OLD_FOREIGN_KEY_CHECKS */;
/*!40014 SET UNIQUE_CHECKS=@OLD_UNIQUE_CHECKS */;
/*!40101 SET CHARACTER_SET_CLIENT=@OLD_CHARACTER_SET_CLIENT */;
/*!40101 SET CHARACTER_SET_RESULTS=@OLD_CHARACTER_SET_RESULTS */;
/*!40101 SET COLLATION_CONNECTION=@OLD_COLLATION_CONNECTION */;
/*!40111 SET SQL_NOTES=@OLD_SQL_NOTES */;

-- Dump completed on 2018-07-13 16:29:23
